customer_id,tenure_months,avg_monthly_transactions,avg_transaction_amount_usd,days_since_last_transaction,support_tickets_last_90d,avg_satisfaction_score,used_promo_code,referred_by_friend,country,device,churned
501710,10,2.68,267.06,19,0,,0,0,Mexico,iOS,0
502921,12,1.64,134.85,39,0,,1,0,Colombia,Android,0
505660,24,9.79,431.44,38,3,7.4,0,0,Mexico,iOS,0
501371,11,5.23,256.59,49,0,,0,0,Mexico,Android,0
503477,19,4.24,303.7,18,0,,0,0,Colombia,iOS,0
505866,10,6.05,97.4,25,0,,1,0,Mexico,Android,0
504662,22,2.58,125.3,25,0,,1,1,Espana,iOS,0
502410,14,2.67,386.41,21,0,,0,0,Mexico,iOS,0
502714,3,5.54,339.41,33,1,5.5,1,0,Mexico,Android,0
505913,3,2.47,358.86,11,1,8.2,1,0,Republica Dominicana,Android,0
500362,14,8.97,114.79,20,1,4.0,0,1,Peru,Android,0
500877,31,2.1,298.59,14,0,,0,0,Colombia,Android,0
502832,6,1.2,200.38,39,0,,0,0,Chile,Android,0
505616,20,5.87,445.11,21,0,,0,0,Mexico,Android,0
505639,4,0.92,121.12,34,0,,0,0,Peru,Android,0
505104,15,0.94,217.2,31,1,7.0,1,0,Espana,iOS,1
502819,5,0.46,387.49,32,0,,0,0,Panama,iOS,0
502053,10,0.5,290.3,18,0,,0,0,Espana,iOS,0
505739,1,1.92,284.88,14,1,5.2,1,0,Republica Dominicana,Android,0
503726,12,6.35,508.14,8,1,7.4,0,0,Espana,Android,0
505724,17,3.58,556.17,32,1,10.0,0,0,Chile,Android,0
503978,26,4.42,68.24,31,1,6.6,0,0,Colombia,Android,0
500422,17,2.88,218.03,53,0,,1,0,Argentina,Android,0
502809,9,1.04,948.61,124,0,,0,0,Mexico,Android,1
502848,25,2.57,447.32,21,2,6.6,0,0,Chile,iOS,0
503265,4,8.57,235.22,44,1,6.6,0,0,Espana,Android,0
504641,13,1.85,90.6,24,0,,0,0,Espana,iOS,0
505413,8,2.78,376.68,28,1,5.2,0,0,Colombia,iOS,1
501737,1,1.36,169.61,80,0,,0,0,Republica Dominicana,Android,1
504240,20,1.79,374.78,11,0,,1,1,Panama,Android,0
500123,15,1.75,301.07,34,1,8.4,0,0,Argentina,Android,0
501483,4,9.56,437.66,78,0,,0,1,Peru,iOS,0
500638,12,1.54,442.73,40,2,5.6,1,1,Panama,Android,0
504187,19,4.84,359.67,61,2,5.4,0,0,Espana,Android,0
505483,41,8.94,100.24,42,0,,1,1,Chile,iOS,0
501232,25,2.36,722.58,65,0,,1,0,Mexico,Android,0
501346,16,1.91,532.58,35,0,,0,0,Chile,Android,1
505706,6,2.76,306.05,27,0,,1,1,Chile,Android,0
501564,10,3.07,233.04,5,0,,1,0,Mexico,Android,0
500181,16,1.79,273.63,35,0,,1,0,Mexico,iOS,0
501629,8,6.17,122.93,7,2,6.4,0,0,Republica Dominicana,Android,0
501425,19,6.86,93.08,20,1,5.9,0,0,Espana,iOS,0
501494,11,4.49,195.89,11,2,9.1,0,0,Espana,iOS,0
504842,9,3.27,300.73,73,0,,1,0,Espana,Android,0
502311,8,2.7,120.86,48,1,6.8,1,1,Mexico,Android,0
503773,6,1.44,284.25,6,1,6.2,1,1,Colombia,iOS,0
503729,3,3.96,56.46,6,1,10.0,0,1,Mexico,Android,0
503054,19,1.53,88.33,17,0,,0,1,Mexico,Android,0
504338,8,8.08,194.72,8,1,8.1,0,0,Chile,Android,0
501242,6,3.08,198.27,44,0,,1,1,Mexico,Android,0
502284,8,3.12,195.47,46,1,7.8,1,0,Peru,Android,1
501575,19,5.11,176.65,34,0,,0,0,Republica Dominicana,Android,0
501699,8,1.55,113.73,51,2,6.6,1,1,Espana,Android,0
502090,14,4.52,391.5,119,1,5.7,0,0,Mexico,Android,1
501087,20,3.15,565.83,73,1,5.5,0,0,Peru,iOS,0
500270,4,2.84,526.12,2,0,,1,0,Republica Dominicana,Android,0
504312,18,2.3,113.82,7,0,,0,0,Mexico,Android,0
501147,2,0.47,382.4,42,0,,0,0,Espana,Android,0
502338,5,1.08,368.55,13,0,,0,0,Colombia,Android,0
503904,3,4.68,238.41,38,0,,1,0,Colombia,iOS,0
501654,18,1.2,133.89,18,1,8.2,1,0,Colombia,Android,0
502608,14,5.8,404.96,23,0,,0,0,Mexico,Android,0
505638,11,0.53,286.93,46,1,7.7,1,1,Chile,Android,1
503259,1,1.13,92.64,84,0,,0,0,Colombia,Android,0
504982,12,1.25,244.73,5,1,8.2,1,0,Chile,Android,0
504548,2,0.98,82.73,41,1,7.9,0,1,Chile,iOS,1
500363,4,0.53,298.22,12,0,,0,0,Espana,Android,0
503230,33,2.26,416.41,35,2,6.2,0,0,Mexico,Android,1
501582,11,0.61,199.19,49,0,,0,1,Peru,Android,0
503629,3,2.7,228.3,18,0,,1,0,Espana,iOS,0
504847,7,3.26,169.95,14,1,7.9,1,0,Peru,iOS,0
505063,7,4.22,760.05,85,0,,0,1,Espana,Android,0
504656,17,2.4,66.47,25,0,,1,0,Colombia,Android,1
500703,14,1.21,463.12,21,1,3.1,0,1,Espana,Android,0
501518,18,6.36,98.97,86,0,,0,0,Mexico,iOS,0
503772,8,2.65,369.64,29,1,5.7,0,0,Mexico,iOS,1
502128,20,1.84,304.25,58,0,,0,0,Chile,Android,0
505023,31,1.17,68.22,78,0,,0,0,Republica Dominicana,Android,0
500030,15,2.25,604.86,10,0,,1,0,Colombia,Android,0
505136,10,5.92,309.51,26,0,,0,0,Argentina,Android,1
504710,12,1.58,226.83,63,0,,1,0,Mexico,Android,1
505813,13,2.87,191.78,4,0,,0,0,Colombia,iOS,0
505734,7,2.66,228.07,125,1,4.5,0,0,Mexico,Android,1
501286,14,1.83,283.96,33,0,,0,0,Colombia,iOS,0
501614,5,0.67,180.69,41,0,,0,0,Chile,iOS,0
500907,16,0.81,263.6,34,1,9.6,0,0,Colombia,iOS,0
501441,19,1.08,180.56,40,1,5.5,0,0,Mexico,iOS,0
500932,10,3.09,605.4,20,1,5.8,0,0,Peru,iOS,1
502753,27,1.27,472.53,18,0,,0,0,Argentina,iOS,0
503099,2,2.26,256.86,23,0,,0,0,Colombia,Android,0
501801,16,3.66,134.97,50,1,5.9,1,0,Panama,iOS,0
505330,7,1.17,123.47,16,1,5.2,1,1,Argentina,Android,0
500316,8,1.22,15.0,72,1,7.1,1,0,Mexico,Android,0
503390,5,3.84,86.89,29,0,,0,0,Mexico,iOS,0
501601,9,3.24,379.88,25,1,9.1,1,0,Espana,Android,0
505731,30,0.53,160.02,10,0,,0,1,Panama,Android,0
501944,15,6.31,588.81,16,0,,0,0,Mexico,iOS,1
503187,11,0.75,224.48,33,0,,1,0,Chile,Android,0
505672,14,1.64,99.27,50,2,8.9,1,1,Colombia,Android,1
501099,11,3.97,386.44,3,0,,1,0,Colombia,iOS,0
502730,22,4.41,220.77,52,0,,0,1,Chile,iOS,1
501358,6,6.88,538.46,1,3,7.8,0,0,Espana,Android,0
501706,5,0.77,508.32,16,0,,0,0,Mexico,iOS,0
504599,35,5.63,139.94,19,1,6.2,0,0,Argentina,Android,0
501367,5,2.1,277.43,51,1,3.6,0,0,Espana,Android,0
501649,4,2.78,272.19,9,0,,1,0,Republica Dominicana,iOS,0
501041,22,0.66,206.44,32,3,6.3,0,0,Colombia,Android,1
505001,23,1.5,200.82,12,1,7.1,1,1,Republica Dominicana,Android,0
504788,4,2.88,434.33,70,0,,0,0,Chile,Android,0
503526,5,1.8,143.31,12,1,8.9,0,0,Mexico,iOS,0
502713,12,2.9,184.76,17,0,,0,0,Mexico,iOS,0
504883,9,3.83,69.97,39,1,8.2,1,1,Mexico,Android,0
505057,32,6.46,379.84,9,0,,1,0,Chile,iOS,0
505165,20,8.05,432.96,9,1,4.6,0,0,Colombia,Android,0
503314,12,1.38,210.27,10,0,,0,0,Argentina,Android,0
500061,6,6.2,144.64,8,0,,0,0,Mexico,Android,0
504694,14,2.27,190.01,36,1,6.0,0,0,Espana,Android,1
501905,2,0.79,480.29,2,1,7.7,0,0,Colombia,Android,0
500837,5,1.52,278.16,56,0,,0,0,Mexico,Android,0
504167,21,4.59,259.04,68,1,6.1,1,0,Argentina,iOS,0
500702,19,1.88,379.04,24,0,,1,1,Espana,Android,0
505123,5,3.32,347.04,18,0,,0,0,Chile,Android,0
504037,5,0.81,124.53,26,0,,1,0,Mexico,Android,0
500839,4,2.83,584.22,30,1,5.3,0,0,Espana,iOS,1
500626,4,0.1,217.59,48,2,5.0,0,0,Espana,Android,1
504767,11,3.03,609.85,82,1,10.0,1,1,Panama,Android,0
502136,15,1.8,104.87,17,4,8.9,1,0,Chile,Android,0
503828,3,1.52,111.23,44,0,,1,0,Mexico,Android,0
505750,14,3.59,206.51,52,0,,0,0,Colombia,Android,0
505858,14,1.04,231.13,32,1,10.0,0,0,Argentina,Android,0
504421,29,0.82,243.31,75,0,,0,0,Colombia,Android,0
504952,16,0.9,232.3,23,1,9.5,0,0,Espana,iOS,0
504445,14,1.58,168.46,26,0,,0,0,Republica Dominicana,iOS,0
503015,20,3.74,263.51,19,0,,0,1,Chile,Android,0
501247,12,5.85,167.31,19,0,,1,1,Espana,iOS,0
505186,42,4.44,468.83,27,1,8.8,1,0,Espana,Android,0
505710,17,1.55,156.8,22,1,6.9,0,0,Espana,Android,0
500835,19,3.25,276.58,44,0,,1,0,Espana,iOS,0
504130,12,2.2,231.41,36,0,,0,0,Mexico,Android,1
501002,13,4.04,297.37,46,0,,0,0,Argentina,iOS,1
502934,24,1.67,194.85,5,0,,1,0,Peru,iOS,0
502747,11,3.13,177.61,178,0,,1,1,Mexico,Android,0
502028,6,2.58,170.49,20,0,,0,0,Panama,Android,0
502861,21,2.0,102.13,12,0,,0,0,Colombia,Android,0
502743,20,1.91,234.36,11,0,,0,0,Republica Dominicana,Android,0
504020,5,1.88,226.97,160,1,5.7,0,0,Republica Dominicana,Android,1
503217,5,1.65,296.77,25,2,6.8,0,0,Panama,iOS,0
503489,6,3.18,171.24,55,0,,0,0,Panama,iOS,1
503429,38,3.35,107.17,24,0,,0,1,Chile,iOS,0
502640,19,2.02,100.41,80,1,9.4,0,0,Colombia,Android,1
501264,8,0.97,138.32,9,5,7.1,1,0,Espana,Android,1
500660,12,2.19,270.71,3,1,5.6,0,0,Argentina,Android,0
504835,22,1.35,417.69,22,0,,0,0,Peru,Android,1
500965,17,2.93,159.55,20,2,5.7,1,0,Espana,iOS,0
503089,14,5.89,309.18,32,1,6.3,1,0,Peru,iOS,0
503358,14,0.19,323.01,35,0,,1,0,Colombia,iOS,0
504585,16,7.9,60.04,75,1,6.8,1,0,Espana,iOS,0
500160,11,1.53,264.19,6,0,,1,0,Panama,Android,0
502622,3,1.6,286.49,51,1,9.6,0,0,Republica Dominicana,Android,1
500257,5,4.12,588.83,20,0,,1,0,Espana,Android,0
503927,3,0.51,227.26,81,0,,0,0,Espana,Android,0
500515,6,1.21,731.24,5,0,,1,1,Mexico,Android,0
501126,4,1.02,605.16,59,1,7.5,0,0,Republica Dominicana,Android,0
501571,12,1.34,380.38,70,0,,0,1,Mexico,iOS,1
500412,46,3.47,722.69,23,1,6.6,1,1,Espana,Android,0
503755,9,4.05,64.87,9,1,8.2,0,0,Chile,iOS,0
502563,11,4.09,33.14,9,0,,1,0,Colombia,Android,0
502249,10,6.39,226.54,26,0,,1,0,Espana,Android,0
504378,12,0.29,346.34,51,1,5.5,1,0,Chile,Android,1
500913,7,0.5,80.37,15,0,,0,0,Chile,iOS,1
504692,17,1.01,243.68,89,2,3.7,0,0,Colombia,iOS,1
501022,24,2.42,65.48,16,1,5.7,0,0,Peru,iOS,0
505498,11,2.74,510.14,27,1,9.1,0,0,Peru,Android,0
500620,23,4.4,176.17,22,1,7.9,0,0,Mexico,Android,0
500303,22,1.2,232.56,74,1,10.0,1,0,Mexico,iOS,0
503209,11,4.07,79.62,30,1,7.8,0,0,Espana,Android,0
505542,10,6.84,228.86,39,2,8.7,1,1,Mexico,Android,0
503300,11,1.0,78.61,23,0,,0,0,Mexico,iOS,0
504331,10,4.1,124.81,18,1,6.9,1,0,Republica Dominicana,iOS,0
501405,27,4.43,410.08,33,0,,1,0,Espana,Android,0
502440,17,2.26,54.63,11,1,8.1,0,0,Mexico,iOS,0
501313,7,2.18,361.49,11,2,4.7,0,0,Argentina,Android,1
501496,13,2.04,135.97,7,1,8.5,0,1,Mexico,Android,0
504265,17,3.28,185.47,12,2,4.1,0,1,Mexico,iOS,0
500368,31,1.8,149.25,65,2,7.1,1,0,Peru,iOS,0
501942,8,2.58,346.5,26,1,4.8,0,1,Argentina,Android,0
505583,4,3.25,263.45,7,1,7.1,1,0,Peru,iOS,0
505629,5,1.81,369.61,19,2,7.7,0,0,Panama,Android,0
503364,5,1.38,76.59,4,0,,0,0,Panama,iOS,0
504827,8,5.73,147.97,14,1,5.9,1,0,Republica Dominicana,Android,0
501648,22,3.16,236.7,67,0,,0,0,Panama,iOS,0
502610,30,0.52,169.79,25,1,4.7,0,0,Espana,Android,0
504935,6,1.86,265.24,24,1,5.3,0,0,Espana,iOS,0
502166,1,2.2,75.8,4,1,4.1,0,0,Colombia,Android,0
504005,14,2.12,195.85,41,0,,1,0,Panama,Android,0
502509,14,2.44,66.08,13,0,,0,0,Colombia,iOS,0
502589,1,7.71,154.01,79,0,,0,0,Mexico,Android,0
503597,18,1.92,335.98,5,0,,0,0,Peru,Android,0
503568,8,0.47,342.72,30,1,7.0,0,0,Espana,iOS,0
503295,29,0.5,190.9,87,1,5.6,0,0,Peru,Android,1
503594,15,3.57,214.32,10,0,,1,1,Colombia,Android,0
504518,4,1.35,270.02,68,0,,1,0,Espana,iOS,1
501921,20,1.16,275.87,45,0,,0,0,Mexico,iOS,0
503403,11,2.09,439.85,20,0,,0,0,Argentina,Android,0
505192,10,1.82,273.03,72,1,7.6,0,0,Chile,Android,0
501729,11,1.53,173.43,37,1,6.5,0,1,Republica Dominicana,iOS,0
500677,11,2.55,357.8,10,0,,0,0,Mexico,Android,0
500883,9,3.49,161.09,20,3,8.7,0,0,Espana,iOS,0
503745,6,4.6,265.13,56,1,8.6,0,1,Espana,iOS,0
501344,21,3.21,54.67,25,0,,1,1,Colombia,iOS,1
503699,19,1.7,299.47,87,2,8.2,1,0,Peru,Android,1
500049,23,4.37,139.21,44,0,,0,0,Peru,Android,0
503532,17,2.89,134.68,36,0,,0,0,Chile,iOS,0
503963,22,5.05,271.04,82,2,5.9,0,0,Chile,Android,0
500832,9,8.12,397.49,69,0,,1,1,Espana,Android,0
505623,17,1.42,78.34,38,0,,1,1,Espana,iOS,0
503642,27,1.8,224.47,11,2,6.4,0,1,Colombia,iOS,0
501142,8,7.16,159.79,5,0,,1,0,Peru,Android,0
503479,11,2.67,397.16,0,0,,0,0,Espana,Android,0
502871,23,3.74,149.92,18,1,8.5,0,0,Chile,iOS,0
503634,13,0.43,258.39,19,0,,0,0,Republica Dominicana,iOS,1
501802,34,0.71,248.07,39,1,8.5,1,0,Republica Dominicana,Android,0
500526,41,1.53,171.31,10,0,,1,0,Colombia,Android,0
503136,15,1.65,192.09,112,0,,0,0,Espana,Android,0
502067,34,1.51,553.48,12,1,6.1,1,1,Mexico,Android,0
502323,6,6.89,116.94,61,0,,1,1,Mexico,iOS,1
505947,5,0.88,107.47,23,0,,1,0,Mexico,iOS,1
503233,14,1.65,150.47,45,0,,0,0,Republica Dominicana,Android,0
504431,9,4.3,83.85,36,2,5.5,0,1,Argentina,iOS,0
505252,7,3.17,554.23,47,0,,0,0,Chile,Android,1
505560,5,1.61,585.42,25,1,4.7,1,1,Mexico,Android,0
504482,22,3.42,413.23,40,2,6.1,0,0,Colombia,Android,1
504856,15,1.24,255.95,20,0,,0,0,Peru,iOS,0
505088,5,2.73,53.18,16,2,6.5,1,0,Argentina,Android,0
505983,9,0.37,622.7,21,1,7.9,1,0,Chile,Android,0
501307,8,4.41,383.5,66,0,,1,0,Espana,Android,0
503971,27,0.84,110.64,42,0,,1,0,Chile,Android,0
503670,8,3.47,247.54,24,1,10.0,0,0,Panama,iOS,0
501013,11,1.23,518.9,8,1,10.0,0,0,Mexico,iOS,0
502707,28,1.09,324.6,27,3,7.6,1,0,Argentina,Android,0
502319,15,1.63,875.28,25,0,,0,0,Peru,iOS,1
503603,10,0.86,106.08,42,1,6.0,0,0,Mexico,iOS,0
504605,9,1.23,263.98,49,0,,0,0,Mexico,iOS,0
504677,21,1.05,495.28,14,0,,0,0,Mexico,Android,0
501091,25,0.92,373.26,74,0,,0,0,Espana,Android,1
504601,35,12.23,580.78,7,2,5.2,1,0,Panama,Android,0
500095,1,8.61,186.19,28,1,6.2,0,1,Peru,Android,0
500337,22,4.88,405.3,55,1,4.6,0,0,Panama,iOS,1
505455,9,2.92,140.08,43,1,7.3,0,1,Chile,iOS,0
502377,7,2.22,466.21,44,2,3.9,0,1,Mexico,Android,1
500727,13,0.72,863.58,21,1,5.8,1,0,Chile,Android,0
501947,13,1.78,62.99,3,0,,0,0,Espana,Android,0
504235,10,4.13,361.08,27,1,4.4,1,1,Mexico,Android,0
501760,18,1.96,150.53,19,0,,1,0,Colombia,Android,0
500929,11,3.15,153.47,7,2,8.4,1,1,Mexico,iOS,0
501696,14,1.93,183.39,49,0,,0,0,Chile,Android,0
500336,18,3.66,303.19,26,0,,0,0,Argentina,Android,0
502670,4,3.96,263.31,5,0,,0,1,Chile,iOS,0
500441,16,1.64,179.64,22,0,,1,0,Argentina,Android,0
501132,25,1.54,424.62,31,1,6.4,0,0,Mexico,Android,0
500598,9,4.49,94.01,23,1,7.5,0,0,Republica Dominicana,Android,1
502780,31,1.96,360.33,113,0,,0,1,Mexico,Android,0
502385,31,4.96,242.46,92,1,8.3,0,1,Mexico,Android,0
505446,8,4.49,516.33,24,0,,1,1,Peru,Android,0
503808,3,5.77,106.82,25,1,5.9,1,1,Republica Dominicana,Android,0
500558,26,2.07,79.91,171,0,,1,0,Panama,iOS,1
505837,8,2.03,69.85,52,0,,1,0,Panama,Android,0
502975,17,4.12,526.89,58,0,,0,0,Argentina,iOS,0
503354,21,1.92,126.51,38,0,,1,1,Mexico,Android,0
501973,3,1.32,225.97,27,1,5.4,0,0,Republica Dominicana,Android,0
501530,15,7.32,272.78,16,0,,0,0,Mexico,Android,0
501231,20,2.57,252.77,39,0,,0,0,Peru,Android,0
501331,19,0.73,86.96,10,0,,1,1,Mexico,Android,0
504412,9,3.03,177.08,24,1,8.1,0,0,Mexico,Android,1
501129,10,1.57,226.97,56,1,5.2,1,1,Espana,Android,0
505665,15,3.36,307.74,9,0,,1,1,Mexico,Android,0
501080,21,3.35,67.9,12,0,,0,0,Colombia,Android,0
505108,5,2.59,394.48,8,0,,0,0,Republica Dominicana,Android,0
503342,17,2.2,615.72,17,0,,0,1,Colombia,Android,0
500318,8,4.15,254.16,62,3,7.4,1,0,Colombia,Android,1
504776,10,7.46,165.94,18,0,,0,0,Mexico,iOS,0
505795,16,2.69,98.25,28,1,9.5,0,0,Espana,iOS,1
502409,9,0.54,325.87,69,0,,0,0,Colombia,Android,0
500438,8,1.74,112.91,41,0,,0,0,Espana,Android,0
503232,13,0.67,247.6,37,0,,0,1,Panama,Android,0
505867,32,0.74,204.93,52,3,8.5,1,0,Peru,Android,1
502172,9,5.58,146.43,35,0,,1,1,Argentina,Android,0
500107,2,0.92,311.94,19,2,7.3,0,0,Mexico,iOS,0
504726,8,3.31,542.89,146,0,,0,0,Argentina,Android,1
504291,15,2.14,686.8,49,0,,0,1,Panama,iOS,0
503272,5,0.9,309.69,54,3,8.5,1,0,Mexico,iOS,0
503801,8,1.28,213.52,41,0,,1,0,Espana,iOS,0
505334,15,10.35,321.4,47,0,,0,0,Colombia,iOS,0
502088,21,2.46,83.37,7,0,,1,0,Colombia,Android,0
501289,13,0.33,274.93,27,1,5.3,0,0,Colombia,Android,0
500476,7,1.42,152.07,46,0,,0,1,Espana,iOS,0
504606,18,5.53,46.52,44,2,5.3,0,0,Colombia,Android,0
500543,8,6.2,584.11,24,0,,1,0,Espana,Android,0
505284,17,0.83,218.39,31,0,,1,0,Republica Dominicana,iOS,0
504813,23,4.48,170.65,8,2,5.1,0,0,Argentina,Android,0
505304,32,1.53,108.26,19,1,7.0,0,1,Panama,Android,0
504389,22,3.65,307.32,64,1,5.2,0,0,Espana,Android,1
505832,14,2.51,363.24,42,0,,1,0,Colombia,Android,0
502118,11,0.47,195.69,26,0,,1,1,Mexico,iOS,0
503000,19,5.2,575.18,80,1,8.8,0,1,Colombia,iOS,0
504978,14,4.7,523.88,23,0,,0,0,Mexico,iOS,0
505830,1,0.35,66.28,32,0,,1,0,Argentina,iOS,0
501349,22,3.71,171.73,12,2,8.3,0,0,Espana,Android,0
503027,8,5.4,332.7,22,1,6.4,0,0,Espana,iOS,0
500716,8,6.9,81.9,12,1,8.5,0,1,Peru,iOS,0
505657,5,3.88,312.09,24,0,,0,1,Argentina,Android,0
501675,36,0.21,143.28,63,2,6.2,0,0,Argentina,Android,1
505718,14,2.05,118.77,113,0,,0,1,Peru,Android,0
502789,12,2.91,136.58,37,0,,1,0,Colombia,Android,0
503438,31,2.59,227.64,52,1,10.0,1,0,Espana,Android,0
502830,13,0.96,437.88,8,0,,1,1,Chile,iOS,0
503070,6,1.39,277.89,23,0,,1,0,Chile,Android,1
501550,19,4.19,187.89,6,0,,0,0,Mexico,iOS,0
502542,27,4.22,332.77,33,0,,1,1,Espana,Android,0
504664,7,3.01,30.55,101,0,,1,0,Colombia,iOS,1
502283,8,2.05,335.2,23,0,,0,0,Mexico,Android,0
500896,15,2.4,680.19,116,2,7.3,1,0,Mexico,iOS,1
505272,11,1.37,728.23,35,0,,0,1,Mexico,Android,0
500307,3,5.12,335.31,55,0,,0,0,Espana,iOS,0
504488,26,4.74,62.35,5,3,10.0,0,0,Argentina,iOS,0
501579,7,1.4,284.09,15,0,,0,0,Colombia,iOS,0
500044,16,6.28,188.44,29,1,9.4,0,0,Argentina,Android,1
503723,12,3.06,69.5,60,1,9.8,0,0,Espana,iOS,0
504050,22,5.87,97.07,15,1,7.2,1,0,Mexico,Android,0
500911,46,2.59,53.77,28,1,8.3,1,0,Mexico,Android,1
505251,43,5.7,324.1,44,0,,0,0,Colombia,iOS,0
505069,18,1.84,856.53,6,0,,1,0,Panama,Android,0
505211,1,1.39,475.92,19,1,8.7,1,0,Espana,Android,0
504576,25,2.83,451.75,51,1,4.8,0,0,Peru,iOS,0
500915,15,2.88,249.13,39,1,7.7,0,0,Republica Dominicana,iOS,0
503450,13,0.8,234.48,37,1,6.8,0,0,Mexico,Android,1
501849,2,1.56,378.84,24,1,7.0,0,0,Argentina,Android,0
504388,20,1.99,426.73,3,3,7.6,0,1,Espana,Android,0
504270,14,5.37,619.81,16,1,5.6,0,0,Espana,iOS,0
500227,13,1.32,251.91,34,0,,1,0,Mexico,iOS,0
501478,4,4.11,96.22,30,0,,1,1,Colombia,Android,0
501427,12,1.52,583.51,46,0,,0,1,Mexico,Android,0
501627,12,1.86,168.71,12,0,,0,0,Espana,Android,0
500955,9,4.69,469.21,16,0,,0,0,Peru,Android,0
503889,24,1.13,351.9,68,0,,1,0,Argentina,Android,1
505618,6,0.68,153.61,54,0,,0,0,Espana,Android,1
503146,5,1.22,118.17,11,1,6.7,0,0,Mexico,iOS,0
500177,4,3.92,340.52,36,0,,0,1,Panama,Android,0
503154,8,1.17,183.87,72,2,6.8,0,0,Republica Dominicana,Android,0
501732,12,3.29,305.8,30,1,10.0,0,0,Peru,Android,0
502758,21,2.95,317.63,26,0,,1,0,Mexico,iOS,0
504468,26,1.87,618.4,58,0,,1,1,Espana,Android,0
501292,27,0.7,28.65,54,0,,0,0,Peru,Android,0
503315,20,1.19,627.42,22,1,8.1,0,0,Republica Dominicana,iOS,0
500411,26,2.31,316.04,22,0,,0,0,Colombia,Android,0
505716,3,1.1,425.18,4,0,,0,0,Mexico,Android,0
500062,7,0.54,424.64,8,0,,1,0,Colombia,Android,0
504654,9,7.76,92.18,69,0,,0,0,Panama,Android,0
505046,49,1.25,160.5,28,0,,0,0,Republica Dominicana,Android,0
503986,8,3.75,316.37,2,0,,0,0,Espana,Android,0
503528,7,4.42,515.95,38,0,,0,1,Panama,iOS,0
501318,17,1.45,117.92,6,0,,1,0,Argentina,Android,0
501340,6,3.22,543.72,59,0,,0,0,Republica Dominicana,Android,1
504255,6,2.42,200.31,20,0,,0,0,Colombia,Android,0
503193,9,8.1,288.94,41,0,,0,1,Espana,iOS,0
505627,4,2.04,195.25,13,0,,0,0,Argentina,Android,0
500468,12,2.23,318.53,3,1,6.2,0,0,Mexico,iOS,1
503553,14,2.11,99.5,79,0,,0,0,Mexico,Android,1
502837,22,2.71,371.61,30,1,8.2,1,0,Peru,Android,0
501256,24,1.31,264.62,25,1,6.7,1,1,Chile,Android,0
503432,21,5.25,179.94,69,1,10.0,0,1,Chile,iOS,0
502002,11,3.22,197.99,17,1,6.9,0,0,Republica Dominicana,Android,0
505086,10,4.93,15.0,49,0,,0,1,Colombia,Android,0
503799,16,0.9,159.11,23,0,,1,0,Panama,iOS,0
501220,21,2.89,552.99,8,1,5.3,0,1,Argentina,Android,0
502297,3,2.54,201.95,14,0,,0,0,Colombia,Android,0
503908,16,0.93,385.16,48,0,,0,1,Republica Dominicana,Android,0
505792,10,1.07,363.63,70,0,,1,0,Chile,iOS,0
501239,19,0.33,251.13,31,2,4.0,0,0,Chile,Android,1
500489,24,0.87,519.15,142,1,5.7,0,0,Espana,Android,1
501628,8,1.1,142.44,28,1,5.0,0,0,Chile,Android,0
504913,26,1.17,344.33,16,0,,0,0,Mexico,iOS,0
505341,9,8.24,192.27,16,1,7.6,1,0,Republica Dominicana,Android,0
502606,21,2.61,93.67,16,1,6.9,0,0,Mexico,Android,0
502785,4,1.65,179.09,26,1,9.3,0,1,Chile,Android,0
504750,14,3.6,344.36,34,1,6.4,0,0,Colombia,iOS,0
501580,15,0.95,371.57,33,0,,0,0,Espana,Android,0
502853,8,2.2,99.88,26,1,8.4,0,1,Chile,iOS,0
503087,37,4.26,168.91,10,0,,0,0,Espana,iOS,0
505722,2,0.61,173.87,23,0,,1,0,Colombia,iOS,0
502273,25,7.36,165.13,24,0,,1,0,Panama,Android,0
505134,5,3.49,126.83,49,0,,0,0,Chile,Android,0
501645,14,3.9,148.25,26,1,6.1,0,0,Mexico,Android,0
501325,20,3.68,42.47,10,0,,0,1,Chile,Android,0
504985,7,0.88,387.55,41,0,,1,0,Espana,Android,0
500374,32,4.96,294.93,23,0,,0,0,Panama,iOS,0
500213,37,4.99,626.28,11,0,,0,0,Mexico,iOS,0
501382,3,2.59,215.46,65,0,,0,0,Republica Dominicana,Android,1
504341,2,4.3,121.9,18,0,,1,0,Republica Dominicana,iOS,0
504825,3,2.68,202.96,19,0,,0,1,Colombia,iOS,0
504541,5,2.27,38.76,53,0,,0,0,Colombia,Android,1
504526,16,3.85,655.24,31,1,5.3,1,0,Mexico,Android,0
503186,3,2.99,327.18,19,1,7.4,1,0,Mexico,Android,0
503059,6,1.98,132.97,6,0,,0,0,Colombia,iOS,0
503610,12,0.66,151.53,33,0,,1,0,Chile,Android,1
505641,40,1.51,404.0,48,0,,1,0,Colombia,iOS,0
504779,11,5.51,242.6,18,1,3.7,1,1,Republica Dominicana,Android,0
501107,3,2.87,277.68,26,0,,0,0,Chile,Android,0
504014,18,3.68,187.34,3,0,,0,0,Argentina,Android,1
504021,17,2.65,430.47,47,0,,1,1,Colombia,iOS,0
504922,9,3.99,289.58,24,0,,0,0,Panama,Android,0
505701,14,0.87,229.76,13,2,6.9,1,0,Mexico,iOS,0
505606,9,4.57,147.39,1,2,5.4,0,0,Mexico,iOS,0
500434,16,2.88,327.87,32,0,,1,1,Republica Dominicana,iOS,1
501565,21,0.56,66.23,6,1,4.0,0,0,Mexico,Android,1
503681,3,0.3,183.41,25,0,,1,0,Panama,Android,1
504729,17,3.4,355.49,24,0,,0,0,Chile,Android,0
501718,15,2.8,86.51,51,0,,1,1,Argentina,Android,0
503668,22,9.8,495.86,44,1,6.6,0,0,Mexico,Android,1
500480,19,4.74,261.94,10,2,5.3,1,0,Chile,Android,0
500149,13,1.56,372.18,37,0,,1,0,Mexico,Android,0
501600,4,1.22,306.56,112,0,,0,0,Colombia,iOS,0
503954,18,2.23,103.48,10,0,,1,0,Espana,Android,0
500273,23,0.26,426.34,22,0,,0,0,Panama,Android,0
504570,5,5.73,551.2,50,0,,0,0,Argentina,iOS,0
501716,10,0.55,721.97,12,0,,0,0,Mexico,Android,1
502123,16,2.8,257.2,20,1,6.7,0,0,Colombia,iOS,0
502910,18,2.26,76.68,36,2,8.5,1,0,Mexico,iOS,0
502996,9,4.48,839.92,108,0,,0,0,Colombia,Android,1
504079,16,0.59,99.26,34,0,,0,0,Espana,Android,0
505090,7,0.73,331.61,18,1,10.0,0,0,Mexico,Android,0
505310,12,1.83,165.26,7,0,,0,0,Peru,Android,0
501152,17,0.45,89.03,11,0,,0,0,Mexico,Android,0
505568,8,1.85,213.31,16,0,,0,0,Panama,iOS,0
501969,12,1.64,250.46,11,1,4.6,0,1,Espana,iOS,0
505256,4,2.31,422.72,52,0,,0,0,Mexico,Android,0
501330,7,2.72,162.23,10,0,,0,0,Argentina,Android,0
501958,2,3.29,291.95,4,1,9.4,1,0,Colombia,Android,1
505807,10,0.96,161.62,13,0,,1,0,Mexico,Android,0
503637,11,5.09,207.89,17,0,,0,1,Mexico,iOS,0
502838,13,1.36,348.66,39,2,4.6,0,0,Argentina,iOS,0
505760,2,1.38,304.51,29,1,6.9,0,0,Argentina,Android,0
505445,4,0.89,159.58,33,0,,0,1,Mexico,iOS,0
504506,9,1.41,409.06,48,0,,0,0,Espana,Android,1
500139,24,0.2,160.38,31,0,,0,0,Chile,Android,0
504402,7,1.41,179.51,27,0,,1,0,Espana,Android,0
500395,8,5.84,375.17,67,0,,0,0,Espana,Android,0
500188,11,1.73,348.29,14,0,,1,0,Republica Dominicana,Android,0
503911,10,2.49,67.58,64,2,6.2,0,0,Mexico,iOS,0
500724,6,4.17,133.66,3,3,6.7,0,1,Mexico,iOS,0
501370,5,3.22,720.26,27,0,,0,0,Panama,Android,0
500668,6,2.08,303.47,26,1,5.0,0,0,Argentina,Android,1
503786,3,6.33,118.54,26,1,8.3,1,1,Republica Dominicana,iOS,0
500643,38,2.22,166.69,12,0,,1,1,Mexico,Android,0
505249,10,0.86,253.95,29,0,,0,0,Chile,iOS,0
504889,4,4.35,405.94,25,3,8.2,0,1,Espana,Android,0
502200,26,1.15,315.28,15,0,,0,0,Espana,iOS,0
504645,1,1.81,205.56,14,0,,1,1,Mexico,Android,0
503251,8,1.14,100.15,17,1,9.5,0,0,Espana,iOS,0
503717,17,2.03,179.02,27,0,,0,0,Panama,iOS,1
503499,11,1.92,156.9,10,2,5.5,1,0,Chile,Android,1
503137,10,1.38,172.52,26,2,9.7,1,0,Peru,Android,0
503241,3,0.29,193.25,6,0,,0,0,Peru,Android,0
505853,7,0.85,531.49,98,3,7.1,1,0,Colombia,Android,1
504626,24,1.14,127.64,38,0,,0,0,Peru,iOS,0
500502,25,3.7,328.73,4,1,8.7,0,0,Colombia,iOS,0
503953,17,3.28,40.03,94,1,9.2,0,0,Colombia,Android,0
505860,22,1.36,688.38,19,0,,0,1,Colombia,Android,0
502652,27,1.65,398.69,13,0,,0,0,Peru,Android,1
500905,15,2.18,484.27,17,0,,1,1,Peru,Android,0
504789,31,10.57,362.83,115,1,5.2,1,0,Mexico,iOS,0
501618,11,2.15,222.42,26,1,6.1,0,0,Espana,Android,0
505556,20,8.26,264.12,41,1,8.8,0,0,Panama,iOS,0
504487,10,1.24,199.76,19,0,,0,1,Chile,Android,0
500957,17,0.49,286.58,30,2,7.3,0,1,Mexico,Android,0
504082,9,7.25,218.85,50,1,7.8,0,1,Argentina,Android,0
505125,10,5.24,231.51,8,1,3.4,0,0,Colombia,Android,0
502581,27,2.66,475.16,22,0,,0,1,Argentina,Android,0
505771,11,3.51,391.35,50,0,,0,0,Espana,iOS,1
501353,26,1.53,82.6,79,1,7.4,0,1,Colombia,Android,0
505632,16,1.45,326.18,15,0,,1,0,Argentina,iOS,0
502950,12,2.14,233.33,12,0,,1,1,Espana,Android,0
504451,15,2.13,227.33,47,1,6.2,0,0,Panama,Android,0
500771,28,2.34,472.7,58,0,,0,0,Espana,Android,1
503600,10,0.72,482.28,58,2,8.3,0,0,Mexico,iOS,1
504821,6,1.93,229.85,56,1,7.9,1,1,Colombia,Android,0
505991,23,0.89,261.26,17,0,,0,0,Espana,Android,0
505223,12,2.34,141.22,45,3,5.8,1,0,Peru,Android,1
501305,13,3.68,262.92,19,0,,1,0,Chile,iOS,0
503674,9,5.55,626.62,40,0,,1,0,Mexico,Android,0
501181,13,1.78,317.75,22,1,7.0,1,1,Chile,Android,1
503283,28,1.27,121.02,51,0,,1,0,Espana,Android,1
503544,11,0.37,63.49,20,2,5.6,1,0,Republica Dominicana,iOS,1
501829,60,4.89,285.56,18,3,5.9,0,0,Espana,Android,0
505040,18,7.24,301.19,93,1,5.3,0,0,Chile,Android,1
505754,7,3.53,356.29,13,0,,1,0,Espana,Android,0
504579,5,1.13,367.87,72,0,,0,0,Panama,iOS,1
502108,6,1.09,181.57,22,1,6.0,1,0,Peru,Android,1
500617,10,1.82,431.91,20,2,8.5,0,0,Peru,iOS,0
501998,2,0.65,415.89,16,0,,0,0,Mexico,Android,1
505600,7,2.31,149.9,3,0,,0,0,Republica Dominicana,Android,1
503327,19,1.91,114.71,53,1,5.9,1,0,Argentina,Android,0
500618,2,6.83,56.49,18,0,,0,0,Colombia,iOS,0
503913,15,2.28,564.03,83,2,9.1,0,0,Mexico,iOS,1
501133,4,2.96,746.79,10,0,,0,0,Espana,Android,0
500848,41,2.74,475.84,51,0,,1,0,Espana,iOS,0
501321,15,1.66,181.4,4,1,2.3,0,1,Chile,Android,0
500793,15,0.3,460.48,14,1,8.7,1,0,Chile,Android,0
500100,6,3.22,155.42,30,0,,0,0,Espana,Android,0
505118,7,3.85,303.97,16,0,,1,0,Espana,Android,0
501020,24,3.61,284.26,29,0,,1,1,Argentina,Android,0
501397,3,7.24,504.8,49,0,,1,1,Peru,Android,0
500277,19,4.49,624.57,49,0,,0,1,Espana,Android,1
504977,20,0.58,405.46,55,0,,0,0,Espana,Android,0
501384,20,2.11,537.07,42,0,,0,0,Republica Dominicana,iOS,0
504129,9,10.27,262.11,67,0,,0,0,Panama,Android,0
505105,36,2.45,302.39,19,1,5.9,0,0,Espana,iOS,0
502365,8,1.73,180.61,93,0,,1,1,Espana,Android,1
502534,21,0.89,150.33,6,0,,1,1,Chile,iOS,0
504708,33,1.71,265.04,59,2,10.0,0,0,Chile,Android,1
503086,17,2.49,683.68,105,1,6.1,0,0,Argentina,iOS,1
500175,18,1.4,374.0,49,1,5.6,0,0,Peru,Android,0
504408,5,3.42,138.51,106,0,,0,0,Argentina,Android,1
500046,13,1.68,143.35,1,0,,0,1,Espana,iOS,0
500261,26,1.77,106.3,44,0,,0,0,Espana,Android,1
502719,23,4.93,41.25,24,1,6.2,1,0,Chile,iOS,1
501750,7,9.15,347.42,25,0,,0,1,Colombia,iOS,0
500800,17,5.22,292.85,25,0,,1,0,Chile,Android,0
504880,23,2.8,314.65,9,0,,0,0,Chile,iOS,0
500781,6,1.86,402.93,33,1,9.8,1,1,Chile,Android,0
500237,16,5.72,92.43,33,0,,0,0,Colombia,iOS,0
504934,33,3.49,427.09,65,0,,1,0,Peru,iOS,0
503053,8,2.39,263.69,27,0,,0,0,Colombia,Android,0
505647,4,1.3,181.27,53,0,,1,1,Espana,iOS,0
505235,18,4.05,409.19,49,0,,0,0,Argentina,Android,0
504665,3,2.4,249.16,3,1,6.8,0,0,Chile,Android,1
503789,8,0.33,194.42,44,1,6.8,1,0,Chile,Android,0
503134,12,2.54,116.24,20,2,4.9,0,0,Espana,Android,0
502241,21,2.59,364.81,29,1,6.1,0,0,Mexico,iOS,0
505440,21,2.85,187.47,27,0,,0,1,Chile,Android,0
502298,14,1.22,359.07,63,1,4.8,1,0,Chile,iOS,0
504143,4,3.86,834.15,13,2,8.2,1,0,Peru,Android,0
503873,6,2.82,169.01,69,1,9.5,0,0,Espana,Android,0
503851,30,3.12,98.35,30,0,,0,0,Argentina,Android,0
505827,14,4.23,212.82,30,0,,0,0,Republica Dominicana,Android,0
502046,11,1.55,440.86,44,0,,1,0,Chile,iOS,0
504957,8,0.81,428.69,4,2,4.5,1,0,Peru,Android,0
500011,20,0.33,607.9,11,0,,0,0,Espana,iOS,0
504208,32,2.37,692.14,3,0,,1,0,Chile,Android,0
504815,23,3.5,376.81,24,0,,0,0,Mexico,iOS,0
505035,18,0.68,269.93,25,0,,0,0,Republica Dominicana,Android,0
501009,16,1.09,98.65,16,0,,1,0,Peru,Android,0
501673,16,3.11,331.42,57,1,6.5,1,0,Chile,iOS,1
500184,18,5.01,330.35,14,1,7.3,0,0,Republica Dominicana,Android,0
503474,16,5.4,95.43,15,0,,0,0,Colombia,iOS,0
502651,19,3.15,511.88,23,1,4.5,0,1,Argentina,Android,0
503234,18,2.59,395.84,16,1,7.1,1,0,Chile,Android,0
505928,8,3.98,411.64,28,0,,1,0,Colombia,Android,0
505714,7,0.86,243.43,11,2,5.5,1,0,Republica Dominicana,iOS,1
501784,16,3.43,233.13,17,1,6.7,0,1,Espana,iOS,0
505225,3,12.18,940.42,32,2,4.0,1,0,Colombia,iOS,0
502148,18,3.15,359.0,11,1,7.5,1,1,Colombia,Android,0
504343,6,3.32,27.01,7,0,,0,0,Espana,Android,0
505236,16,2.37,266.9,43,2,5.3,0,0,Colombia,Android,1
500531,16,3.3,347.21,50,2,7.6,0,0,Mexico,Android,0
502101,4,5.71,313.22,6,0,,1,0,Mexico,Android,0
500616,16,1.25,278.23,37,0,,0,0,Argentina,iOS,0
502388,4,1.33,195.05,50,0,,1,0,Espana,Android,0
502478,25,4.36,192.16,12,1,7.3,0,0,Mexico,iOS,0
504989,23,0.55,351.37,15,0,,1,0,Mexico,Android,0
505920,3,1.81,169.89,20,3,5.5,1,0,Colombia,iOS,1
505055,6,1.15,306.37,51,0,,0,0,Espana,Android,1
503329,53,1.4,358.78,11,1,9.1,0,1,Panama,Android,0
505497,9,1.31,26.7,12,1,7.1,0,0,Republica Dominicana,Android,0
504016,11,1.49,176.56,1,0,,1,1,Espana,Android,0
505314,7,0.66,536.2,47,0,,1,0,Argentina,iOS,1
505366,56,1.27,419.51,29,1,3.9,0,1,Colombia,Android,0
500444,12,3.25,165.08,12,0,,1,1,Espana,iOS,0
501833,26,7.63,393.57,40,1,4.9,0,0,Panama,Android,0
501261,13,1.09,275.96,22,0,,1,0,Peru,iOS,0
503179,14,3.94,424.99,31,1,3.9,0,0,Peru,iOS,0
501722,10,8.44,396.32,34,1,7.9,1,0,Mexico,Android,0
505390,12,3.01,651.1,99,1,8.7,0,0,Republica Dominicana,Android,0
502051,23,1.5,393.48,49,1,8.8,0,1,Republica Dominicana,iOS,0
505425,25,1.12,146.93,32,0,,1,1,Colombia,Android,0
503501,27,0.87,83.24,26,1,5.8,0,0,Panama,iOS,0
504723,8,4.26,425.67,99,0,,1,0,Mexico,Android,0
504848,9,2.18,366.43,64,1,9.5,0,0,Republica Dominicana,Android,0
504685,16,0.52,268.71,81,0,,0,1,Espana,Android,1
500544,8,1.71,452.64,36,0,,0,0,Chile,iOS,0
501282,17,1.11,218.96,10,0,,0,0,Chile,iOS,0
504007,13,5.54,242.47,45,0,,0,0,Espana,Android,0
505817,1,3.43,245.1,39,0,,1,0,Espana,iOS,0
504146,11,1.08,124.56,82,1,6.5,1,1,Colombia,Android,1
502648,10,3.14,287.22,28,1,6.0,0,0,Espana,iOS,0
505564,12,2.18,263.95,44,0,,1,1,Peru,Android,0
502295,28,1.65,278.78,25,0,,0,0,Peru,iOS,0
501773,8,1.57,422.0,48,2,4.0,1,1,Republica Dominicana,Android,0
504900,28,1.62,110.11,10,2,7.3,0,0,Espana,Android,0
502549,34,5.5,248.87,19,1,10.0,1,1,Peru,iOS,0
502155,28,5.07,540.56,59,1,8.3,0,0,Panama,Android,0
501767,6,5.44,219.45,34,1,8.1,0,1,Panama,iOS,0
503101,20,0.28,304.27,12,1,8.3,1,0,Colombia,Android,0
501175,29,1.45,398.13,13,1,8.2,0,0,Argentina,Android,0
501149,21,3.76,85.28,23,0,,0,0,Espana,Android,0
505599,27,0.7,466.48,53,0,,0,1,Peru,Android,1
505876,13,7.48,311.34,9,1,5.3,0,1,Mexico,iOS,0
500723,17,2.71,101.75,24,1,6.7,1,0,Argentina,iOS,0
504681,24,0.38,395.85,40,0,,0,1,Mexico,Android,0
504108,4,0.46,141.53,78,0,,0,0,Mexico,iOS,1
502717,8,3.16,190.63,16,0,,0,0,Espana,Android,0
505757,24,1.15,29.57,22,2,3.3,0,0,Peru,iOS,1
503207,10,1.0,467.37,41,0,,0,1,Colombia,Android,0
503006,30,0.93,183.44,31,1,6.7,1,0,Espana,Android,0
501771,4,2.64,125.83,13,0,,0,0,Panama,iOS,0
505723,13,3.29,144.89,63,0,,1,1,Mexico,iOS,0
505958,20,2.06,173.84,33,1,7.3,1,0,Republica Dominicana,iOS,0
500148,14,1.75,349.39,39,0,,1,0,Colombia,Android,0
504492,4,0.97,166.39,46,0,,0,0,Espana,Android,0
502408,19,4.08,175.67,114,0,,1,1,Espana,iOS,1
502763,11,1.43,221.67,51,2,9.7,0,0,Argentina,Android,0
500699,10,5.98,147.17,19,1,5.9,1,1,Mexico,iOS,0
502402,9,0.84,354.34,22,0,,0,0,Colombia,Android,0
500889,20,5.59,540.63,19,0,,0,0,Panama,Android,0
501083,22,1.55,661.59,15,2,9.4,0,1,Espana,Android,0
500242,12,2.59,184.83,19,0,,0,0,Mexico,Android,0
500922,5,0.93,459.7,26,0,,0,0,Panama,Android,0
503289,42,1.71,348.45,14,1,7.6,0,0,Espana,iOS,0
500455,25,1.31,109.87,73,0,,0,0,Argentina,Android,0
502267,5,1.44,172.42,33,0,,0,0,Colombia,Android,0
503107,30,3.08,537.7,133,0,,0,0,Espana,Android,1
504804,13,4.08,315.94,137,2,5.3,1,0,Colombia,Android,1
505038,9,2.66,244.7,16,1,9.1,1,0,Argentina,Android,0
502324,11,2.06,65.99,4,0,,0,0,Mexico,Android,0
500573,11,3.82,421.49,56,2,6.0,0,0,Panama,iOS,0
500821,11,2.64,208.58,1,2,7.4,0,0,Chile,Android,0
505580,12,1.49,247.39,19,1,7.0,0,0,Argentina,Android,0
501335,12,1.05,422.32,54,0,,0,0,Colombia,Android,1
505164,5,2.64,221.45,31,0,,0,0,Mexico,Android,1
502312,18,2.91,295.53,12,1,6.2,1,0,Argentina,iOS,0
501439,26,3.91,236.54,20,1,5.4,0,1,Colombia,Android,0
501182,11,3.09,252.43,17,1,5.5,0,0,Espana,Android,0
502973,27,0.55,348.87,17,0,,0,0,Argentina,iOS,0
503312,28,2.47,194.0,143,0,,0,0,Mexico,Android,1
502248,2,3.7,152.18,50,0,,1,0,Argentina,Android,0
505250,4,7.1,286.79,75,0,,0,0,Espana,iOS,1
501891,2,4.12,101.8,11,3,8.1,1,1,Peru,iOS,0
505010,53,1.85,104.12,28,1,7.5,0,0,Espana,Android,0
502240,1,4.52,307.31,50,0,,0,0,Mexico,iOS,0
504224,25,0.33,341.25,29,1,10.0,0,0,Espana,Android,0
502271,10,0.96,498.54,15,1,6.7,1,0,Colombia,Android,0
505343,19,1.85,750.4,71,1,6.0,0,1,Argentina,Android,0
500657,6,2.78,237.53,128,0,,1,0,Peru,iOS,0
505977,13,9.35,713.07,17,1,10.0,0,0,Republica Dominicana,Android,0
502354,22,3.49,490.71,1,0,,0,0,Mexico,Android,0
501211,35,1.63,574.34,97,0,,1,0,Mexico,iOS,0
502646,9,1.32,374.57,26,0,,0,0,Colombia,Android,0
503270,20,1.83,307.19,11,0,,1,1,Republica Dominicana,iOS,0
504213,10,0.82,193.86,164,1,7.1,0,1,Panama,Android,1
505037,17,0.64,195.84,8,1,8.4,0,1,Mexico,iOS,0
503482,21,7.84,288.0,20,0,,0,0,Peru,Android,0
503890,11,1.71,796.86,58,1,6.8,0,0,Republica Dominicana,Android,0
501015,24,4.64,131.8,6,0,,1,0,Espana,iOS,0
503076,5,2.41,124.59,11,0,,0,0,Espana,Android,0
504820,6,3.4,296.43,10,1,7.9,1,0,Mexico,Android,0
504214,13,3.88,382.79,10,0,,0,0,Espana,iOS,0
501068,32,3.41,304.18,39,1,3.9,0,0,Panama,iOS,0
505160,43,0.32,61.52,20,1,8.0,1,0,Espana,Android,0
502206,16,3.69,68.81,31,0,,0,0,Espana,iOS,0
501903,3,3.3,649.78,14,0,,1,0,Colombia,Android,0
505603,5,4.57,451.69,33,3,10.0,0,0,Mexico,iOS,0
501835,5,4.31,193.27,55,2,4.2,1,0,Mexico,Android,0
502376,20,3.12,1074.61,30,2,7.2,0,0,Espana,iOS,0
505925,26,1.21,517.47,43,1,3.3,0,0,Colombia,iOS,0
500879,21,1.53,214.47,101,0,,0,1,Peru,iOS,0
500300,5,2.57,49.38,18,0,,0,1,Chile,iOS,0
500962,16,5.27,319.23,49,0,,0,0,Espana,Android,0
504740,28,0.97,110.23,7,0,,0,1,Peru,Android,0
505916,14,3.09,265.76,230,0,,0,0,Espana,Android,1
502656,4,8.16,162.2,7,1,5.2,0,1,Argentina,Android,1
501406,11,4.22,621.65,15,1,5.6,1,0,Colombia,iOS,0
501011,3,3.77,113.2,21,1,6.6,0,0,Chile,Android,0
500256,1,1.09,283.22,60,0,,1,1,Panama,Android,0
501805,1,1.36,134.46,43,2,3.8,0,1,Colombia,iOS,0
501920,16,0.68,274.95,12,1,7.2,0,0,Mexico,Android,0
500506,9,5.27,260.63,6,2,9.4,1,1,Mexico,Android,0
503271,18,2.13,917.64,29,0,,1,0,Colombia,iOS,0
505465,11,2.85,135.54,11,0,,1,0,Colombia,Android,0
503118,17,0.99,119.15,47,0,,0,1,Colombia,Android,1
503306,17,7.07,145.1,30,1,5.5,1,0,Chile,Android,1
505796,19,5.84,313.16,48,1,7.8,0,0,Peru,Android,0
502017,30,4.0,208.58,42,0,,0,1,Chile,iOS,0
504679,12,2.58,167.85,18,1,7.1,0,0,Espana,iOS,0
505861,29,1.79,200.79,3,2,7.8,0,0,Chile,iOS,0
500609,31,1.41,251.44,18,0,,1,1,Argentina,Android,0
502692,26,6.09,369.05,28,0,,0,0,Espana,iOS,0
502772,4,3.71,258.29,19,0,,0,0,Argentina,Android,0
502616,13,5.83,115.34,89,1,5.9,0,0,Republica Dominicana,Android,1
501104,13,0.52,43.85,24,1,5.4,1,0,Argentina,Android,0
501791,22,2.99,191.51,1,2,8.1,1,1,Mexico,Android,0
502000,21,4.52,272.79,50,1,9.8,1,0,Mexico,iOS,0
500881,13,3.11,105.77,23,1,7.0,1,0,Panama,iOS,0
505013,7,4.31,113.01,16,1,6.5,0,0,Espana,Android,0
502075,29,0.86,160.78,68,0,,1,1,Panama,Android,0
502933,11,1.8,713.3,6,1,6.7,0,1,Argentina,Android,0
500504,35,1.31,77.99,18,0,,0,0,Peru,Android,0
502953,17,4.65,340.39,66,0,,0,1,Republica Dominicana,iOS,0
500782,40,1.37,125.1,97,0,,0,0,Mexico,Android,1
505825,13,0.29,377.57,30,0,,1,0,Peru,Android,0
501780,3,4.33,209.29,7,1,6.3,0,0,Peru,Android,0
501873,12,4.91,113.67,42,0,,0,0,Mexico,iOS,0
505592,21,1.83,101.1,8,1,5.6,1,0,Colombia,iOS,1
503121,18,5.31,160.67,49,0,,0,0,Panama,iOS,0
502217,13,4.57,207.17,29,1,8.2,0,0,Espana,iOS,0
503199,20,0.65,291.17,44,1,9.3,0,0,Espana,Android,0
504994,8,3.43,576.15,8,1,5.8,0,0,Peru,Android,0
504940,18,1.91,219.85,85,2,8.7,0,0,Argentina,Android,1
502908,11,2.86,500.42,37,0,,0,0,Panama,iOS,0
501522,3,1.11,105.81,25,0,,1,0,Republica Dominicana,Android,0
505208,10,1.74,209.4,33,1,2.5,1,0,Mexico,Android,0
502637,17,1.01,282.3,22,0,,1,0,Colombia,Android,1
500801,14,3.52,29.66,64,2,6.5,0,0,Argentina,Android,0
502822,5,0.51,308.52,7,0,,0,0,Peru,Android,0
500738,12,1.15,22.03,43,2,8.8,0,0,Republica Dominicana,iOS,0
500136,2,9.69,198.59,47,0,,1,0,Mexico,Android,0
502559,20,1.31,873.07,11,0,,0,0,Argentina,Android,0
501042,7,2.45,322.75,141,2,8.9,0,0,Peru,Android,0
503621,10,2.02,121.23,19,0,,0,0,Panama,iOS,0
505976,20,2.71,149.83,25,2,8.2,0,0,Mexico,iOS,0
501348,5,5.41,160.37,4,0,,1,0,Mexico,iOS,0
502103,49,0.83,45.38,26,0,,1,0,Mexico,Android,1
500900,30,4.95,332.65,88,0,,1,0,Colombia,Android,0
501720,11,5.32,295.29,22,0,,0,0,Chile,Android,0
504276,19,0.59,42.53,27,0,,1,0,Argentina,Android,0
503517,5,3.79,117.18,32,0,,0,0,Panama,iOS,0
502672,20,3.89,596.39,22,1,6.2,0,0,Espana,Android,0
501815,14,2.25,368.23,25,0,,1,0,Chile,Android,0
500743,13,4.3,43.06,8,0,,0,1,Colombia,iOS,0
504956,12,1.88,422.29,41,0,,1,0,Colombia,iOS,0
505870,20,4.44,137.69,3,0,,1,1,Espana,Android,0
500015,11,6.93,380.75,19,1,6.7,1,0,Mexico,iOS,0
500754,20,5.46,320.06,42,1,6.9,0,0,Espana,iOS,0
503177,16,2.39,239.92,6,1,8.7,1,0,Mexico,iOS,0
503539,8,4.86,146.31,49,0,,0,0,Republica Dominicana,iOS,0
500787,7,3.68,539.39,10,1,9.1,0,1,Espana,iOS,0
505107,16,3.32,181.71,114,1,10.0,0,0,Mexico,Android,0
503881,25,1.68,60.07,38,1,6.5,0,1,Colombia,Android,0
502382,37,4.47,96.49,39,2,4.1,1,0,Chile,Android,0
503998,7,2.21,98.39,9,3,7.4,1,1,Republica Dominicana,Android,0
501462,4,1.65,222.71,36,0,,0,0,Argentina,Android,0
502477,7,1.29,186.67,28,1,8.1,0,0,Peru,Android,0
505768,12,2.31,259.94,1,0,,1,0,Argentina,Android,0
503380,4,5.57,129.34,8,0,,1,1,Colombia,iOS,0
500737,17,0.59,272.43,33,0,,1,0,Argentina,Android,0
502171,15,0.63,164.59,24,0,,0,0,Republica Dominicana,iOS,0
505713,10,1.64,463.73,31,3,7.5,1,0,Argentina,Android,0
501703,4,1.03,205.09,59,0,,0,0,Republica Dominicana,Android,0
501922,28,2.03,186.61,9,2,6.7,1,1,Republica Dominicana,Android,0
504706,10,6.68,557.02,6,0,,0,1,Mexico,Android,0
501108,7,4.23,379.95,43,1,5.4,0,1,Espana,Android,0
502400,6,0.71,220.92,8,0,,1,0,Espana,Android,0
500928,5,4.74,422.79,81,0,,0,1,Espana,Android,0
503237,12,4.19,183.19,104,3,6.6,0,1,Mexico,iOS,0
504620,5,0.72,712.18,25,0,,0,0,Republica Dominicana,iOS,0
500332,16,4.44,253.52,138,0,,1,1,Mexico,Android,0
500733,9,4.89,318.7,19,1,4.4,0,0,Peru,Android,1
501183,29,2.44,298.51,16,1,8.9,1,0,Mexico,iOS,0
501796,24,4.42,195.99,50,0,,0,0,Peru,Android,0
505694,3,1.93,602.61,14,0,,0,0,Peru,iOS,0
505217,15,2.11,706.88,4,2,7.3,0,1,Espana,Android,0
503583,14,3.03,123.06,31,0,,0,0,Mexico,iOS,0
505649,5,5.31,126.14,14,0,,1,1,Colombia,Android,0
504687,22,2.13,473.37,10,1,7.6,1,0,Republica Dominicana,Android,0
505012,11,2.58,146.72,44,0,,1,0,Colombia,iOS,0
500612,25,0.73,223.74,17,0,,0,0,Mexico,Android,1
504861,27,2.33,107.02,23,0,,1,0,Chile,Android,0
505381,30,3.46,61.16,9,0,,0,0,Peru,Android,0
505308,35,1.96,43.9,75,1,5.1,1,1,Argentina,Android,1
502096,18,5.19,288.32,49,2,7.4,1,0,Argentina,Android,0
501683,21,3.48,371.72,27,1,3.3,0,0,Mexico,Android,0
501362,6,4.22,408.07,53,0,,0,0,Mexico,iOS,0
500296,10,1.38,272.09,30,0,,1,0,Panama,Android,1
504404,13,1.84,283.31,26,0,,0,0,Espana,Android,0
500367,8,2.07,241.56,14,0,,1,1,Mexico,Android,0
501754,16,2.78,388.37,18,1,8.5,0,0,Republica Dominicana,Android,0
501549,9,0.74,443.15,59,0,,0,1,Colombia,iOS,0
504784,4,4.8,137.93,20,1,5.9,0,1,Mexico,Android,0
500684,12,0.38,378.88,39,0,,0,0,Panama,iOS,0
503084,7,1.5,242.21,10,1,5.7,1,1,Espana,Android,0
505512,17,1.86,524.84,11,1,4.0,1,0,Argentina,Android,1
502448,14,0.71,285.36,47,0,,0,0,Colombia,iOS,0
501664,17,1.15,142.37,18,1,2.4,0,0,Colombia,Android,0
502045,15,2.08,228.24,25,2,5.1,0,0,Colombia,iOS,0
502919,15,2.46,188.59,41,0,,0,0,Mexico,Android,0
504783,15,2.61,83.86,26,0,,0,1,Mexico,Android,0
504177,20,2.4,183.7,13,0,,0,0,Mexico,Android,0
505986,22,3.46,169.24,16,0,,0,0,Colombia,Android,0
504458,5,1.91,348.98,36,1,5.8,0,0,Mexico,Android,0
500763,23,0.44,115.66,29,0,,1,1,Chile,Android,0
502733,18,1.63,586.81,53,1,4.9,0,1,Peru,iOS,1
500169,11,2.99,52.97,51,1,6.7,0,1,Espana,iOS,0
502940,8,0.35,140.66,2,1,7.3,0,0,Mexico,Android,0
501730,10,4.24,291.6,31,0,,1,1,Republica Dominicana,Android,1
503386,5,1.4,139.27,10,1,6.5,0,0,Mexico,iOS,0
501909,30,0.24,1137.67,38,0,,0,1,Peru,iOS,0
504345,14,4.17,395.15,58,0,,0,1,Argentina,iOS,0
504718,8,0.76,309.12,60,1,9.4,0,0,Argentina,Android,0
501605,3,0.54,141.05,68,2,8.5,0,0,Republica Dominicana,Android,1
502061,5,1.44,434.5,23,0,,0,0,Mexico,iOS,0
501987,22,3.42,192.87,20,2,7.8,1,0,Chile,iOS,0
503939,11,1.29,519.43,19,0,,0,1,Argentina,Android,0
505607,18,0.48,445.78,27,0,,0,0,Espana,iOS,0
500309,18,0.86,275.7,11,1,2.9,0,1,Chile,Android,0
500180,16,2.89,98.7,10,2,7.8,0,1,Espana,iOS,0
502081,22,1.06,452.36,31,2,6.5,1,0,Panama,iOS,0
500288,20,2.23,434.97,12,0,,0,1,Argentina,Android,0
504724,8,0.45,360.53,27,0,,0,0,Chile,Android,0
502867,23,4.95,347.29,9,0,,1,0,Espana,iOS,0
500808,25,1.27,56.21,22,1,7.0,0,1,Espana,iOS,0
503782,13,3.14,134.85,6,0,,0,0,Espana,Android,0
503684,25,3.31,81.61,55,0,,0,0,Mexico,Android,0
503404,23,5.56,74.62,9,1,6.8,1,0,Chile,iOS,0
504080,2,0.63,574.89,108,0,,1,0,Mexico,Android,1
500282,14,6.84,322.32,19,1,7.0,1,0,Mexico,iOS,0
505945,25,6.73,121.72,38,3,6.7,0,0,Panama,iOS,0
505675,9,3.39,132.28,33,0,,0,0,Mexico,iOS,0
503604,17,1.55,121.78,36,1,4.3,1,0,Espana,iOS,1
504542,2,1.85,134.37,9,1,4.0,0,0,Mexico,Android,0
504472,11,3.87,362.06,41,0,,0,0,Peru,iOS,0
503921,16,6.52,65.36,14,1,7.7,0,0,Mexico,Android,0
505043,14,0.7,387.46,70,3,10.0,0,0,Mexico,Android,1
505376,11,9.37,383.78,5,2,6.3,0,0,Panama,Android,0
500254,18,2.41,227.76,26,1,8.1,0,0,Argentina,Android,0
502300,24,3.31,458.84,23,1,6.3,0,0,Mexico,Android,0
505380,42,1.44,165.69,63,1,9.4,0,0,Colombia,Android,0
501048,23,2.37,99.61,112,2,6.7,1,0,Republica Dominicana,iOS,0
503949,17,1.8,240.66,13,1,7.2,0,0,Mexico,Android,0
505230,8,3.38,365.93,13,0,,0,0,Colombia,Android,0
500419,7,5.19,647.48,31,1,6.5,0,0,Republica Dominicana,Android,0
502980,10,0.2,172.52,27,1,6.6,0,0,Espana,iOS,1
503392,29,3.53,70.65,18,0,,0,0,Republica Dominicana,Android,0
500111,12,2.53,142.75,8,1,7.8,1,0,Argentina,Android,0
502777,16,1.0,144.63,23,0,,1,0,Mexico,Android,0
501418,11,1.45,124.08,154,1,2.4,1,0,Peru,iOS,1
504778,9,1.92,403.94,10,0,,1,1,Republica Dominicana,iOS,0
504596,14,3.04,167.86,31,1,6.2,0,0,Colombia,iOS,0
500182,11,1.19,636.12,130,0,,0,0,Chile,Android,1
502518,22,5.63,239.51,70,0,,0,1,Peru,Android,0
500546,27,2.91,151.81,36,0,,0,0,Mexico,Android,0
500951,10,1.04,620.58,48,0,,1,0,Espana,Android,1
502513,1,5.17,142.26,28,4,6.8,0,0,Mexico,iOS,0
503527,15,0.7,121.95,78,1,4.7,1,0,Espana,iOS,0
501180,15,4.42,535.45,54,0,,0,0,Argentina,Android,0
502839,24,0.86,212.8,40,1,5.4,0,0,Republica Dominicana,Android,1
503576,12,0.16,171.79,48,1,5.5,0,0,Panama,iOS,0
505988,8,3.38,98.77,22,0,,1,0,Peru,Android,0
505674,6,2.15,245.81,47,0,,0,0,Espana,Android,1
501526,16,4.42,780.71,14,1,4.9,0,1,Argentina,Android,0
504000,24,3.39,342.06,46,0,,0,0,Espana,Android,0
505594,21,3.49,373.16,38,2,9.6,0,1,Panama,iOS,0
505315,14,3.32,275.76,12,0,,0,0,Espana,Android,0
503036,4,1.8,816.04,55,0,,0,0,Espana,iOS,1
500315,2,2.56,267.23,71,0,,0,0,Peru,iOS,0
503923,8,1.23,346.95,79,0,,0,0,Mexico,iOS,0
501502,2,6.93,354.44,41,1,4.7,0,0,Argentina,Android,0
503891,7,4.49,367.18,7,1,6.9,0,1,Mexico,iOS,0
503572,5,0.6,373.51,70,1,7.3,0,0,Espana,Android,0
502345,27,1.06,139.56,33,0,,0,0,Mexico,iOS,0
502698,11,3.7,724.97,24,1,9.1,0,0,Argentina,Android,0
502722,23,1.92,372.15,47,0,,0,0,Republica Dominicana,iOS,0
502815,7,2.05,351.89,23,2,4.2,0,0,Espana,Android,1
501144,4,6.91,287.07,31,0,,0,0,Espana,iOS,0
502177,15,3.03,86.86,73,0,,1,1,Chile,Android,0
501966,6,1.3,297.54,97,0,,0,0,Mexico,Android,0
501989,15,1.4,79.28,4,0,,0,1,Argentina,Android,0
503165,8,3.6,401.09,28,0,,0,0,Republica Dominicana,iOS,0
505770,21,5.68,203.73,15,0,,0,0,Argentina,Android,0
500655,7,3.02,315.22,53,0,,0,0,Panama,Android,1
504171,10,4.54,412.52,25,3,7.2,0,0,Espana,Android,0
505146,11,2.62,179.13,23,0,,1,0,Argentina,iOS,0
502347,31,0.63,68.96,60,1,3.2,0,0,Peru,Android,0
501617,8,0.51,109.97,8,0,,1,0,Chile,Android,0
504666,15,3.77,184.46,4,1,6.3,0,1,Mexico,iOS,0
505799,21,5.27,477.15,6,0,,0,0,Republica Dominicana,Android,0
505681,27,1.74,314.87,31,0,,0,0,Mexico,Android,0
503505,23,1.84,216.16,11,2,4.8,1,0,Espana,Android,0
504674,23,0.9,445.6,45,2,5.4,1,0,Republica Dominicana,Android,0
502543,10,0.5,279.8,29,1,7.2,1,0,Mexico,Android,0
500833,20,6.47,336.08,122,1,7.5,1,0,Espana,Android,1
500482,21,6.62,256.66,17,4,7.3,0,0,Mexico,Android,0
501680,10,4.43,141.08,28,0,,0,0,Panama,Android,0
501756,11,3.96,344.58,20,0,,0,0,Espana,iOS,0
503714,10,6.0,416.21,61,0,,1,0,Colombia,iOS,0
504231,7,3.92,223.22,8,0,,0,0,Republica Dominicana,Android,0
505358,39,1.99,788.97,22,0,,0,0,Colombia,iOS,0
505204,52,1.35,118.37,19,1,8.5,1,0,Colombia,iOS,0
504704,14,12.18,251.91,11,1,7.0,0,0,Chile,Android,0
505143,19,2.83,316.45,133,1,6.1,0,0,Argentina,Android,1
505562,14,2.29,198.51,11,1,7.0,0,0,Peru,Android,0
501139,14,4.6,154.35,6,0,,0,0,Republica Dominicana,iOS,0
500486,15,5.38,118.29,5,0,,0,1,Espana,Android,0
502495,10,5.18,483.42,27,0,,1,0,Espana,Android,0
504727,6,8.53,936.0,0,0,,0,0,Chile,iOS,0
503839,27,4.9,183.12,45,0,,0,0,Argentina,iOS,0
505705,12,7.84,418.95,29,1,6.7,0,0,Espana,Android,0
500330,21,1.01,71.9,97,0,,0,0,Espana,iOS,0
501165,14,7.46,335.35,15,2,7.4,0,0,Peru,iOS,0
500178,12,1.23,230.62,73,1,6.7,0,1,Panama,iOS,1
500780,44,2.04,367.88,6,0,,0,0,Panama,Android,0
504266,7,0.81,142.09,75,2,5.7,0,0,Espana,iOS,0
501975,23,1.8,488.93,5,2,6.4,0,0,Espana,Android,0
502275,5,1.77,374.27,19,0,,0,0,Chile,Android,0
504264,6,2.69,342.5,45,1,6.4,0,0,Mexico,Android,0
502932,12,2.74,223.46,41,1,7.8,0,0,Mexico,iOS,0
505459,20,2.29,278.39,1,0,,0,0,Colombia,Android,0
504245,8,1.74,233.02,13,0,,0,0,Mexico,Android,1
502514,16,1.82,155.3,34,1,8.3,0,0,Espana,Android,1
504818,16,5.83,216.65,33,1,5.8,0,0,Colombia,iOS,0
503132,10,2.0,413.58,84,0,,0,0,Colombia,Android,1
502492,18,2.83,241.52,26,0,,1,0,Panama,iOS,0
502988,2,1.52,282.05,22,0,,0,0,Republica Dominicana,Android,0
502766,6,0.29,449.46,5,1,8.5,0,0,Panama,iOS,0
505918,24,4.29,163.06,20,0,,0,0,Chile,Android,0
504590,26,1.0,161.9,19,0,,0,1,Mexico,Android,0
500401,26,2.3,323.05,33,0,,0,0,Peru,iOS,0
505221,4,1.13,977.89,8,0,,0,1,Mexico,iOS,0
500552,13,0.58,552.63,46,1,8.2,1,0,Espana,Android,0
501707,22,0.52,111.23,72,0,,0,0,Argentina,Android,0
503617,22,0.84,303.68,50,4,4.4,0,0,Espana,Android,0
503448,7,3.27,119.46,31,0,,1,0,Chile,Android,0
504075,11,6.0,486.57,20,0,,0,0,Chile,Android,0
500952,10,1.05,164.32,29,2,7.6,0,0,Mexico,Android,0
500935,15,3.52,303.46,12,0,,0,0,Chile,Android,0
504317,6,4.35,303.36,8,0,,0,0,Peru,iOS,0
501333,9,1.53,525.41,9,0,,1,0,Mexico,iOS,0
504583,5,4.53,172.14,43,0,,0,0,Colombia,iOS,0
503554,10,2.17,359.14,125,0,,0,0,Republica Dominicana,Android,1
505068,14,0.96,331.53,54,1,6.6,0,1,Espana,iOS,0
503103,7,4.19,207.96,21,1,5.4,0,0,Colombia,iOS,1
502586,19,3.87,170.71,38,1,9.7,0,0,Chile,Android,1
500884,34,2.59,108.05,102,0,,0,1,Peru,Android,0
501240,10,4.68,91.01,76,0,,0,0,Peru,Android,0
501587,12,3.56,15.0,63,1,7.0,0,0,Argentina,iOS,0
501528,29,1.74,242.6,18,0,,0,0,Peru,Android,0
505137,8,7.71,81.87,49,2,8.1,0,0,Republica Dominicana,iOS,0
501204,13,3.08,36.91,10,0,,0,1,Espana,Android,0
500810,6,0.43,95.01,97,2,8.4,0,0,Espana,Android,0
501148,33,2.1,425.48,14,0,,0,0,Espana,iOS,0
502842,28,1.56,291.61,15,0,,0,0,Panama,Android,0
504342,24,3.94,189.71,35,0,,0,0,Peru,iOS,0
500417,47,0.52,111.06,23,0,,0,1,Peru,Android,0
500608,8,3.92,375.84,66,1,6.6,0,1,Argentina,Android,0
503339,8,1.07,470.38,50,1,8.1,1,0,Espana,Android,0
505098,34,0.12,403.65,10,1,4.8,1,0,Mexico,iOS,0
503831,19,2.46,243.61,88,0,,0,0,Chile,Android,0
500656,12,0.95,154.7,34,1,6.1,0,0,Peru,iOS,0
501263,13,2.8,113.12,42,0,,0,0,Espana,iOS,0
503718,34,0.91,84.69,65,0,,0,0,Colombia,iOS,1
501376,8,6.81,231.75,18,2,6.9,0,1,Argentina,Android,0
505074,13,4.64,51.59,21,1,8.2,1,0,Colombia,Android,0
502094,27,1.41,262.96,62,0,,0,0,Republica Dominicana,Android,1
503005,1,1.13,187.58,69,0,,1,1,Republica Dominicana,iOS,0
501503,13,0.53,366.04,20,0,,0,1,Mexico,Android,0
504992,7,1.46,68.02,39,0,,1,0,Colombia,Android,0
501825,20,7.94,153.07,38,0,,0,0,Colombia,iOS,0
502222,3,1.88,429.8,13,0,,1,0,Peru,Android,0
500894,17,1.63,433.63,27,0,,0,0,Panama,Android,1
501820,10,4.29,543.64,93,0,,0,0,Argentina,iOS,0
505360,13,3.09,229.98,121,0,,0,0,Argentina,Android,1
502168,10,1.39,134.06,83,0,,1,0,Mexico,Android,1
505805,6,2.01,144.57,0,1,6.0,1,0,Argentina,iOS,0
503581,15,0.78,189.73,25,2,5.7,0,0,Espana,Android,1
500605,15,1.81,168.72,43,1,8.0,1,1,Argentina,iOS,0
504093,6,0.42,62.18,43,1,7.9,1,0,Mexico,Android,0
503678,4,1.66,142.23,15,0,,0,0,Colombia,iOS,0
500192,19,0.6,44.66,100,1,5.3,0,0,Mexico,iOS,1
504263,5,1.94,158.4,32,0,,0,0,Argentina,Android,0
505255,3,1.63,188.15,16,0,,0,0,Espana,iOS,0
500070,7,0.68,245.73,11,0,,0,0,Espana,Android,1
505549,12,1.45,174.64,34,1,9.5,1,1,Colombia,Android,0
504909,10,2.94,795.3,36,0,,0,0,Peru,iOS,0
502274,18,0.58,78.84,13,1,5.0,1,0,Argentina,iOS,0
505065,32,1.03,134.59,16,1,4.5,0,0,Chile,iOS,1
502418,18,0.22,337.83,25,0,,0,0,Mexico,Android,0
501804,10,1.05,281.37,37,0,,0,0,Colombia,Android,0
504030,10,5.44,1208.92,13,0,,1,0,Mexico,iOS,0
501912,13,8.56,441.33,118,0,,0,0,Mexico,iOS,0
504702,3,0.79,440.37,48,1,8.8,0,1,Republica Dominicana,Android,0
503849,20,2.08,210.53,84,1,5.9,0,0,Mexico,Android,0
501479,3,0.6,345.5,29,0,,0,0,Panama,Android,0
501949,20,9.44,210.34,73,3,5.5,0,0,Chile,iOS,1
504040,11,5.07,391.63,49,1,6.9,0,0,Espana,Android,0
500999,25,1.72,444.66,41,2,6.3,0,1,Peru,Android,0
500868,30,1.21,210.1,49,1,5.0,1,0,Colombia,iOS,0
504252,19,0.91,110.49,17,0,,0,0,Republica Dominicana,Android,0
504947,19,2.05,242.36,51,0,,0,0,Panama,Android,0
502107,22,2.05,327.58,39,1,7.3,0,0,Republica Dominicana,iOS,0
504003,9,1.01,100.33,27,1,7.2,0,1,Espana,Android,0
503430,6,3.28,432.36,51,2,6.6,0,0,Republica Dominicana,Android,0
500815,3,2.61,55.98,4,2,5.3,0,0,Panama,iOS,0
504409,11,5.39,196.94,25,0,,0,0,Mexico,Android,0
505794,13,2.08,731.78,45,3,8.3,0,0,Espana,Android,0
503807,24,3.93,24.28,35,2,6.4,0,0,Peru,iOS,0
501075,10,3.27,170.47,18,2,7.8,1,1,Peru,Android,0
505531,20,3.44,145.69,34,1,10.0,0,0,Espana,iOS,0
501360,15,3.69,119.01,0,2,7.4,1,0,Peru,Android,0
505067,25,1.6,198.02,41,4,6.1,1,0,Republica Dominicana,Android,1
504549,14,2.65,353.57,27,1,8.1,1,1,Argentina,iOS,0
500380,15,3.36,727.69,23,0,,0,1,Republica Dominicana,iOS,0
501207,6,4.64,364.94,30,1,8.9,1,0,Peru,Android,0
500758,8,6.45,216.6,41,0,,1,0,Colombia,Android,0
505155,14,0.94,593.63,45,1,8.5,1,1,Panama,Android,0
502257,14,3.07,360.85,16,0,,0,1,Panama,Android,0
505101,6,1.11,211.87,5,3,7.9,0,0,Republica Dominicana,Android,0
500865,16,1.93,35.87,4,1,6.1,0,1,Argentina,iOS,0
502847,4,0.66,337.62,91,1,6.2,0,0,Republica Dominicana,iOS,1
504795,18,2.96,186.95,7,0,,1,0,Mexico,Android,0
505999,35,3.83,213.63,39,0,,0,0,Colombia,iOS,0
503459,28,3.77,88.42,7,4,5.0,1,0,Colombia,iOS,0
503376,9,2.74,399.65,14,1,7.6,0,0,Espana,Android,0
501557,4,0.66,218.17,28,0,,1,1,Argentina,Android,0
502580,16,0.67,201.5,40,2,6.1,0,0,Republica Dominicana,Android,1
504181,17,2.77,410.14,57,2,4.5,0,0,Espana,Android,1
504612,21,1.36,126.29,28,1,6.2,0,0,Mexico,iOS,0
503660,12,2.84,638.42,25,0,,0,0,Espana,Android,0
503117,1,1.37,262.43,34,1,9.1,0,0,Espana,iOS,0
504333,18,3.4,66.98,9,2,7.8,1,0,Colombia,Android,0
502883,4,2.46,204.8,3,0,,0,0,Espana,iOS,0
502737,12,2.96,324.56,19,0,,0,0,Mexico,iOS,0
500761,8,3.12,125.58,12,0,,0,0,Argentina,iOS,1
501227,14,2.78,173.15,17,0,,0,1,Republica Dominicana,Android,0
500305,10,3.97,349.47,40,0,,1,0,Espana,iOS,0
500648,16,3.41,220.1,29,1,4.3,1,0,Espana,iOS,1
503330,8,3.61,177.39,32,0,,0,0,Colombia,Android,0
502897,10,2.07,211.96,58,0,,0,0,Colombia,Android,0
501000,31,2.86,98.12,19,0,,0,1,Colombia,iOS,0
505464,14,1.76,170.04,4,1,8.6,0,1,Mexico,iOS,0
503679,26,3.26,160.63,9,0,,0,0,Panama,Android,0
500032,11,5.03,471.15,2,0,,0,0,Panama,iOS,0
501970,15,2.36,339.38,28,0,,0,0,Panama,iOS,0
504486,24,1.69,520.46,23,0,,0,1,Espana,Android,0
504577,9,1.77,114.26,64,0,,0,0,Peru,iOS,0
505912,9,5.21,352.9,12,1,4.2,0,0,Peru,iOS,0
505663,6,2.93,94.96,15,0,,1,1,Panama,Android,0
502025,9,0.75,303.51,15,0,,0,1,Argentina,Android,0
504297,8,2.21,273.18,12,0,,1,0,Panama,Android,0
504194,8,1.63,50.76,101,0,,0,0,Colombia,Android,1
501334,22,3.74,255.42,10,1,8.9,1,0,Panama,iOS,0
501871,11,4.5,437.81,65,0,,0,0,Panama,iOS,0
505609,12,0.29,620.65,33,0,,0,0,Colombia,iOS,0
502444,16,2.19,652.3,19,0,,0,0,Republica Dominicana,Android,0
500312,33,2.84,57.68,10,1,5.8,0,1,Mexico,Android,0
500836,4,1.35,428.55,10,0,,0,0,Espana,iOS,0
500085,9,0.26,253.4,51,1,7.2,1,0,Argentina,Android,1
501233,11,1.11,130.83,46,1,9.2,0,0,Espana,iOS,0
501541,6,3.79,638.12,15,0,,0,0,Espana,Android,0
502436,16,0.81,333.29,38,0,,1,0,Espana,Android,0
500125,17,0.75,371.21,9,0,,0,1,Espana,iOS,1
503639,25,1.46,218.48,36,0,,0,0,Colombia,Android,0
503014,21,1.46,440.35,74,0,,0,0,Colombia,Android,0
502480,22,2.78,102.1,7,2,10.0,1,0,Mexico,Android,0
501030,30,3.1,325.14,109,0,,1,0,Colombia,iOS,0
502567,15,1.63,217.2,21,1,6.9,1,0,Peru,Android,0
500550,24,1.72,65.36,23,1,7.6,0,1,Argentina,Android,1
500819,5,1.45,111.81,35,0,,0,0,Espana,Android,1
501109,18,3.51,170.15,51,0,,0,0,Panama,Android,0
502427,19,1.14,91.99,46,0,,1,0,Espana,iOS,0
504941,8,1.98,250.88,18,0,,1,0,Chile,iOS,0
503395,11,2.5,224.14,12,0,,0,0,Argentina,Android,0
505892,13,1.49,159.29,85,1,10.0,0,0,Argentina,Android,1
505368,19,3.57,1172.3,23,1,6.1,0,0,Mexico,iOS,0
505481,28,7.61,59.92,7,1,10.0,0,0,Panama,iOS,0
502063,22,5.12,421.85,42,0,,0,0,Chile,Android,0
505523,13,1.59,318.12,43,1,6.0,1,0,Mexico,iOS,0
503302,34,7.98,275.22,30,1,4.4,0,0,Chile,Android,0
502645,5,5.25,192.95,29,1,6.9,1,0,Mexico,Android,0
504763,19,0.79,691.79,13,1,6.7,0,0,Republica Dominicana,Android,0
500050,8,2.32,235.38,19,1,4.0,0,0,Espana,Android,0
504201,9,2.39,240.97,58,0,,0,1,Mexico,Android,0
502250,11,1.23,249.59,103,3,7.8,0,0,Peru,iOS,1
500471,24,5.8,188.92,23,0,,1,0,Colombia,Android,1
505686,4,4.94,105.78,7,0,,1,1,Chile,iOS,0
504966,4,0.32,387.25,38,2,8.2,1,0,Colombia,Android,0
505509,21,2.89,174.97,48,0,,1,1,Argentina,Android,0
504334,10,3.0,404.18,48,1,7.7,0,1,Argentina,Android,1
505212,16,10.95,538.2,40,1,5.5,1,0,Colombia,iOS,0
500735,3,3.32,274.95,11,0,,1,0,Chile,Android,0
504564,12,3.45,332.85,7,0,,0,0,Colombia,Android,0
500891,13,4.67,378.41,16,1,4.6,1,0,Mexico,Android,0
500145,3,0.98,48.56,27,1,10.0,0,1,Espana,iOS,0
505364,27,0.55,414.67,19,1,8.2,0,1,Chile,Android,0
501396,6,2.02,325.57,38,2,6.2,1,0,Peru,iOS,0
501447,28,2.41,401.84,9,2,5.8,1,0,Panama,Android,0
502998,15,6.24,301.25,25,0,,0,0,Argentina,iOS,0
505989,10,4.06,191.06,36,1,7.2,1,0,Colombia,Android,1
504800,20,1.25,373.51,38,0,,1,0,Espana,Android,0
501509,38,0.27,524.73,92,0,,0,0,Argentina,iOS,1
502289,2,2.11,277.02,5,1,4.0,0,0,Colombia,Android,0
503810,3,4.33,475.78,32,3,6.4,0,0,Peru,iOS,0
505553,10,0.14,284.84,8,0,,0,0,Peru,Android,0
504319,7,1.89,210.61,11,2,7.2,0,0,Mexico,iOS,1
500470,18,0.63,171.7,36,1,7.4,1,0,Espana,Android,0
502116,2,3.56,202.31,23,0,,0,0,Mexico,iOS,0
501016,7,3.85,156.75,58,0,,0,1,Espana,iOS,0
504316,14,5.21,63.78,30,1,3.2,1,0,Chile,Android,0
501421,18,2.74,149.94,49,0,,1,0,Republica Dominicana,iOS,1
501521,27,4.64,1017.84,30,0,,0,0,Argentina,Android,0
500888,3,2.74,159.94,25,1,7.1,0,0,Peru,Android,0
504932,40,0.86,450.53,56,1,3.1,0,0,Espana,iOS,1
500439,3,4.07,86.29,21,0,,0,0,Peru,Android,0
502049,26,3.43,259.57,57,1,6.0,1,0,Espana,Android,1
503026,6,11.15,703.42,33,0,,1,0,Espana,iOS,1
501890,32,2.49,525.73,13,1,7.5,0,1,Mexico,Android,0
500805,29,1.7,412.47,13,0,,1,0,Argentina,iOS,0
500940,15,4.63,297.17,43,0,,0,0,Peru,Android,1
502671,8,2.62,316.77,31,1,6.4,0,1,Colombia,iOS,0
501626,9,2.41,113.93,25,0,,0,0,Mexico,iOS,0
504901,11,1.77,175.71,119,0,,0,1,Espana,Android,0
504139,16,8.24,461.89,84,1,6.9,0,0,Republica Dominicana,Android,1
500654,6,0.65,439.13,13,1,7.8,0,0,Chile,Android,0
501577,8,0.33,390.05,51,0,,1,0,Argentina,Android,0
504036,14,1.47,87.99,106,0,,1,0,Colombia,Android,1
504862,6,2.56,87.81,63,0,,0,0,Mexico,Android,0
501592,15,1.89,122.03,30,0,,0,0,Colombia,Android,0
503106,9,2.55,89.62,54,1,9.0,1,0,Peru,iOS,0
500203,16,4.73,331.33,14,0,,0,0,Peru,Android,0
501488,17,6.61,218.77,28,0,,1,0,Colombia,iOS,0
500239,8,6.32,344.72,23,0,,1,1,Panama,Android,0
504683,30,1.67,259.88,6,0,,0,1,Argentina,iOS,0
503421,13,1.82,381.03,20,0,,1,0,Espana,Android,0
503391,9,0.74,59.42,48,0,,0,0,Peru,iOS,1
505014,17,4.23,235.05,24,1,7.9,1,0,Mexico,Android,0
500479,16,4.38,87.31,15,0,,0,0,Mexico,Android,0
502285,4,4.54,555.21,76,2,6.3,0,0,Chile,Android,0
503945,7,1.45,86.78,6,0,,0,0,Colombia,iOS,1
504954,19,4.67,122.27,8,0,,0,0,Colombia,iOS,0
502532,3,0.53,115.99,49,1,9.1,0,1,Colombia,iOS,1
501692,24,3.6,487.06,19,0,,0,0,Peru,Android,0
503720,7,0.28,158.65,33,2,5.8,0,0,Colombia,Android,0
503785,16,4.17,101.59,63,0,,0,0,Mexico,iOS,0
503521,25,0.1,295.41,72,1,8.5,0,0,Mexico,Android,0
504700,15,0.74,473.42,60,1,8.9,1,0,Colombia,Android,1
502048,18,2.1,342.88,34,0,,0,0,Peru,Android,0
505176,28,1.0,554.33,33,0,,0,0,Argentina,iOS,0
504429,20,3.07,510.19,19,1,6.6,1,0,Mexico,Android,0
500054,14,2.03,336.76,16,2,7.2,0,0,Espana,Android,0
504578,9,2.21,401.99,59,1,6.0,0,0,Republica Dominicana,Android,0
504502,7,1.94,314.4,10,0,,1,0,Mexico,Android,0
505821,7,5.14,293.17,45,0,,0,0,Chile,Android,0
505828,11,3.43,374.89,68,0,,0,0,Espana,Android,0
500873,10,5.06,421.41,21,0,,0,1,Colombia,Android,0
503582,17,3.23,214.8,32,2,4.1,1,0,Peru,Android,0
502087,6,7.71,172.46,28,0,,0,0,Colombia,iOS,0
503662,13,1.32,518.75,53,0,,0,0,Mexico,Android,0
505644,31,4.51,141.95,29,0,,0,0,Republica Dominicana,Android,0
505214,4,8.96,185.72,7,1,8.0,0,0,Panama,Android,0
500456,7,3.22,628.24,19,1,5.3,0,0,Mexico,Android,0
501856,16,1.93,273.35,50,2,6.9,0,0,Colombia,iOS,1
502504,12,3.19,127.26,63,0,,0,0,Peru,iOS,0
500574,2,0.85,244.67,8,1,9.0,0,0,Chile,iOS,0
505680,29,0.55,191.05,58,0,,1,0,Espana,Android,1
504690,24,1.57,90.63,60,1,5.0,1,0,Espana,iOS,0
501442,6,5.18,406.81,38,1,4.3,0,0,Espana,iOS,1
502539,10,3.96,193.72,83,0,,0,0,Espana,Android,0
504846,16,0.54,815.87,34,2,7.9,0,0,Peru,iOS,0
502584,7,3.53,105.68,65,4,6.5,0,0,Mexico,Android,1
501906,20,1.33,109.91,64,0,,0,0,Espana,Android,0
500858,10,2.27,323.98,25,0,,1,0,Peru,Android,0
501655,28,1.99,106.25,23,2,7.8,0,0,Mexico,iOS,0
503366,30,5.41,72.25,35,1,6.4,0,0,Peru,Android,0
504512,14,2.12,368.39,19,1,7.5,0,0,Mexico,iOS,0
502153,13,0.62,89.2,102,2,9.9,1,1,Espana,iOS,0
503898,12,4.6,73.12,20,2,5.2,1,0,Colombia,Android,1
500545,9,0.35,210.53,9,0,,1,0,Panama,iOS,0
505128,10,0.99,104.77,42,1,6.0,0,0,Panama,iOS,1
505634,5,2.03,327.88,6,2,6.2,0,0,Colombia,Android,0
504545,7,1.07,210.7,2,0,,1,0,Republica Dominicana,iOS,0
504004,40,5.09,438.89,57,1,6.6,0,0,Republica Dominicana,iOS,1
501466,8,3.75,272.72,42,1,6.5,0,0,Chile,Android,1
501992,8,5.38,173.21,38,0,,0,0,Peru,iOS,0
500165,27,1.63,272.17,67,4,10.0,1,0,Mexico,iOS,0
503163,9,4.06,291.86,23,3,7.3,0,0,Panama,Android,0
502435,7,4.08,105.62,96,1,9.3,1,1,Mexico,iOS,0
501023,15,2.06,261.7,22,1,8.7,1,0,Mexico,iOS,0
500012,4,3.44,296.32,42,0,,0,0,Argentina,iOS,0
501621,5,1.97,99.08,40,0,,1,0,Espana,iOS,0
501778,2,1.38,66.47,24,1,3.1,0,0,Espana,Android,0
503705,19,4.33,254.2,20,1,5.2,1,0,Mexico,Android,0
503131,13,0.88,170.52,29,2,6.8,0,0,Republica Dominicana,Android,0
505405,3,2.81,363.03,27,2,5.1,1,0,Espana,Android,0
502100,5,2.85,150.45,26,0,,1,0,Chile,Android,0
501319,41,4.71,455.77,61,0,,0,0,Mexico,Android,0
500806,7,3.24,512.5,5,1,9.4,0,0,Chile,Android,0
502331,13,3.5,472.85,30,0,,1,0,Mexico,Android,1
502825,12,3.71,746.53,68,0,,0,1,Espana,Android,1
501529,22,2.55,211.05,32,0,,0,0,Argentina,Android,0
502126,18,2.12,126.99,25,1,8.0,1,1,Espana,iOS,0
503001,10,0.83,166.0,47,1,6.7,0,0,Mexico,iOS,0
501662,17,3.32,103.31,45,0,,1,0,Argentina,Android,1
500008,34,5.48,384.11,20,1,7.5,0,0,Mexico,iOS,0
504855,11,0.76,191.73,68,3,10.0,0,1,Colombia,Android,0
503365,31,3.3,283.86,60,1,4.3,0,0,Mexico,Android,0
501868,27,1.22,198.69,52,1,5.5,0,0,Argentina,iOS,0
500959,6,0.78,197.27,18,1,8.2,0,0,Mexico,iOS,0
503958,19,1.29,294.69,46,0,,0,0,Argentina,Android,0
505369,29,3.78,118.7,43,0,,0,0,Mexico,iOS,0
501895,8,3.47,176.2,42,0,,0,0,Espana,Android,1
503298,7,3.16,47.55,19,0,,0,0,Argentina,Android,0
504532,19,10.5,107.84,35,1,7.2,0,0,Argentina,Android,0
500646,6,5.2,553.43,34,1,5.7,0,0,Peru,iOS,0
504311,20,1.82,219.04,36,1,9.2,0,0,Espana,Android,0
502546,9,2.5,328.57,35,1,8.3,1,0,Panama,iOS,0
501163,14,0.17,388.1,27,0,,1,0,Peru,Android,0
501843,5,4.44,134.47,5,0,,1,1,Peru,Android,0
500396,2,2.0,379.06,26,0,,0,0,Republica Dominicana,Android,0
504647,15,1.51,187.97,14,0,,0,0,Argentina,Android,0
504115,20,3.63,472.7,17,1,5.9,1,1,Colombia,Android,0
502716,41,2.41,250.07,24,0,,1,0,Colombia,Android,0
502982,9,1.46,182.24,33,0,,1,0,Argentina,Android,1
504089,8,6.1,463.11,11,0,,1,0,Mexico,Android,0
502841,48,2.12,185.01,12,2,5.4,1,0,Peru,iOS,0
503560,11,1.7,447.04,8,1,8.2,1,0,Peru,iOS,1
505933,14,1.94,295.43,18,1,8.5,0,0,Mexico,iOS,0
502137,6,2.15,176.4,12,0,,0,0,Argentina,Android,0
503355,1,3.71,313.34,9,0,,0,0,Chile,Android,1
501531,15,6.76,245.95,9,1,6.2,0,0,Chile,iOS,0
500981,7,5.24,221.12,7,1,9.2,0,0,Mexico,Android,0
500391,4,1.65,399.59,10,4,6.3,1,1,Republica Dominicana,Android,1
503535,42,2.92,207.47,48,0,,1,0,Peru,Android,0
500882,2,3.32,229.08,76,1,8.6,0,1,Mexico,Android,0
505392,5,1.6,394.89,23,0,,0,1,Chile,iOS,0
502959,14,3.93,425.8,2,1,5.2,0,0,Republica Dominicana,iOS,1
501671,13,4.71,495.89,68,0,,0,1,Espana,Android,0
503338,6,1.4,141.88,19,1,6.3,0,0,Colombia,Android,1
504758,6,1.33,159.94,16,0,,0,0,Chile,iOS,1
504134,27,2.3,144.14,29,1,8.5,1,1,Panama,Android,0
501935,15,2.12,280.66,74,0,,1,1,Espana,Android,0
504571,23,1.96,362.56,11,1,6.7,0,0,Panama,iOS,0
504449,15,0.97,204.89,85,3,10.0,0,0,Peru,Android,0
501839,2,6.46,102.35,11,0,,1,0,Argentina,iOS,0
505815,11,0.46,109.1,61,0,,1,0,Espana,Android,1
502561,3,3.52,196.44,45,0,,1,0,Espana,Android,0
505197,35,3.89,165.96,56,0,,1,0,Colombia,iOS,0
505336,3,1.47,210.63,11,3,4.5,0,0,Mexico,iOS,0
503778,6,2.07,47.56,3,0,,0,0,Mexico,Android,0
504841,26,1.39,62.59,21,1,7.7,0,1,Chile,iOS,0
501663,5,1.45,330.1,55,0,,0,0,Espana,Android,0
502989,7,3.47,140.06,9,0,,0,0,Mexico,iOS,0
503919,8,0.89,226.4,35,0,,0,0,Espana,iOS,1
503004,22,1.88,283.48,39,1,7.4,1,0,Panama,iOS,0
504105,17,1.57,414.37,21,3,4.1,0,1,Espana,Android,0
500917,16,1.03,280.45,28,1,8.4,1,0,Espana,Android,1
503458,11,1.98,144.87,52,0,,1,1,Mexico,Android,0
500698,12,1.92,145.83,44,0,,0,0,Republica Dominicana,iOS,1
505736,10,3.14,110.81,28,0,,0,0,Chile,Android,0
504032,7,2.8,215.45,14,0,,0,0,Colombia,iOS,0
501413,48,3.86,280.32,75,1,9.7,0,0,Espana,Android,0
503663,10,5.08,437.34,45,1,7.1,0,0,Republica Dominicana,Android,0
502147,17,0.83,301.71,68,0,,0,0,Chile,iOS,0
502438,4,1.16,277.17,45,0,,1,0,Argentina,iOS,0
501719,29,3.61,36.38,17,0,,1,0,Mexico,Android,0
502873,8,1.59,200.91,30,1,10.0,0,0,Republica Dominicana,Android,0
504919,3,1.4,747.87,57,0,,0,0,Colombia,iOS,0
503747,8,3.12,128.48,13,2,7.2,0,0,Colombia,Android,0
505761,20,2.42,130.15,8,1,4.2,0,0,Colombia,iOS,0
500017,17,5.09,220.64,41,1,6.7,0,0,Espana,Android,0
500998,19,2.97,408.13,47,0,,0,0,Colombia,Android,0
500423,4,2.05,205.51,56,0,,1,0,Panama,Android,1
504668,22,5.26,403.11,11,0,,1,0,Mexico,Android,0
504017,24,1.72,294.49,66,0,,0,0,Colombia,iOS,0
504898,22,1.68,459.72,17,0,,0,0,Panama,iOS,1
505096,27,0.18,252.53,1,1,6.4,0,1,Panama,Android,0
501586,7,2.76,384.42,28,0,,0,0,Mexico,iOS,0
500680,16,0.45,108.61,34,0,,1,0,Republica Dominicana,Android,1
504229,37,1.2,58.53,11,2,8.0,1,0,Argentina,Android,0
502031,7,3.53,381.39,30,0,,0,0,Mexico,Android,0
503030,13,2.53,225.08,22,0,,1,1,Mexico,iOS,0
502437,29,3.4,99.21,52,1,4.8,0,0,Chile,Android,1
503973,14,2.07,327.69,52,0,,0,1,Argentina,Android,1
501185,19,1.22,97.05,30,0,,1,0,Colombia,Android,0
502296,9,1.24,500.93,33,1,9.3,0,0,Espana,Android,0
505576,18,4.51,190.09,48,1,5.5,1,0,Espana,Android,0
503464,7,1.37,171.94,6,0,,1,0,Espana,iOS,0
504432,18,1.99,274.34,0,0,,1,0,Peru,Android,0
502984,7,3.19,162.0,25,1,8.3,0,0,Argentina,Android,0
505089,21,1.63,264.19,31,0,,1,1,Colombia,iOS,0
504094,14,4.74,334.21,8,0,,1,0,Colombia,Android,0
504581,12,7.48,335.06,12,0,,1,0,Republica Dominicana,Android,0
502082,13,1.69,839.21,18,0,,1,0,Republica Dominicana,iOS,0
501902,3,0.95,473.44,29,1,7.5,0,0,Mexico,Android,1
501212,5,4.67,92.11,46,0,,1,0,Panama,iOS,1
504019,7,3.99,295.93,64,0,,1,1,Espana,iOS,0
502138,44,3.03,349.96,36,2,7.1,0,1,Espana,Android,0
505034,16,3.13,111.47,48,0,,0,0,Colombia,Android,0
504173,17,0.7,131.33,17,2,6.1,1,0,Colombia,Android,0
503512,7,2.75,64.09,2,1,3.9,0,1,Colombia,Android,0
500466,14,1.86,295.39,2,1,6.9,0,0,Mexico,Android,0
505451,6,8.25,581.44,5,0,,0,0,Chile,Android,0
504410,13,3.0,236.87,72,0,,0,0,Colombia,Android,0
504782,13,0.99,94.82,19,1,7.7,0,1,Panama,Android,1
502261,8,0.13,203.5,23,1,7.3,1,0,Espana,Android,0
502872,10,3.39,317.44,43,1,6.4,0,0,Republica Dominicana,iOS,0
502771,17,3.22,301.13,75,1,7.8,0,0,Espana,Android,1
505082,21,5.45,262.82,20,0,,0,0,Argentina,Android,0
503508,12,3.1,55.31,4,1,5.1,1,0,Argentina,iOS,0
504284,40,2.68,301.96,34,0,,0,0,Espana,iOS,0
504834,6,4.34,228.9,13,0,,0,0,Colombia,Android,1
501561,11,2.89,553.23,38,1,6.6,1,0,Mexico,iOS,0
500579,3,0.96,106.73,9,0,,1,1,Panama,Android,0
503811,10,4.7,422.28,90,0,,0,0,Mexico,iOS,0
505292,17,1.86,418.17,34,1,6.6,0,0,Espana,Android,0
505670,15,2.48,96.37,10,0,,0,0,Republica Dominicana,Android,0
501971,14,5.34,316.23,15,0,,0,0,Argentina,iOS,0
501213,4,3.64,205.19,102,0,,1,0,Colombia,Android,1
503968,35,1.28,161.36,3,2,8.9,1,1,Argentina,Android,0
504550,39,5.73,295.84,22,0,,1,1,Mexico,Android,0
501539,21,0.92,637.53,53,0,,0,1,Colombia,iOS,0
505454,16,1.31,72.85,20,2,8.5,0,1,Peru,iOS,0
500053,23,1.6,591.51,14,1,7.6,1,0,Mexico,Android,0
501876,13,4.43,136.87,85,0,,0,0,Argentina,Android,1
505656,23,3.1,80.45,115,0,,0,1,Republica Dominicana,Android,1
505923,14,1.28,363.21,9,0,,1,0,Espana,iOS,0
502854,8,3.18,45.67,15,1,5.1,0,0,Republica Dominicana,Android,0
505558,27,3.65,228.74,8,1,6.9,1,1,Espana,Android,0
503974,36,1.45,121.66,16,0,,0,1,Republica Dominicana,iOS,0
500268,8,1.26,440.77,19,1,6.6,0,1,Espana,iOS,0
504892,9,5.29,379.32,18,0,,0,1,Mexico,Android,0
503290,10,3.6,555.03,4,0,,1,0,Republica Dominicana,Android,0
500264,2,0.16,244.84,12,3,7.5,0,0,Republica Dominicana,iOS,1
501131,12,4.19,389.76,15,2,7.7,1,0,Mexico,Android,0
505183,11,2.34,261.6,67,0,,0,1,Peru,iOS,0
502165,33,0.63,235.73,25,0,,1,0,Peru,Android,0
501162,53,1.76,306.26,8,0,,0,0,Peru,Android,0
500714,31,6.81,70.59,22,1,4.8,0,0,Peru,iOS,0
504903,13,3.33,256.83,22,0,,1,0,Mexico,Android,0
500752,14,1.57,247.07,18,1,6.4,1,0,Republica Dominicana,Android,0
505587,13,1.41,183.15,1,0,,0,0,Mexico,iOS,0
500084,11,1.97,446.52,33,1,8.3,0,0,Chile,iOS,0
503033,1,0.47,160.71,4,0,,0,1,Mexico,Android,0
501821,40,3.87,182.54,11,1,7.1,0,1,Espana,iOS,0
503170,32,2.41,510.65,5,0,,0,0,Espana,Android,0
502868,5,5.4,165.05,47,2,8.9,0,0,Espana,Android,0
501130,15,0.88,98.46,9,0,,0,0,Chile,iOS,0
505538,3,0.84,879.32,8,1,5.9,0,1,Panama,Android,0
504065,16,1.87,259.05,43,1,6.1,0,0,Espana,Android,0
502330,43,0.78,174.89,13,0,,1,0,Espana,Android,0
502145,21,0.39,67.38,11,2,5.6,0,0,Espana,Android,0
505127,8,6.96,388.64,32,1,6.8,0,0,Argentina,Android,0
502255,7,2.7,157.06,52,1,3.4,0,0,Argentina,Android,0
505993,11,5.88,304.87,22,1,6.7,0,0,Chile,iOS,0
505605,3,1.44,289.95,22,0,,0,0,Colombia,iOS,1
503516,14,2.95,681.51,29,1,8.4,1,0,Mexico,Android,0
500014,15,3.12,89.07,28,1,8.9,1,1,Argentina,Android,0
505002,25,5.88,300.35,121,0,,0,1,Espana,Android,0
500454,2,1.06,153.47,52,0,,0,0,Republica Dominicana,iOS,1
504260,2,1.02,18.94,2,0,,0,0,Mexico,Android,0
503240,14,3.25,300.58,21,0,,0,0,Chile,Android,0
503400,5,2.05,211.91,35,1,5.2,0,1,Argentina,Android,0
501285,5,1.53,424.83,11,2,6.5,0,0,Chile,Android,0
501411,7,1.14,254.38,44,1,8.7,0,0,Espana,iOS,0
502494,30,1.09,302.64,23,0,,0,1,Chile,iOS,0
501907,6,1.98,800.34,83,1,1.5,0,1,Chile,iOS,1
501436,22,3.52,380.53,67,0,,0,0,Colombia,iOS,0
501432,3,0.4,99.53,22,0,,0,1,Mexico,Android,0
502463,28,3.12,114.73,46,1,3.7,0,0,Panama,Android,0
504810,27,2.94,263.78,39,0,,0,0,Mexico,iOS,0
503225,8,2.89,76.94,11,1,7.3,1,0,Peru,Android,0
503385,7,0.74,298.74,22,2,7.7,0,0,Panama,iOS,1
504543,32,0.48,424.26,28,1,6.2,0,0,Panama,Android,1
500127,9,2.66,241.97,25,2,8.5,0,0,Colombia,Android,0
502401,12,5.62,199.4,12,1,5.5,1,0,Espana,iOS,0
501976,17,1.97,161.05,29,2,6.0,1,0,Argentina,Android,0
504351,11,4.02,169.68,23,0,,0,1,Espana,Android,0
502603,3,6.38,204.11,20,1,6.3,0,0,Colombia,Android,1
502970,31,0.95,819.42,12,1,5.0,0,0,Espana,iOS,0
504299,2,2.42,238.48,102,0,,0,0,Republica Dominicana,iOS,0
501740,17,1.15,281.33,102,2,6.7,0,0,Chile,Android,1
505444,14,1.76,562.07,9,2,5.3,0,0,Espana,iOS,1
502205,19,4.23,360.05,87,0,,1,0,Espana,Android,1
505941,7,2.9,287.84,75,0,,0,0,Chile,Android,1
500359,45,0.79,789.89,36,1,10.0,0,1,Chile,Android,0
505417,14,1.05,36.85,49,1,3.4,0,0,Mexico,Android,1
500770,6,5.29,133.69,48,0,,0,0,Argentina,iOS,0
505486,20,3.47,323.9,40,0,,1,1,Peru,Android,0
501733,6,3.6,477.16,17,0,,0,0,Chile,Android,0
500930,6,7.34,117.97,15,0,,0,0,Chile,iOS,0
504621,31,4.97,215.71,5,1,6.8,0,0,Colombia,iOS,0
504220,11,3.55,151.47,30,0,,0,0,Chile,Android,0
502120,9,3.71,165.36,65,2,6.6,1,0,Panama,iOS,0
503664,25,2.99,670.91,3,1,5.4,0,0,Mexico,Android,0
501603,7,2.1,82.53,27,1,6.3,0,1,Chile,Android,0
503034,17,3.94,372.86,33,1,8.6,0,1,Republica Dominicana,Android,0
504897,18,5.2,144.98,18,1,6.3,1,0,Colombia,Android,0
501581,14,0.18,191.19,3,1,5.9,0,0,Republica Dominicana,Android,0
503427,2,2.1,75.88,15,0,,1,0,Republica Dominicana,iOS,0
504151,30,0.34,202.22,15,1,10.0,0,0,Chile,Android,0
504631,10,4.63,131.61,32,0,,0,1,Chile,Android,0
502224,32,3.12,157.82,5,0,,1,0,Peru,Android,0
504801,5,0.45,222.83,81,1,6.4,0,0,Espana,Android,0
504227,6,2.23,132.09,29,0,,0,0,Colombia,Android,0
501254,26,2.06,222.81,34,2,5.9,1,0,Panama,iOS,1
500058,9,4.21,218.09,29,0,,0,0,Mexico,iOS,0
501471,8,0.12,135.9,11,0,,1,1,Mexico,Android,0
504869,14,8.47,342.89,12,0,,0,0,Panama,Android,0
505849,16,1.74,291.44,26,1,4.2,1,0,Colombia,Android,0
503654,25,2.03,248.02,19,0,,1,0,Mexico,Android,0
501210,21,1.0,142.87,81,2,7.4,0,1,Espana,iOS,0
504336,14,2.68,464.44,29,0,,0,0,Mexico,Android,0
504455,30,2.73,181.24,18,3,7.4,0,0,Espana,Android,0
501850,9,1.25,127.75,86,0,,1,0,Mexico,Android,0
504150,20,7.73,194.13,44,0,,0,0,Espana,iOS,0
503734,13,1.88,227.49,22,0,,0,0,Republica Dominicana,Android,0
503715,16,0.66,111.45,29,1,10.0,1,0,Republica Dominicana,Android,0
501742,24,0.98,38.12,29,0,,0,0,Colombia,Android,0
504794,14,1.85,91.3,23,2,1.6,0,0,Panama,Android,0
503485,8,1.67,135.6,113,0,,1,0,Mexico,Android,1
502754,28,0.13,83.89,9,0,,1,0,Colombia,iOS,0
504744,6,1.56,264.21,31,1,3.0,1,1,Chile,Android,0
500751,15,1.73,444.25,53,0,,0,0,Panama,Android,0
504688,13,3.09,427.07,16,1,5.2,0,0,Espana,Android,1
500041,11,2.29,125.3,64,0,,1,0,Mexico,Android,0
501039,33,4.96,98.39,45,0,,1,0,Republica Dominicana,iOS,0
500311,9,1.35,424.66,21,0,,0,0,Colombia,iOS,0
501794,34,1.16,112.4,7,1,8.3,1,0,Mexico,Android,0
501054,2,3.33,211.9,96,0,,0,0,Republica Dominicana,Android,0
505555,19,1.51,170.61,60,0,,0,0,Argentina,Android,0
502127,21,3.38,296.33,20,0,,0,0,Mexico,iOS,0
500435,22,5.22,447.46,13,0,,0,1,Peru,iOS,0
501938,32,3.47,176.63,28,0,,0,0,Mexico,Android,0
501043,12,3.17,453.26,47,0,,0,0,Chile,Android,0
503379,10,5.22,360.81,16,0,,0,0,Mexico,iOS,0
505041,17,2.01,355.94,43,1,8.9,0,0,Mexico,Android,0
502252,15,2.13,266.78,22,0,,1,1,Mexico,iOS,0
502308,7,6.7,78.42,5,0,,0,0,Colombia,Android,0
504510,16,2.28,169.59,9,0,,1,0,Colombia,Android,0
501982,3,1.08,236.78,91,1,5.0,0,0,Panama,Android,1
501460,12,0.91,215.0,91,1,8.6,1,1,Argentina,iOS,0
500096,4,0.17,442.0,40,0,,0,0,Colombia,iOS,0
500219,17,1.3,88.61,55,0,,0,0,Espana,Android,1
505726,4,1.94,501.18,46,1,5.2,0,0,Argentina,Android,1
500413,18,2.44,357.47,25,0,,0,1,Espana,Android,0
502005,20,0.79,65.95,23,1,7.1,1,0,Chile,iOS,0
500233,7,0.28,217.36,12,2,10.0,0,0,Espana,iOS,0
505181,12,1.94,15.45,19,0,,0,0,Republica Dominicana,Android,0
501474,20,2.63,483.1,26,0,,0,0,Colombia,iOS,1
502043,12,3.48,133.76,36,0,,0,1,Panama,Android,0
502983,11,1.52,102.01,24,0,,0,0,Mexico,Android,0
505544,35,2.87,488.62,32,0,,0,1,Colombia,iOS,0
500939,32,1.46,448.03,71,1,5.8,0,0,Chile,iOS,1
501493,34,1.73,277.22,17,2,6.9,0,1,Mexico,Android,0
502799,39,0.91,612.7,14,0,,0,0,Mexico,iOS,0
504216,10,1.7,207.9,48,1,7.3,1,1,Chile,iOS,0
503613,4,1.75,161.48,7,0,,1,0,Mexico,iOS,0
502669,8,5.34,299.98,37,0,,0,0,Espana,iOS,0
504028,1,2.0,439.74,29,0,,1,0,Mexico,Android,0
500166,18,2.84,178.16,15,0,,0,1,Mexico,Android,0
501317,10,5.01,392.91,31,1,9.1,0,0,Chile,iOS,0
500352,17,3.71,123.37,11,0,,0,0,Chile,Android,0
500010,15,1.14,385.66,39,1,7.4,1,0,Peru,Android,0
500133,12,2.77,355.77,28,0,,0,0,Colombia,Android,0
501840,10,1.76,500.32,17,0,,0,0,Mexico,iOS,0
500343,19,3.69,238.72,26,2,10.0,1,0,Republica Dominicana,Android,0
500114,13,3.67,204.69,44,0,,0,0,Peru,Android,0
505484,10,3.35,60.41,4,0,,0,0,Colombia,Android,0
501783,20,3.85,327.85,19,0,,1,0,Chile,Android,0
505117,13,1.32,86.58,15,1,6.2,0,0,Espana,Android,1
503985,15,1.92,305.08,28,1,10.0,0,0,Panama,Android,0
505574,14,7.13,344.13,53,0,,0,0,Peru,iOS,0
505245,11,2.06,201.87,59,0,,0,0,Espana,Android,0
505061,13,0.99,133.05,23,1,6.6,1,0,Argentina,iOS,0
505320,14,5.96,153.47,9,1,7.1,0,0,Mexico,Android,0
505566,11,3.69,199.25,47,1,6.5,1,1,Espana,Android,0
502406,7,0.38,260.75,52,2,6.3,1,0,Panama,Android,1
503895,4,2.82,271.13,97,0,,0,0,Mexico,iOS,1
502497,10,1.6,170.49,48,0,,1,1,Peru,Android,0
504696,20,2.05,101.88,29,3,9.8,0,0,Argentina,Android,0
502425,26,0.41,122.81,96,0,,0,0,Panama,iOS,0
501252,12,3.63,148.21,32,0,,0,0,Espana,Android,0
504399,6,4.79,314.34,42,4,6.0,0,1,Espana,Android,1
500533,5,0.29,83.84,12,0,,1,0,Colombia,iOS,0
505195,3,1.39,403.79,48,2,6.1,1,0,Chile,Android,0
504707,7,2.93,308.84,15,1,7.6,1,0,Espana,iOS,0
502062,20,0.43,199.12,27,0,,0,0,Espana,Android,0
502946,8,2.85,267.22,13,2,8.3,0,0,Argentina,Android,0
503088,13,2.15,62.62,60,0,,1,1,Argentina,iOS,0
505579,16,3.2,186.68,15,0,,1,0,Panama,iOS,1
500920,8,1.68,401.4,7,1,8.7,0,0,Colombia,iOS,0
504191,30,6.67,840.92,32,0,,1,1,Mexico,iOS,0
504232,17,2.96,125.36,114,1,3.5,1,0,Republica Dominicana,iOS,1
501943,4,4.87,25.99,12,0,,1,0,Espana,Android,0
504321,1,5.26,191.54,60,0,,1,0,Mexico,iOS,0
500569,10,1.1,310.55,22,0,,0,0,Mexico,Android,1
500603,4,0.82,256.56,16,0,,0,0,Peru,Android,0
502880,23,1.17,103.12,15,0,,1,1,Republica Dominicana,Android,0
500778,7,6.52,449.26,24,1,5.8,0,0,Peru,Android,0
503585,10,3.31,84.07,33,1,2.2,0,1,Chile,Android,1
505959,11,0.27,203.54,8,0,,0,0,Espana,Android,1
500402,12,7.75,279.1,27,0,,0,0,Colombia,iOS,0
504682,14,2.76,296.6,29,1,7.8,0,0,Colombia,Android,0
504288,17,8.72,149.88,57,0,,0,1,Mexico,Android,0
502008,3,1.1,224.4,37,0,,0,1,Peru,iOS,0
500128,21,2.86,790.86,49,0,,1,0,Argentina,Android,0
500021,21,0.54,252.36,10,1,9.7,0,0,Espana,Android,0
503643,14,2.2,411.62,1,0,,1,0,Colombia,iOS,0
500036,7,3.17,290.0,22,0,,1,0,Argentina,Android,0
501262,10,0.87,166.83,42,1,5.9,0,0,Mexico,Android,0
501711,15,2.35,225.01,32,1,7.6,0,0,Argentina,Android,1
501206,21,7.7,46.68,52,0,,0,0,Mexico,iOS,0
503980,18,3.66,371.05,18,1,8.3,0,0,Peru,Android,0
503090,4,2.87,381.11,194,1,8.3,0,1,Republica Dominicana,Android,1
501403,8,5.34,246.14,42,0,,0,0,Peru,iOS,0
504247,16,4.75,172.03,38,0,,0,1,Espana,iOS,0
504735,10,1.32,170.34,8,0,,1,0,Colombia,iOS,0
502696,11,0.37,223.76,7,3,8.6,0,0,Argentina,Android,0
501504,22,3.76,360.67,25,0,,1,0,Espana,iOS,0
500494,14,3.17,185.67,41,1,9.2,1,0,Colombia,iOS,0
504808,27,1.25,159.77,30,1,4.4,1,0,Argentina,iOS,0
502162,19,1.12,781.35,40,0,,1,0,Argentina,iOS,0
502204,11,3.84,382.45,96,1,6.5,0,1,Chile,Android,1
504569,15,1.73,68.07,82,0,,0,0,Colombia,Android,1
503626,8,1.72,177.13,26,1,5.9,1,1,Colombia,iOS,0
500500,16,3.29,45.55,45,0,,0,0,Mexico,Android,0
501005,16,3.29,269.29,57,0,,0,0,Argentina,Android,0
502625,10,1.5,188.73,9,2,3.1,0,0,Chile,iOS,0
504527,9,1.6,273.38,63,0,,1,0,Colombia,Android,1
500847,17,2.82,422.46,24,0,,0,0,Espana,Android,0
505682,34,1.42,445.58,29,0,,0,0,Panama,Android,0
503373,10,1.49,174.32,16,0,,1,1,Colombia,iOS,1
501548,6,7.15,137.04,17,0,,0,0,Republica Dominicana,Android,0
505422,19,1.87,321.19,82,0,,1,0,Argentina,Android,1
502454,9,1.9,56.41,46,0,,1,1,Peru,Android,0
503266,8,1.26,400.46,74,1,5.7,0,0,Republica Dominicana,Android,1
501202,3,0.24,547.22,11,2,10.0,0,0,Republica Dominicana,Android,0
500035,23,1.55,143.82,43,0,,0,0,Espana,Android,1
501555,6,3.56,269.26,36,1,5.2,1,1,Espana,Android,0
504770,16,1.9,479.69,32,0,,0,0,Chile,iOS,0
500725,6,2.61,149.65,17,0,,1,0,Mexico,Android,0
502691,1,3.47,306.61,42,0,,0,1,Argentina,Android,0
502689,27,1.39,281.72,46,2,9.3,0,0,Colombia,Android,0
501223,11,0.91,183.27,52,0,,0,0,Chile,Android,0
505006,18,5.98,159.06,23,0,,1,0,Argentina,Android,1
501089,13,3.8,357.12,118,1,6.6,1,0,Colombia,iOS,0
500908,26,4.89,145.21,63,0,,1,0,Argentina,Android,0
503850,2,7.6,513.66,33,2,7.8,0,0,Argentina,Android,0
503357,23,0.84,186.56,42,0,,1,0,Peru,Android,0
502681,5,2.03,340.68,49,0,,1,0,Peru,Android,0
501705,33,3.5,100.07,23,0,,1,1,Chile,Android,0
500576,7,1.39,169.32,121,2,9.0,1,1,Espana,iOS,0
505429,3,0.38,422.44,106,0,,0,0,Chile,Android,0
500541,4,1.29,234.88,3,0,,0,0,Argentina,iOS,0
503252,16,2.22,334.15,18,1,6.2,1,0,Colombia,iOS,1
505748,13,5.93,310.44,27,2,7.0,0,0,Republica Dominicana,Android,0
500284,13,2.89,341.19,20,0,,0,0,Peru,iOS,0
504478,17,2.02,138.57,35,3,8.3,0,0,Peru,iOS,0
502117,6,4.67,262.88,6,0,,0,0,Peru,Android,0
501800,15,0.95,386.09,74,1,9.0,0,1,Republica Dominicana,iOS,0
502039,11,7.8,129.1,2,0,,0,0,Mexico,iOS,0
500843,9,0.79,134.45,18,1,7.3,0,1,Colombia,iOS,0
504414,24,2.53,375.27,52,1,5.2,0,0,Argentina,Android,1
503350,30,2.38,933.74,41,0,,0,0,Argentina,Android,0
502431,2,6.38,461.89,35,0,,0,0,Colombia,iOS,0
500760,5,5.67,623.64,4,0,,0,0,Republica Dominicana,Android,0
502428,27,0.48,259.6,21,0,,0,0,Mexico,Android,0
500613,10,1.02,656.44,129,0,,0,0,Mexico,Android,1
503299,7,1.98,544.45,22,0,,0,0,Panama,Android,0
500633,19,4.1,780.46,50,0,,1,0,Mexico,iOS,0
505943,5,1.06,332.76,39,0,,1,0,Espana,Android,0
505352,19,0.86,512.16,59,1,5.5,0,0,Peru,Android,1
505777,5,1.0,124.7,4,1,6.0,0,0,Mexico,Android,0
505992,12,0.1,104.93,10,0,,1,0,Peru,Android,0
504103,40,2.74,80.53,5,0,,1,0,Chile,iOS,0
504872,4,10.14,767.66,66,1,7.9,0,0,Panama,iOS,1
504164,15,9.59,375.9,18,0,,0,0,Espana,Android,0
504866,18,4.8,119.21,14,0,,0,0,Peru,Android,0
501640,4,2.42,577.9,7,0,,1,0,Argentina,Android,0
503836,2,2.52,239.98,51,2,7.9,0,1,Peru,Android,0
502020,8,1.84,276.79,17,0,,0,0,Mexico,iOS,0
501339,20,2.76,138.01,36,0,,1,0,Argentina,Android,0
502133,8,6.63,66.77,20,1,7.2,1,0,Republica Dominicana,iOS,0
504832,4,1.33,628.14,38,0,,1,0,Chile,Android,0
505899,8,3.75,244.46,9,1,7.3,0,0,Republica Dominicana,Android,0
500885,10,2.04,248.55,31,0,,0,0,Peru,Android,0
501934,13,1.31,442.07,27,1,7.8,0,1,Espana,Android,0
502935,28,3.03,270.49,35,0,,0,0,Chile,iOS,1
502397,11,0.93,275.22,13,1,4.0,0,0,Espana,Android,0
503909,5,5.56,81.42,56,0,,0,0,Espana,iOS,0
504600,5,0.85,347.76,10,0,,0,0,Mexico,iOS,0
500874,12,3.32,182.03,51,1,5.6,0,0,Colombia,Android,0
503765,16,4.54,222.06,25,0,,0,0,Mexico,Android,0
504560,12,2.67,321.62,29,0,,1,0,Chile,Android,0
505543,16,2.49,488.15,36,0,,0,0,Colombia,Android,0
505552,13,1.71,35.67,48,2,6.5,0,0,Colombia,Android,1
505248,33,5.74,618.04,25,1,6.3,1,0,Peru,Android,0
503228,15,2.66,531.08,31,1,8.0,0,0,Mexico,iOS,0
503879,37,0.8,100.74,20,2,4.5,1,0,Panama,iOS,1
504920,33,11.73,28.64,32,2,6.7,0,0,Colombia,Android,0
504768,25,0.86,222.95,19,0,,1,0,Mexico,iOS,0
503797,9,3.73,710.4,42,0,,0,0,Republica Dominicana,Android,0
504974,6,1.94,162.43,32,1,2.4,1,0,Mexico,Android,0
501047,12,0.56,162.18,29,2,7.2,0,1,Colombia,iOS,0
504769,4,1.53,373.5,6,0,,0,0,Colombia,iOS,0
500595,23,2.44,139.75,39,0,,1,0,Chile,Android,1
502943,22,5.03,352.08,16,1,7.5,1,0,Peru,Android,0
502099,19,0.69,299.18,9,0,,0,0,Peru,iOS,0
501167,9,4.21,619.93,29,1,9.6,0,0,Argentina,Android,0
501700,4,2.93,429.03,123,0,,0,1,Colombia,iOS,0
502294,9,1.27,348.25,6,0,,1,0,Espana,Android,0
504997,6,2.12,463.07,4,0,,1,0,Espana,iOS,0
500501,15,2.59,249.23,11,1,6.5,1,0,Peru,iOS,0
504100,7,2.47,330.02,2,1,6.5,0,0,Panama,iOS,0
501990,30,3.71,393.33,22,0,,0,0,Argentina,iOS,0
501121,13,1.03,312.4,42,0,,0,0,Espana,iOS,0
505728,6,3.02,150.66,46,0,,0,1,Espana,iOS,0
500586,17,4.22,291.54,89,1,7.9,1,0,Espana,Android,1
502991,19,7.7,370.52,6,2,6.2,0,1,Argentina,iOS,0
500969,5,1.9,616.08,24,1,7.6,0,0,Espana,iOS,0
503168,18,5.99,204.67,34,0,,1,0,Republica Dominicana,Android,0
501652,17,7.77,550.69,55,1,7.1,1,1,Panama,Android,0
502901,9,1.96,412.18,42,0,,0,0,Espana,iOS,0
501974,6,5.19,179.67,77,0,,1,0,Espana,Android,0
503863,8,3.68,85.57,72,0,,0,0,Panama,Android,0
502866,12,2.4,165.73,87,1,4.8,1,0,Peru,iOS,0
502038,21,0.59,81.63,27,1,6.5,0,0,Argentina,Android,0
505332,7,1.59,448.64,57,2,8.2,1,0,Chile,iOS,1
502658,9,0.12,252.62,25,0,,0,0,Mexico,Android,0
505911,15,3.06,547.81,28,1,8.0,1,1,Panama,iOS,0
500437,27,4.0,1175.92,84,0,,1,0,Peru,Android,0
502751,11,1.43,274.29,6,2,8.7,1,0,Espana,Android,0
504499,7,5.33,79.5,61,0,,0,0,Mexico,Android,0
503498,14,0.91,356.96,19,0,,1,0,Espana,iOS,0
504423,12,2.04,230.8,22,2,6.0,0,0,Republica Dominicana,iOS,1
501059,16,1.31,385.1,62,0,,0,0,Espana,Android,0
504267,11,0.8,494.77,42,0,,1,1,Espana,Android,0
503636,16,2.59,134.36,35,1,8.7,1,1,Peru,iOS,1
504083,28,2.1,201.39,43,0,,0,1,Peru,iOS,0
505578,20,0.17,287.96,38,0,,1,1,Espana,Android,0
502085,9,1.35,789.26,46,0,,0,0,Mexico,iOS,0
504049,14,5.37,517.43,26,0,,1,0,Peru,iOS,0
501451,8,0.62,203.88,21,0,,0,0,Chile,Android,0
503360,23,4.87,191.96,112,0,,1,0,Peru,Android,1
504008,21,6.29,59.61,37,0,,0,0,Republica Dominicana,iOS,0
502378,4,2.21,576.32,63,1,8.3,0,1,Mexico,Android,0
505785,5,3.12,180.0,60,0,,1,0,Colombia,Android,0
502281,7,7.29,156.11,37,0,,1,1,Colombia,Android,0
505457,7,4.27,354.3,14,1,4.6,0,0,Mexico,Android,1
505442,20,2.61,159.76,42,1,9.7,0,0,Panama,Android,0
502151,10,3.96,192.54,10,1,10.0,0,1,Peru,Android,0
500106,35,2.65,28.87,9,0,,0,0,Peru,iOS,0
504238,27,4.09,393.15,5,0,,1,0,Colombia,Android,0
505017,15,3.11,357.47,15,1,8.4,1,0,Panama,Android,0
505449,6,0.59,427.03,8,0,,0,0,Republica Dominicana,Android,0
500744,27,6.7,667.59,20,1,5.3,1,0,Argentina,Android,0
504582,10,1.85,458.56,91,0,,0,0,Espana,iOS,0
502315,10,5.94,80.05,40,1,4.3,0,0,Chile,Android,0
502564,9,2.42,99.96,103,0,,1,1,Panama,iOS,0
504365,9,0.53,208.08,11,0,,0,0,Espana,Android,0
500415,30,2.63,128.75,28,1,5.5,1,0,Mexico,Android,0
500094,6,1.84,330.32,31,2,8.8,1,0,Argentina,Android,0
500322,14,3.49,476.79,26,1,10.0,1,0,Mexico,iOS,0
504742,11,1.81,358.11,19,1,7.8,1,0,Republica Dominicana,iOS,0
503746,6,4.08,100.66,3,2,7.5,1,0,Colombia,Android,1
505820,7,2.48,292.73,42,1,8.9,1,0,Espana,Android,0
505280,15,0.59,499.19,7,0,,0,0,Mexico,Android,0
500052,21,1.27,413.41,74,0,,0,1,Mexico,Android,0
500786,12,3.68,99.77,31,2,7.7,1,0,Peru,iOS,1
502811,29,1.03,354.72,27,0,,0,0,Republica Dominicana,Android,0
500993,39,1.23,123.86,9,1,6.7,0,0,Colombia,iOS,0
500536,14,2.64,480.74,46,0,,0,1,Colombia,Android,0
503071,2,1.49,130.09,14,0,,0,0,Argentina,Android,0
504633,6,2.02,138.7,50,0,,0,0,Panama,iOS,0
500246,1,6.06,173.65,13,1,7.3,1,0,Argentina,Android,0
500556,11,0.98,580.65,18,1,5.6,0,0,Espana,Android,0
505614,16,1.75,126.81,4,0,,0,1,Argentina,iOS,0
503442,9,2.92,403.33,36,1,9.6,0,0,Panama,Android,0
505591,21,5.06,310.57,7,1,9.7,0,0,Colombia,Android,0
505963,9,6.92,176.45,26,0,,1,0,Mexico,iOS,0
501807,10,4.1,95.04,10,0,,0,0,Espana,iOS,0
505517,2,1.4,128.35,29,0,,1,1,Colombia,Android,0
500225,4,5.86,277.85,47,0,,0,1,Espana,Android,0
502392,8,1.35,232.29,79,0,,0,0,Colombia,iOS,0
500593,27,0.94,173.89,37,0,,0,0,Mexico,Android,1
500387,38,2.54,207.76,12,0,,1,0,Republica Dominicana,Android,0
503523,18,1.76,328.61,12,0,,1,0,Republica Dominicana,iOS,0
500736,6,1.7,167.38,76,0,,0,0,Argentina,Android,0
503196,8,5.19,363.99,32,0,,0,0,Colombia,iOS,0
503277,39,2.35,129.79,7,0,,1,0,Panama,Android,0
502517,14,0.91,398.93,43,0,,1,0,Chile,iOS,0
505842,9,2.3,66.3,48,1,10.0,1,0,Peru,Android,0
504251,4,2.12,138.89,34,0,,1,1,Mexico,iOS,0
502265,19,2.98,70.94,44,1,4.6,0,0,Republica Dominicana,Android,0
501643,12,5.07,279.54,78,2,7.1,0,0,Republica Dominicana,Android,1
505730,13,8.74,192.97,56,1,6.7,0,0,Espana,iOS,0
505595,20,2.59,161.79,3,1,7.2,0,0,Peru,Android,0
500685,1,0.17,102.38,13,3,7.4,0,1,Peru,Android,0
503052,21,2.49,313.42,7,1,7.3,1,0,Chile,Android,0
503567,5,1.12,43.33,7,0,,1,0,Panama,Android,1
500356,12,4.78,288.65,41,0,,0,1,Panama,Android,0
501546,7,2.26,482.95,58,2,10.0,0,0,Peru,iOS,0
501959,28,3.24,182.14,36,0,,1,0,Chile,Android,0
500405,14,1.21,530.97,35,0,,0,0,Mexico,iOS,1
505148,17,3.59,146.91,62,2,2.7,0,0,Panama,Android,1
504675,19,2.1,298.82,22,0,,0,0,Espana,Android,0
502403,11,1.48,378.51,48,1,6.5,1,0,Chile,Android,0
500547,15,2.81,182.08,10,0,,0,0,Republica Dominicana,iOS,0
503829,9,2.04,96.28,12,3,2.8,0,0,Chile,Android,1
503749,13,2.22,795.27,133,1,6.4,0,0,Espana,iOS,0
504225,21,4.57,205.72,11,0,,0,0,Peru,Android,0
502958,43,0.38,152.67,66,0,,0,1,Mexico,Android,0
504906,3,8.86,93.62,17,1,8.0,0,0,Mexico,Android,0
505151,5,2.94,525.26,123,0,,0,1,Peru,iOS,0
500817,10,2.56,235.74,24,0,,0,0,Republica Dominicana,Android,0
501052,16,8.87,427.24,8,2,7.2,1,0,Republica Dominicana,iOS,0
500156,10,1.25,612.31,12,0,,0,0,Mexico,iOS,0
503619,13,0.45,526.89,38,1,6.6,0,0,Espana,iOS,0
500710,13,5.52,346.94,49,0,,0,1,Espana,iOS,0
500755,9,3.81,388.11,13,2,8.0,1,0,Mexico,iOS,0
501853,15,1.14,277.18,19,0,,0,0,Colombia,iOS,0
505241,21,6.53,76.31,43,1,4.6,1,1,Mexico,Android,0
500064,15,2.26,43.39,30,1,7.3,0,0,Chile,Android,0
505412,6,4.14,170.05,45,0,,1,0,Panama,iOS,1
505277,7,2.09,201.02,33,0,,1,0,Mexico,Android,0
503713,24,2.9,673.76,111,0,,1,0,Mexico,Android,1
502191,15,2.31,296.33,27,3,10.0,1,0,Peru,Android,0
500375,32,0.31,347.16,11,0,,0,1,Argentina,Android,0
501884,12,3.53,301.96,17,1,8.8,0,0,Espana,Android,0
504195,15,3.0,173.17,14,1,7.1,0,0,Panama,iOS,1
505898,5,3.78,166.77,33,1,4.7,0,0,Peru,Android,0
503253,13,6.83,422.7,33,0,,1,0,Chile,Android,0
505798,9,2.8,344.0,5,1,7.9,1,0,Espana,Android,0
500852,11,1.67,240.05,19,0,,1,0,Colombia,Android,0
505309,11,7.28,234.45,7,0,,0,0,Chile,Android,0
504280,19,0.81,284.13,76,1,5.3,1,1,Panama,iOS,1
502761,25,2.91,516.89,2,2,7.8,1,0,Espana,Android,0
503590,17,0.73,259.89,10,0,,0,0,Mexico,iOS,0
505448,22,2.52,44.3,41,1,8.8,1,0,Mexico,iOS,1
505152,11,0.88,338.8,35,2,8.1,0,0,Mexico,Android,0
503744,38,1.23,99.68,48,1,6.5,1,0,Colombia,iOS,0
501410,6,2.55,186.7,24,0,,0,0,Peru,Android,0
503320,5,0.92,222.81,29,1,9.6,0,0,Colombia,iOS,0
501398,13,1.05,162.75,67,0,,0,0,Espana,iOS,0
500695,5,0.79,115.73,23,0,,0,0,Espana,Android,0
504816,2,0.96,134.51,40,0,,0,1,Argentina,Android,0
505773,15,2.01,615.96,34,0,,1,0,Espana,Android,0
500081,7,1.41,285.9,39,0,,0,0,Mexico,iOS,0
503573,46,0.72,231.28,116,1,6.1,0,1,Argentina,Android,0
504823,26,4.14,203.89,3,0,,0,0,Colombia,iOS,0
503439,16,8.72,950.48,7,0,,0,0,Panama,Android,0
504787,17,3.29,443.7,83,1,9.4,1,1,Panama,Android,0
502759,43,0.71,239.49,22,0,,0,0,Mexico,iOS,0
500924,9,3.68,298.6,41,0,,0,0,Mexico,Android,0
500943,1,3.06,415.89,31,0,,1,0,Mexico,Android,0
505026,23,0.72,187.37,39,0,,1,0,Colombia,Android,0
503483,20,1.86,241.76,29,1,10.0,0,0,Mexico,iOS,0
505350,26,1.64,277.8,63,0,,1,0,Mexico,Android,0
503552,12,1.61,605.11,15,2,5.0,0,0,Espana,Android,1
503127,21,0.64,390.06,90,0,,0,1,Espana,Android,1
503653,28,2.09,318.46,23,1,6.2,0,1,Espana,Android,0
505276,10,2.19,196.07,9,0,,0,0,Colombia,Android,0
502613,42,1.3,272.87,60,1,8.5,0,0,Colombia,iOS,0
501658,7,5.64,121.42,90,0,,0,0,Mexico,Android,0
501086,24,1.6,331.39,58,0,,0,1,Argentina,Android,0
505699,25,1.06,289.35,79,0,,0,0,Espana,Android,0
500007,4,1.17,190.82,27,0,,1,0,Peru,iOS,0
502798,15,2.37,511.07,1,0,,1,0,Mexico,iOS,0
502888,3,1.54,65.37,77,1,6.3,1,0,Espana,iOS,1
504594,9,5.5,31.29,84,0,,1,0,Mexico,iOS,1
503820,18,3.81,133.78,4,0,,1,0,Argentina,Android,0
505626,8,4.34,159.85,11,1,7.7,1,0,Chile,Android,0
501326,23,3.72,291.14,3,1,8.2,1,0,Chile,iOS,0
501590,13,2.37,250.27,9,0,,0,0,Mexico,Android,0
500443,7,1.94,348.72,44,0,,0,0,Espana,Android,0
500555,11,2.99,572.92,22,0,,1,0,Republica Dominicana,Android,1
500747,16,0.72,265.79,53,0,,1,0,Colombia,iOS,0
505572,20,3.18,132.21,14,0,,1,0,Argentina,Android,0
501235,11,1.02,181.94,41,0,,1,1,Mexico,iOS,0
502223,11,4.13,125.85,42,0,,0,1,Mexico,iOS,1
505692,20,0.89,631.48,80,0,,1,0,Colombia,iOS,1
503569,6,1.56,103.45,9,1,6.1,0,0,Chile,iOS,0
505504,3,0.67,245.83,46,1,6.6,0,0,Colombia,Android,0
502630,5,1.81,275.82,87,0,,0,0,Mexico,iOS,0
504701,7,0.88,481.52,26,1,7.3,0,1,Chile,iOS,1
505033,60,1.33,141.56,15,0,,1,1,Chile,iOS,0
500846,23,1.3,739.52,50,3,8.2,0,1,Mexico,Android,1
504918,14,7.87,740.08,79,1,8.5,0,1,Mexico,iOS,0
505803,19,1.51,249.08,96,1,5.3,0,0,Argentina,Android,1
500308,5,3.78,864.88,47,2,6.7,0,0,Espana,Android,0
501505,11,2.9,117.88,12,2,3.3,0,1,Chile,Android,0
502336,22,4.81,378.92,92,1,10.0,0,0,Espana,Android,0
502684,15,5.45,182.86,14,0,,1,1,Mexico,iOS,0
505505,4,1.76,87.8,25,1,6.9,1,1,Colombia,iOS,0
500393,24,0.52,275.13,25,0,,1,0,Argentina,Android,0
500670,43,1.26,321.28,22,0,,0,0,Colombia,Android,0
502033,23,4.34,87.82,64,1,7.5,0,0,Chile,Android,0
501721,7,3.58,110.75,4,1,4.9,1,0,Republica Dominicana,Android,0
504303,5,1.93,255.09,57,0,,1,0,Espana,Android,0
503656,9,1.45,34.98,96,0,,0,0,Argentina,Android,0
501038,3,3.43,402.44,51,0,,0,0,Mexico,Android,1
501822,2,3.28,587.49,29,0,,0,1,Argentina,Android,0
503733,1,1.76,316.38,19,1,8.1,0,0,Espana,iOS,1
504377,18,3.87,287.08,48,0,,0,0,Espana,Android,0
502631,19,0.97,361.4,45,1,5.5,1,1,Espana,iOS,1
501076,6,2.11,442.62,18,0,,0,0,Espana,Android,0
501257,11,1.98,239.65,50,1,5.6,0,1,Espana,iOS,0
503924,45,0.65,107.19,30,0,,0,0,Panama,iOS,1
500373,15,0.94,73.74,92,0,,0,0,Espana,Android,0
500425,10,2.16,201.71,19,1,10.0,0,0,Colombia,Android,0
501851,5,6.05,292.12,20,0,,0,1,Espana,Android,0
500390,4,1.26,696.08,28,3,6.8,1,1,Colombia,Android,0
503045,57,5.64,185.79,7,1,3.3,0,1,Peru,Android,0
503727,12,1.26,497.33,96,2,6.0,1,0,Espana,iOS,1
505536,4,1.74,397.56,35,0,,0,0,Mexico,iOS,0
504397,23,0.48,244.16,6,0,,0,0,Chile,iOS,0
503024,24,3.93,204.48,27,0,,0,0,Espana,Android,0
503332,24,0.75,297.51,68,1,6.7,0,0,Colombia,Android,0
504159,14,6.98,108.24,23,1,6.9,1,0,Mexico,Android,0
505463,29,2.76,173.99,6,2,6.6,0,1,Republica Dominicana,iOS,0
500701,3,2.53,580.49,79,0,,1,0,Mexico,Android,0
501368,14,3.69,476.74,26,0,,0,1,Colombia,Android,0
503970,23,2.01,94.44,81,3,5.4,0,0,Republica Dominicana,Android,0
503665,16,3.0,345.9,30,4,10.0,0,0,Espana,Android,0
505776,19,1.65,74.64,32,2,6.7,1,0,Espana,Android,0
502548,40,0.98,305.56,77,0,,1,0,Colombia,Android,0
503874,8,4.62,217.34,45,1,7.0,1,0,Peru,Android,0
500986,29,3.08,152.37,31,2,5.2,0,1,Espana,iOS,0
502687,19,0.7,156.56,29,0,,0,0,Espana,iOS,1
503854,16,2.53,613.19,14,1,9.3,0,0,Espana,Android,0
501511,22,2.97,462.83,22,0,,0,1,Mexico,Android,0
501855,3,2.18,224.12,48,0,,0,0,Peru,Android,0
504976,12,1.27,193.84,31,0,,1,0,Peru,iOS,0
502987,24,1.23,247.19,28,2,4.2,1,0,Colombia,Android,1
502909,15,0.43,456.0,25,1,8.7,0,0,Republica Dominicana,iOS,0
500777,19,0.1,18.29,45,1,10.0,0,0,Republica Dominicana,Android,0
504648,20,0.22,406.54,61,0,,0,1,Mexico,Android,0
501956,9,4.4,267.14,3,1,9.9,0,0,Republica Dominicana,Android,0
504241,25,2.09,248.84,6,0,,0,0,Republica Dominicana,iOS,0
500730,24,1.64,512.92,1,0,,1,0,Espana,Android,0
502054,3,2.73,124.07,72,0,,0,1,Argentina,Android,0
505485,16,0.36,38.47,5,0,,1,1,Mexico,Android,0
505755,17,1.53,659.27,146,0,,0,0,Espana,iOS,1
500720,24,0.46,169.92,23,0,,1,0,Mexico,Android,0
504135,11,2.16,214.96,37,1,4.7,0,0,Colombia,Android,0
503725,8,4.26,82.28,81,0,,0,0,Espana,iOS,1
504199,11,6.04,417.63,23,1,5.8,1,1,Peru,iOS,0
501602,13,2.59,544.83,13,0,,1,1,Panama,Android,0
504375,20,5.34,319.83,38,0,,0,0,Peru,Android,0
503190,21,0.92,124.71,21,0,,1,0,Espana,iOS,0
501952,22,1.17,96.51,56,1,8.8,0,0,Peru,iOS,0
501501,3,2.65,400.0,54,1,6.8,1,1,Espana,Android,1
500324,25,4.37,427.27,46,1,5.2,0,1,Argentina,Android,0
500355,30,0.66,447.75,22,1,6.7,1,0,Colombia,Android,0
500490,25,1.25,375.43,16,0,,0,0,Colombia,iOS,0
503017,36,2.08,261.39,36,0,,1,0,Espana,iOS,0
505550,8,0.4,267.51,27,0,,0,0,Republica Dominicana,Android,0
500906,12,1.38,163.75,18,0,,0,0,Chile,Android,0
505743,7,1.05,132.32,28,1,9.4,1,0,Espana,Android,0
502207,4,1.33,162.64,2,0,,0,1,Mexico,Android,0
502896,9,0.51,165.39,5,1,7.3,1,0,Mexico,Android,0
501374,13,0.9,102.86,89,1,9.3,0,0,Argentina,iOS,1
501574,40,2.23,277.33,43,2,4.3,0,0,Panama,iOS,0
502585,33,1.6,70.27,0,1,9.8,0,1,Peru,Android,0
503961,7,2.24,621.93,40,0,,0,0,Peru,Android,0
501888,21,7.03,237.76,32,0,,0,0,Panama,Android,0
500350,13,2.42,211.9,72,1,6.9,1,0,Colombia,Android,1
501336,11,6.16,154.52,56,0,,0,0,Espana,Android,0
503979,19,4.07,440.54,79,0,,0,0,Espana,iOS,0
505727,14,3.51,242.55,58,0,,0,0,Colombia,Android,0
502951,21,3.62,90.0,3,0,,0,0,Espana,Android,0
504034,26,4.06,280.4,3,0,,0,0,Panama,Android,0
500535,14,3.58,439.25,0,1,6.7,1,0,Colombia,iOS,1
501111,15,1.53,186.48,44,0,,0,1,Espana,Android,1
500534,12,0.1,256.48,37,1,6.1,1,0,Espana,iOS,1
503675,5,1.17,766.44,69,0,,0,0,Peru,iOS,0
504870,34,2.74,334.67,9,0,,0,0,Colombia,Android,0
500811,37,4.61,22.84,23,1,7.6,0,1,Republica Dominicana,iOS,0
504933,1,0.74,94.53,82,0,,1,1,Espana,Android,1
501217,5,1.94,215.59,25,0,,0,1,Chile,iOS,0
502667,5,0.74,389.53,36,1,5.3,0,1,Colombia,Android,0
503418,23,5.45,493.41,32,1,6.9,0,1,Espana,iOS,1
505472,22,1.24,335.12,12,0,,0,0,Colombia,Android,0
501746,4,1.21,316.36,30,0,,0,0,Mexico,Android,0
504282,2,3.56,30.6,6,1,5.8,0,0,Espana,Android,1
500992,31,1.87,56.32,3,0,,1,0,Argentina,Android,0
500726,7,4.34,220.39,16,1,5.8,0,0,Argentina,iOS,1
504712,22,2.74,264.08,8,0,,0,0,Espana,iOS,0
502725,12,1.84,330.85,101,0,,0,1,Argentina,Android,1
504476,33,3.42,140.02,46,0,,0,1,Espana,Android,0
503800,6,10.49,380.99,9,0,,0,0,Argentina,iOS,0
500475,12,2.62,549.6,16,1,8.2,1,1,Panama,Android,1
502557,11,6.69,256.41,57,0,,1,0,Colombia,Android,0
504285,14,2.16,79.33,21,1,10.0,0,0,Panama,iOS,0
505301,12,1.38,102.38,14,0,,0,0,Panama,Android,0
505878,44,2.13,125.76,4,0,,1,1,Chile,Android,0
505470,7,1.05,231.73,22,0,,1,1,Colombia,iOS,0
500450,20,1.16,798.14,72,0,,0,0,Mexico,Android,0
502813,24,4.19,307.32,26,0,,0,0,Colombia,Android,0
500775,1,0.8,300.22,49,1,5.3,0,0,Espana,iOS,0
500628,37,1.35,600.03,30,2,9.6,0,0,Peru,Android,1
503650,12,1.24,298.42,6,0,,0,0,Espana,iOS,0
502570,26,1.87,165.16,29,2,4.2,0,0,Mexico,Android,1
505741,23,5.35,79.88,30,1,9.0,1,0,Argentina,Android,0
501723,18,5.49,729.9,8,1,5.7,0,0,Mexico,iOS,0
500140,24,3.87,15.0,70,1,9.1,1,1,Espana,Android,1
500122,5,0.86,228.91,1,1,7.6,0,0,Chile,iOS,0
503780,8,1.37,256.32,14,2,4.5,0,1,Espana,iOS,0
500130,5,2.88,244.67,50,1,6.1,0,0,Argentina,iOS,0
500914,35,2.77,193.06,48,0,,1,0,Peru,iOS,0
504604,39,2.27,578.33,23,1,7.7,0,0,Peru,Android,0
500409,10,2.35,132.97,26,0,,0,1,Mexico,iOS,0
504509,17,3.22,618.43,37,0,,0,0,Colombia,Android,0
501583,20,1.79,430.37,2,1,6.2,1,1,Colombia,iOS,0
503935,18,4.02,199.41,27,2,10.0,0,0,Colombia,Android,0
505997,12,5.39,464.14,3,0,,0,0,Mexico,Android,0
504980,28,2.01,307.93,27,0,,0,0,Republica Dominicana,iOS,0
502278,5,9.62,16.26,47,1,10.0,1,1,Espana,Android,0
501500,3,0.64,356.92,15,1,6.9,0,1,Espana,iOS,0
501312,9,3.14,75.53,12,1,5.8,1,0,Argentina,Android,0
500665,25,0.67,260.3,12,0,,1,1,Argentina,iOS,0
502938,12,2.12,203.63,4,1,7.9,0,0,Republica Dominicana,Android,0
505428,9,4.42,168.62,19,1,4.0,0,0,Panama,Android,0
500779,17,5.27,538.24,23,1,10.0,1,0,Chile,Android,1
500327,18,1.77,894.47,118,0,,0,1,Espana,iOS,0
503667,6,1.84,15.0,7,2,8.0,0,0,Republica Dominicana,Android,0
500201,11,7.29,386.36,35,0,,0,0,Mexico,Android,0
504025,5,1.49,352.15,17,2,7.6,0,1,Espana,Android,0
504514,20,2.19,166.54,46,0,,0,1,Mexico,Android,0
502044,8,2.16,45.45,53,1,7.4,0,1,Espana,Android,0
505636,21,1.46,123.8,31,0,,0,1,Argentina,Android,0
504026,17,4.1,119.66,73,1,9.8,1,0,Mexico,Android,0
505158,22,2.21,184.22,12,0,,1,0,Mexico,iOS,0
501074,9,3.69,188.39,76,1,8.3,0,0,Espana,Android,1
503519,21,1.95,466.45,13,1,5.9,0,0,Argentina,Android,0
504793,16,6.24,171.31,16,0,,0,0,Colombia,iOS,0
504689,34,4.42,221.79,76,0,,0,1,Peru,iOS,0
504095,19,5.0,474.3,65,1,8.8,1,0,Chile,iOS,0
504524,10,1.87,182.36,15,0,,0,0,Panama,iOS,0
503608,14,1.25,236.03,15,2,6.0,0,0,Mexico,Android,1
504406,11,2.65,310.17,9,1,8.1,0,0,Espana,iOS,1
501272,24,6.69,122.33,4,0,,1,0,Panama,iOS,0
504928,14,3.22,406.48,37,1,7.8,0,0,Mexico,iOS,0
500746,28,0.28,241.33,98,0,,0,0,Espana,Android,1
500187,25,0.57,281.79,7,1,4.1,0,0,Colombia,Android,0
504881,15,2.21,334.7,53,2,7.7,1,0,Republica Dominicana,iOS,0
505764,15,3.07,245.9,19,0,,0,0,Colombia,Android,0
505466,6,3.13,473.93,7,0,,0,0,Colombia,iOS,0
505300,16,0.77,154.76,87,0,,0,0,Colombia,iOS,1
502676,11,1.28,188.61,33,0,,1,0,Chile,Android,1
503832,28,3.14,652.3,47,1,6.7,0,1,Colombia,Android,0
505676,22,3.45,579.0,37,0,,1,0,Colombia,Android,0
502465,4,6.88,232.19,39,0,,0,0,Panama,iOS,0
501166,5,0.8,313.82,137,0,,0,1,Espana,Android,1
504916,10,1.88,165.24,16,0,,0,0,Peru,Android,0
502320,1,0.83,254.07,20,3,5.0,1,0,Espana,Android,1
501997,3,1.01,156.94,1,0,,1,1,Peru,Android,0
503305,13,2.07,250.04,51,1,8.5,0,0,Republica Dominicana,Android,1
505395,8,1.11,455.95,35,2,4.3,0,0,Argentina,Android,0
500328,11,0.53,267.17,12,2,5.0,0,1,Colombia,iOS,1
505062,4,4.74,341.39,16,0,,1,0,Republica Dominicana,Android,0
503169,1,1.99,276.13,30,0,,1,0,Peru,Android,0
505416,4,1.75,78.94,2,1,7.9,1,0,Colombia,iOS,0
504739,12,0.79,192.07,29,0,,0,0,Chile,Android,0
502818,25,1.35,124.79,63,1,8.1,0,0,Mexico,Android,1
502828,12,3.16,186.2,36,1,5.7,1,1,Argentina,Android,0
500653,11,0.7,60.1,45,2,8.0,0,0,Argentina,Android,0
502430,24,0.6,290.6,25,1,9.3,0,0,Chile,Android,0
503216,9,1.79,119.7,21,0,,0,0,Colombia,Android,0
502070,10,2.01,148.41,28,1,5.3,0,0,Mexico,Android,0
500991,19,1.8,468.65,44,0,,1,0,Peru,Android,0
500650,2,1.3,140.49,15,2,7.3,0,0,Mexico,Android,0
503135,11,4.0,229.66,3,0,,0,0,Peru,Android,0
503242,4,0.87,182.02,7,2,5.7,0,0,Chile,iOS,0
504060,11,5.33,167.28,28,0,,0,1,Peru,iOS,0
502307,19,2.99,225.81,20,0,,0,0,Argentina,iOS,0
500469,12,4.12,178.47,49,0,,0,0,Mexico,iOS,0
503475,16,2.36,95.4,28,1,4.2,1,0,Mexico,Android,0
503257,13,0.35,145.42,23,0,,0,0,Espana,Android,0
502417,7,0.49,114.0,4,0,,1,0,Argentina,Android,0
505267,16,3.11,161.16,49,2,2.6,1,0,Panama,iOS,1
501676,8,0.57,110.09,41,0,,1,0,Panama,Android,0
502709,1,4.46,460.3,26,1,7.0,0,0,Argentina,Android,1
500176,13,1.5,326.65,33,0,,0,0,Espana,Android,0
502335,26,3.65,158.6,22,0,,0,0,Mexico,iOS,0
501679,25,2.26,283.69,26,2,6.4,0,0,Espana,Android,1
500741,26,5.53,522.61,52,1,7.4,1,0,Mexico,Android,0
500179,5,3.39,68.06,34,0,,1,0,Chile,Android,1
503915,10,2.49,354.46,72,0,,1,0,Espana,Android,0
500769,13,5.16,164.83,65,2,7.7,1,0,Espana,Android,0
503488,26,1.67,108.23,32,1,4.7,0,0,Colombia,Android,0
505410,26,2.52,121.13,25,2,7.9,0,1,Panama,Android,1
505677,46,2.82,227.56,16,2,7.5,0,0,Espana,Android,0
500190,14,2.39,161.3,13,0,,0,0,Espana,iOS,0
502016,15,4.1,361.08,6,0,,0,0,Espana,Android,0
501898,3,2.36,780.41,8,0,,0,0,Mexico,Android,0
503051,19,6.2,219.37,16,0,,0,0,Argentina,Android,0
501670,10,2.75,96.12,20,0,,0,0,Republica Dominicana,Android,0
502523,15,0.69,144.81,3,0,,1,1,Argentina,iOS,0
505329,15,8.57,436.77,9,0,,1,0,Peru,iOS,1
503061,12,0.8,197.42,16,1,6.4,0,0,Espana,iOS,0
505679,10,4.91,267.37,78,0,,0,0,Espana,Android,0
500297,4,3.97,71.13,30,1,6.7,1,0,Colombia,Android,0
502416,21,1.63,438.42,29,0,,0,1,Mexico,iOS,0
500788,14,3.0,230.69,7,1,7.5,0,0,Argentina,Android,0
500103,19,2.17,223.78,12,0,,1,0,Colombia,iOS,1
505219,3,3.14,425.45,55,1,3.6,0,0,Espana,iOS,0
504819,8,2.98,416.48,20,1,6.4,0,0,Peru,Android,0
505325,3,2.52,198.69,18,0,,0,0,Mexico,Android,0
505374,23,5.31,56.05,91,0,,0,0,Colombia,Android,1
502035,2,3.59,243.65,11,0,,0,0,Panama,Android,0
501886,16,4.61,208.11,28,0,,0,0,Mexico,Android,0
503511,14,3.17,252.54,11,0,,0,0,Espana,Android,0
500567,11,1.75,171.78,40,1,5.4,1,0,Espana,Android,0
504539,4,6.46,226.7,29,0,,1,1,Mexico,iOS,1
501672,10,1.75,313.13,9,3,4.2,0,0,Mexico,Android,0
505313,5,2.83,255.56,72,1,7.3,0,0,Colombia,Android,0
502666,40,4.23,365.31,7,0,,0,0,Colombia,Android,0
501862,16,2.67,668.21,100,0,,1,0,Mexico,Android,0
502270,28,3.85,164.61,17,1,2.9,0,0,Espana,iOS,0
504443,19,1.59,540.55,69,1,6.4,1,1,Chile,iOS,0
503950,7,1.65,829.2,104,0,,0,0,Argentina,iOS,0
502057,29,1.86,147.18,22,2,8.0,1,1,Mexico,Android,0
502912,24,3.11,312.22,30,0,,1,0,Espana,iOS,0
503077,22,1.87,267.87,109,1,6.1,0,0,Mexico,Android,1
503796,7,0.23,37.42,13,1,10.0,0,0,Espana,iOS,0
505689,47,0.56,570.56,13,1,5.7,0,0,Colombia,Android,0
504358,11,2.28,550.39,82,0,,1,1,Mexico,Android,1
500588,9,1.88,337.3,44,1,7.5,0,0,Mexico,Android,0
504969,18,1.78,163.86,69,1,5.1,0,0,Argentina,Android,0
505133,12,7.32,398.56,24,1,8.3,1,1,Espana,iOS,0
504290,20,0.79,159.57,14,0,,1,1,Colombia,Android,0
501834,3,0.29,206.97,21,0,,0,0,Argentina,Android,0
505774,8,0.56,172.02,26,1,8.3,0,0,Colombia,Android,0
501031,14,1.48,572.46,19,0,,0,0,Espana,Android,0
504038,13,2.6,170.45,68,2,6.9,0,0,Mexico,Android,1
505216,17,2.91,292.68,33,0,,0,0,Chile,Android,0
500465,22,2.8,715.76,4,1,6.4,1,0,Espana,Android,1
501328,10,1.95,188.16,18,2,7.9,0,0,Espana,Android,0
503363,20,0.89,322.01,33,1,6.9,0,0,Argentina,iOS,0
503349,12,0.6,281.05,19,2,5.5,0,0,Chile,Android,1
502305,17,1.53,68.23,27,0,,0,0,Argentina,Android,0
505064,12,1.52,356.11,103,0,,0,0,Chile,Android,1
503584,17,1.51,369.05,6,1,10.0,0,0,Colombia,Android,0
501781,23,0.59,317.48,21,0,,0,0,Colombia,iOS,0
503934,33,3.17,428.85,31,0,,1,1,Panama,Android,0
505335,10,3.72,184.8,4,0,,0,0,Colombia,Android,0
505691,13,5.62,218.72,64,2,6.7,0,0,Republica Dominicana,Android,1
502334,23,2.25,401.31,21,0,,0,0,Mexico,iOS,0
502065,8,0.8,346.77,11,0,,0,0,Peru,iOS,0
501102,2,2.78,550.8,34,0,,1,0,Mexico,iOS,0
505981,22,4.73,419.84,9,0,,1,0,Colombia,Android,0
505650,25,4.65,264.75,45,0,,1,0,Peru,Android,0
500711,9,1.48,241.75,53,2,5.9,1,0,Colombia,Android,1
501568,9,3.5,148.84,93,0,,0,0,Colombia,iOS,0
501221,15,1.78,409.39,20,1,8.1,1,0,Republica Dominicana,iOS,0
500632,1,6.12,972.12,92,0,,1,1,Republica Dominicana,Android,0
501985,21,7.1,368.99,13,0,,1,0,Mexico,Android,0
504197,2,5.74,288.69,18,0,,1,0,Mexico,iOS,0
502537,13,2.24,142.73,49,0,,1,0,Espana,Android,0
503111,23,1.57,131.14,64,0,,0,0,Mexico,iOS,0
505624,5,7.62,233.96,41,1,6.2,0,0,Argentina,Android,1
504393,12,1.4,499.62,57,1,8.1,1,1,Espana,Android,0
501492,10,4.64,602.72,20,0,,1,0,Chile,iOS,0
503191,13,8.92,158.99,70,0,,0,0,Colombia,iOS,0
500554,16,1.69,259.36,45,0,,1,1,Mexico,Android,0
502196,17,2.49,677.57,93,1,8.0,1,0,Argentina,iOS,1
502579,30,4.8,517.22,33,1,5.7,0,0,Espana,Android,0
501090,6,0.55,415.3,8,0,,1,0,Chile,Android,0
503466,11,2.04,290.9,24,2,8.5,1,0,Mexico,iOS,1
505400,10,1.02,433.78,40,0,,1,1,Argentina,Android,0
501464,3,5.92,160.7,117,2,7.4,0,0,Republica Dominicana,Android,1
503337,9,2.72,503.21,14,0,,0,0,Espana,Android,0
505099,16,3.13,89.02,17,1,8.3,0,0,Espana,iOS,1
500137,11,2.52,460.81,11,0,,0,0,Colombia,iOS,0
502363,19,1.01,138.63,14,1,10.0,1,1,Mexico,Android,0
501093,4,3.62,261.77,15,1,7.9,1,1,Peru,Android,0
505039,21,3.27,430.12,6,0,,1,0,Chile,Android,0
501519,10,6.75,162.68,58,0,,0,0,Colombia,iOS,1
500086,24,1.65,262.56,27,1,10.0,0,0,Republica Dominicana,Android,0
502490,15,0.97,458.59,51,0,,1,0,Colombia,Android,0
501409,13,2.8,764.09,63,0,,1,0,Mexico,iOS,0
503743,13,1.01,846.98,5,1,3.9,1,0,Mexico,iOS,0
505862,20,5.37,513.63,11,0,,0,1,Mexico,Android,0
505954,6,2.25,256.83,41,0,,0,0,Colombia,Android,0
505247,12,2.18,410.85,75,0,,0,0,Republica Dominicana,Android,0
500549,10,3.9,212.43,42,0,,0,1,Espana,Android,0
501215,11,4.2,230.02,51,1,9.4,0,0,Espana,Android,1
502502,7,2.96,402.69,101,0,,0,0,Mexico,Android,0
503183,4,0.81,238.91,26,0,,0,0,Republica Dominicana,Android,0
500510,6,0.1,327.99,45,0,,1,0,Colombia,Android,1
504498,6,2.96,207.64,35,2,6.3,1,0,Colombia,Android,0
500499,18,1.28,386.82,12,1,5.5,1,0,Republica Dominicana,iOS,0
502395,7,1.71,134.81,8,0,,0,1,Colombia,Android,0
503959,10,0.73,277.8,83,1,9.5,0,0,Colombia,Android,0
502114,15,2.41,238.03,31,1,4.7,0,0,Mexico,Android,0
504158,53,2.91,150.52,17,0,,0,1,Chile,Android,0
501320,7,5.17,715.78,19,1,9.3,0,0,Argentina,Android,0
502135,15,5.67,285.16,22,0,,0,0,Colombia,iOS,0
502593,18,2.64,249.61,51,0,,1,0,Espana,Android,0
501980,12,6.2,303.16,50,2,6.8,0,0,Mexico,Android,1
502903,60,2.44,379.35,13,2,7.4,0,0,Mexico,Android,0
505194,53,0.49,333.15,17,0,,1,0,Argentina,Android,1
500199,26,1.04,263.27,32,3,7.1,1,0,Colombia,Android,0
505839,18,1.79,504.53,34,0,,1,0,Argentina,iOS,0
501498,6,2.99,319.39,19,0,,1,0,Argentina,Android,0
502587,22,6.1,127.82,24,0,,0,0,Colombia,Android,0
505388,11,3.33,100.61,12,0,,1,0,Peru,Android,0
502288,15,1.88,315.39,21,0,,0,1,Chile,Android,0
501419,17,1.22,381.48,45,0,,1,0,Mexico,iOS,0
502731,24,1.5,270.57,4,1,6.7,0,0,Argentina,Android,0
502607,7,3.31,281.5,41,1,6.5,1,1,Espana,iOS,0
500289,37,4.7,386.36,16,0,,1,0,Panama,Android,0
503991,6,1.83,214.16,13,2,5.7,0,0,Chile,iOS,0
502824,14,0.29,244.15,31,3,5.6,1,0,Peru,iOS,0
501234,21,4.22,181.23,4,0,,0,0,Peru,Android,0
501728,17,7.45,186.06,24,0,,0,1,Panama,iOS,0
501049,13,1.81,426.19,11,0,,0,0,Peru,Android,0
500232,8,4.26,125.57,107,0,,0,0,Mexico,Android,0
502623,4,4.15,189.25,36,1,7.5,0,0,Colombia,iOS,0
500173,8,2.04,274.45,58,3,5.2,0,0,Argentina,iOS,0
505545,6,0.58,439.95,7,0,,1,0,Espana,Android,1
500274,11,1.28,290.72,35,0,,0,1,Espana,iOS,0
505288,6,5.44,125.37,62,0,,0,0,Panama,Android,0
505180,12,2.21,429.06,51,0,,0,1,Colombia,Android,0
503861,14,2.97,452.75,10,0,,1,0,Colombia,iOS,0
504128,17,0.88,203.2,20,0,,1,1,Espana,iOS,0
502530,10,1.05,113.21,17,1,7.3,0,1,Argentina,iOS,0
501864,30,8.03,195.06,6,0,,0,0,Mexico,Android,0
503472,7,2.09,159.27,59,0,,0,1,Republica Dominicana,iOS,0
501084,11,3.17,468.45,52,0,,0,0,Republica Dominicana,iOS,1
500150,18,1.2,130.26,63,0,,0,1,Republica Dominicana,Android,1
505987,7,1.72,333.46,31,1,5.2,1,0,Peru,iOS,0
504272,10,2.58,179.35,90,2,6.8,1,0,Republica Dominicana,iOS,1
504493,24,2.6,639.73,8,1,8.9,1,0,Republica Dominicana,Android,0
504837,13,3.56,272.81,27,1,5.4,0,0,Panama,iOS,0
503497,16,3.42,630.22,12,0,,1,0,Peru,iOS,0
503869,11,1.68,154.03,8,0,,1,0,Republica Dominicana,Android,1
505934,4,3.78,211.64,39,0,,1,1,Argentina,iOS,0
503805,34,1.42,414.33,121,1,8.3,0,0,Mexico,Android,0
504286,5,2.09,195.2,77,0,,0,0,Republica Dominicana,Android,1
503564,7,1.5,842.92,82,1,6.3,0,0,Colombia,iOS,0
504528,14,2.78,177.69,28,2,8.4,1,0,Argentina,Android,1
505168,15,1.29,273.09,22,1,6.8,1,0,Colombia,iOS,1
505246,5,2.7,131.97,51,1,5.3,0,0,Espana,Android,1
502807,19,1.07,137.64,22,0,,0,0,Republica Dominicana,Android,0
500864,12,0.65,106.2,20,0,,1,0,Mexico,Android,1
501889,13,9.19,81.4,30,0,,0,1,Mexico,Android,0
503449,24,1.85,146.21,85,0,,0,0,Colombia,Android,0
503798,2,2.47,331.85,25,0,,1,1,Panama,Android,0
500762,29,1.87,214.8,16,0,,1,1,Espana,iOS,0
504046,1,2.14,165.05,26,1,6.2,0,0,Chile,iOS,0
502198,14,1.32,150.32,40,0,,0,0,Argentina,Android,0
502322,21,0.78,23.4,52,1,7.9,0,1,Republica Dominicana,Android,0
504566,20,4.15,370.72,8,1,5.3,0,1,Espana,Android,0
504123,24,0.95,615.66,35,0,,0,0,Colombia,iOS,0
505762,17,2.11,49.64,14,0,,1,0,Panama,Android,0
500260,17,0.53,942.18,10,1,10.0,0,0,Peru,Android,1
504737,8,0.6,66.49,18,0,,0,0,Republica Dominicana,iOS,0
502790,25,3.26,89.01,18,1,5.6,0,0,Panama,Android,1
500235,16,4.65,49.62,68,0,,1,0,Mexico,iOS,0
501342,7,1.61,215.33,79,0,,1,0,Colombia,iOS,0
503933,5,1.2,213.71,3,0,,0,0,Colombia,Android,0
504535,11,4.55,351.12,14,0,,1,1,Espana,Android,0
500381,6,3.36,300.1,56,1,6.6,0,1,Republica Dominicana,Android,1
503791,4,3.02,283.63,40,1,6.8,1,0,Republica Dominicana,Android,0
504084,20,1.26,114.82,196,1,5.5,0,0,Panama,Android,1
500704,7,3.46,77.88,87,0,,0,0,Argentina,Android,0
504490,9,2.61,141.08,79,0,,0,0,Colombia,Android,0
500354,3,2.83,64.02,38,0,,0,0,Colombia,iOS,0
505812,13,0.52,517.62,44,1,6.9,0,0,Republica Dominicana,iOS,0
500812,19,0.36,27.59,10,0,,0,0,Chile,Android,0
501916,32,1.99,431.01,59,0,,0,0,Espana,Android,0
505076,12,3.05,88.07,34,1,5.8,1,1,Mexico,Android,0
501154,6,1.44,48.07,16,0,,1,0,Republica Dominicana,Android,0
502894,6,6.98,157.85,44,0,,1,0,Colombia,Android,0
503100,3,1.79,208.08,7,0,,0,0,Espana,Android,0
505379,7,3.1,103.34,71,1,6.6,0,0,Republica Dominicana,Android,0
505121,27,0.97,329.04,22,0,,0,0,Republica Dominicana,iOS,0
503570,32,2.22,538.18,39,0,,1,0,Espana,iOS,0
500275,27,2.04,213.84,45,0,,1,0,Panama,Android,0
501741,5,0.79,236.37,50,1,8.1,0,0,Mexico,Android,1
500295,17,2.53,472.2,8,1,5.4,0,1,Espana,Android,0
500002,15,1.0,328.51,7,0,,0,0,Espana,Android,0
500484,9,3.91,548.01,5,1,5.5,1,0,Espana,iOS,0
505758,7,2.82,156.7,2,0,,0,1,Espana,iOS,0
505953,18,3.05,282.2,14,0,,1,0,Argentina,Android,0
505524,9,4.58,406.48,106,0,,0,0,Espana,Android,1
505290,13,4.67,151.45,35,0,,0,0,Espana,iOS,0
504278,8,6.86,149.44,20,1,5.6,0,0,Mexico,Android,0
503711,24,3.46,328.47,130,0,,1,0,Mexico,Android,0
502801,19,3.92,359.14,16,2,9.7,0,0,Colombia,Android,0
503676,41,1.92,261.92,25,0,,0,0,Mexico,Android,1
502578,15,4.9,180.29,10,0,,0,0,Chile,iOS,0
504986,9,2.4,201.61,13,1,6.2,1,0,Panama,iOS,0
501469,15,3.04,137.33,66,0,,1,1,Colombia,Android,0
501897,13,1.54,621.22,15,0,,0,0,Peru,iOS,1
500953,25,2.67,215.65,15,1,5.6,1,0,Chile,Android,0
504091,34,4.38,94.03,43,1,8.5,0,0,Espana,Android,0
503018,25,1.02,480.1,23,1,8.2,1,0,Colombia,iOS,0
505868,14,1.38,114.32,77,0,,0,0,Argentina,iOS,0
502524,8,0.9,192.17,27,0,,0,0,Panama,Android,1
504984,8,8.12,109.89,1,1,7.3,1,0,Argentina,Android,0
501265,10,2.36,362.09,58,1,6.9,1,0,Panama,Android,0
501775,8,1.12,148.41,95,0,,1,0,Colombia,iOS,0
505227,11,1.11,92.12,74,2,6.6,0,0,Republica Dominicana,Android,0
501065,10,4.41,967.42,31,2,10.0,0,0,Colombia,Android,0
502272,22,6.0,199.82,30,0,,0,0,Espana,Android,1
505119,25,2.02,446.89,12,1,8.0,1,0,Chile,iOS,0
501490,3,1.33,179.8,30,2,7.5,1,0,Colombia,Android,0
505348,15,3.28,488.07,38,2,9.8,0,0,Espana,Android,0
502962,8,5.71,289.95,17,0,,0,0,Espana,Android,0
503536,12,1.2,252.3,21,0,,0,0,Colombia,iOS,0
504069,23,0.95,58.36,49,1,4.1,0,0,Panama,Android,1
501946,7,1.61,374.98,43,1,6.6,1,1,Espana,Android,0
504370,9,0.98,174.71,70,1,8.4,0,0,Colombia,iOS,1
503781,8,0.57,399.59,41,0,,0,0,Colombia,Android,0
505178,23,0.76,218.88,20,0,,0,0,Mexico,Android,0
503471,10,6.95,625.71,31,0,,1,1,Espana,iOS,1
501553,18,0.33,44.38,25,0,,1,0,Peru,Android,0
504217,13,2.38,277.64,10,1,7.7,1,0,Espana,Android,0
502156,13,3.12,46.11,21,0,,0,0,Panama,iOS,0
502489,8,3.95,234.4,34,1,8.2,0,0,Panama,Android,0
503095,4,4.09,134.88,12,0,,0,1,Peru,Android,0
505848,8,1.85,275.81,17,0,,0,1,Espana,iOS,1
503406,7,1.52,73.79,75,0,,0,0,Republica Dominicana,Android,0
504963,28,3.01,76.3,6,0,,0,0,Argentina,Android,0
500578,12,1.3,363.33,74,0,,0,1,Argentina,Android,0
504295,10,2.12,268.55,46,0,,0,1,Mexico,Android,0
502594,16,0.58,288.14,31,0,,0,0,Mexico,Android,0
501463,22,2.25,18.98,16,0,,0,0,Republica Dominicana,iOS,0
505621,12,6.49,385.49,35,2,4.7,0,1,Mexico,Android,0
502706,13,5.01,51.4,43,1,9.1,1,0,Espana,iOS,0
501077,15,2.96,164.09,25,0,,1,0,Mexico,Android,0
500861,5,0.26,193.19,7,0,,0,0,Chile,Android,0
503652,25,0.75,594.11,15,2,5.1,1,0,Mexico,Android,0
505124,12,1.34,344.06,27,0,,0,1,Republica Dominicana,Android,0
500285,4,1.46,354.9,22,0,,1,0,Peru,Android,0
502620,6,0.8,35.02,17,0,,0,0,Argentina,Android,0
504695,18,2.07,486.71,30,1,7.1,0,0,Mexico,iOS,1
504131,9,2.09,354.59,59,1,8.9,1,0,Mexico,Android,1
502413,5,8.0,166.62,9,1,4.6,0,0,Espana,Android,0
501117,8,1.47,136.13,94,1,5.7,0,0,Espana,iOS,1
504573,15,1.01,243.59,45,0,,0,0,Mexico,iOS,0
504196,20,2.86,268.38,42,0,,0,1,Colombia,Android,0
501918,11,5.2,278.31,28,0,,0,0,Espana,Android,0
500728,36,5.49,455.44,68,0,,0,0,Peru,Android,0
503823,9,6.76,358.59,10,0,,1,0,Espana,iOS,0
500804,12,3.38,150.78,40,0,,0,0,Colombia,iOS,0
502482,16,2.62,608.17,31,0,,0,0,Panama,Android,0
502917,11,0.57,200.56,47,0,,0,0,Colombia,iOS,0
503975,24,1.74,791.52,7,1,5.8,0,0,Mexico,Android,0
500904,25,4.23,309.94,13,2,3.2,0,0,Espana,iOS,0
500207,4,2.02,265.08,12,2,8.7,1,0,Republica Dominicana,Android,0
503764,14,3.06,101.92,52,1,7.9,0,0,Peru,Android,0
501845,19,2.48,380.44,17,1,7.6,0,0,Espana,iOS,0
500492,19,3.8,150.74,2,0,,0,1,Mexico,Android,0
501314,6,2.88,234.33,45,1,6.0,1,1,Peru,iOS,0
502185,29,3.32,129.9,43,0,,0,0,Republica Dominicana,Android,0
501556,10,2.33,108.16,22,1,3.1,0,1,Espana,Android,1
504632,1,1.75,150.23,53,1,7.8,1,0,Panama,Android,0
502379,46,1.77,146.1,51,0,,0,0,Chile,Android,0
505018,21,3.27,212.17,5,2,5.0,1,0,Espana,iOS,0
503445,13,1.91,301.44,41,5,4.5,1,0,Argentina,iOS,1
505749,8,0.52,162.93,14,1,8.5,0,0,Argentina,Android,0
501994,27,1.17,512.92,29,0,,0,0,Peru,Android,1
501365,27,4.39,234.76,22,0,,0,0,Argentina,Android,0
505511,32,5.02,246.57,14,1,9.4,0,0,Peru,Android,0
501029,16,1.98,161.72,5,0,,0,0,Mexico,iOS,0
503181,7,2.93,622.79,12,0,,0,0,Mexico,Android,1
504669,13,5.57,151.96,16,0,,0,1,Mexico,Android,0
503333,9,1.28,159.51,39,0,,1,0,Chile,Android,1
502705,6,3.63,246.85,9,1,6.7,0,0,Peru,Android,0
501545,3,0.72,72.73,152,1,4.5,0,0,Mexico,iOS,1
502226,8,3.4,696.82,96,0,,0,0,Argentina,Android,0
502775,3,2.77,242.71,65,1,10.0,0,1,Colombia,iOS,1
502956,18,0.66,448.75,43,0,,1,0,Panama,iOS,1
503012,3,1.25,330.73,35,0,,0,0,Mexico,Android,0
504755,24,0.94,276.88,23,0,,1,0,Espana,iOS,0
502820,34,1.25,220.25,6,0,,0,0,Republica Dominicana,Android,0
501537,12,2.67,387.73,13,2,8.3,0,0,Colombia,iOS,0
503598,30,2.49,62.89,28,0,,0,1,Argentina,Android,0
500524,16,0.93,136.13,60,1,4.2,1,0,Espana,Android,1
502466,30,1.7,250.16,116,2,5.1,1,0,Espana,Android,1
504281,10,7.19,315.64,15,1,5.2,0,0,Espana,Android,0
502276,3,0.97,385.39,11,0,,1,0,Colombia,Android,0
501524,9,3.17,72.93,73,1,10.0,0,0,Panama,Android,0
500189,44,0.24,482.87,8,2,7.4,0,1,Mexico,Android,0
501945,15,6.18,498.27,25,1,6.6,0,0,Mexico,Android,0
500168,6,0.7,439.23,111,2,6.1,1,0,Chile,iOS,0
504884,14,2.69,277.44,42,0,,0,0,Mexico,iOS,0
501190,7,3.8,474.68,138,0,,0,0,Espana,Android,0
503788,9,3.73,1111.58,1,0,,1,1,Espana,iOS,0
501874,4,3.98,220.54,38,0,,0,0,Republica Dominicana,Android,0
504500,1,1.75,175.19,93,0,,1,0,Chile,iOS,1
501112,4,5.8,281.0,20,2,10.0,0,0,Panama,Android,0
501725,31,3.24,243.1,64,0,,0,0,Espana,iOS,1
503091,18,3.66,624.21,9,2,7.8,1,0,Espana,iOS,0
505433,11,2.06,89.8,59,0,,0,0,Panama,iOS,0
505030,20,1.95,143.56,21,1,5.9,1,0,Argentina,iOS,0
504711,4,3.03,474.38,14,1,9.5,0,0,Republica Dominicana,iOS,0
502182,15,0.72,16.18,27,1,5.5,1,0,Colombia,Android,0
502360,14,2.09,242.95,27,1,6.2,0,1,Republica Dominicana,Android,0
503351,17,2.42,455.33,40,0,,0,1,Espana,iOS,0
505141,7,0.52,517.19,8,1,8.1,0,0,Mexico,Android,0
503347,13,0.73,299.85,4,0,,1,0,Espana,iOS,0
503494,45,1.27,157.92,7,1,10.0,0,0,Mexico,Android,0
500214,6,0.38,208.03,15,0,,1,0,Espana,iOS,0
503866,6,2.38,319.73,29,0,,0,0,Mexico,Android,0
502650,12,1.13,180.82,18,0,,0,0,Argentina,Android,1
505299,8,0.55,421.16,40,1,5.3,0,0,Argentina,iOS,1
504302,48,3.03,120.26,22,2,3.5,0,0,Colombia,Android,0
503649,23,5.54,87.57,70,0,,0,0,Colombia,Android,0
502560,19,1.03,396.56,112,1,8.2,0,0,Espana,iOS,1
505042,16,4.48,358.1,24,1,3.6,1,0,Colombia,Android,0
504156,27,2.16,385.38,41,1,8.7,0,0,Republica Dominicana,Android,1
505895,1,2.47,566.59,69,1,6.8,1,0,Peru,Android,0
500372,1,11.89,169.27,51,0,,0,1,Argentina,Android,0
500461,15,2.09,285.19,36,0,,0,0,Espana,Android,0
504991,7,1.73,333.8,38,0,,0,0,Espana,iOS,0
504420,13,7.16,654.33,18,2,8.5,0,0,Espana,Android,0
504824,12,5.38,667.46,15,0,,1,0,Colombia,iOS,0
500361,7,2.41,266.3,54,2,9.6,0,1,Espana,iOS,0
504360,9,0.7,155.4,20,0,,0,0,Peru,iOS,0
500721,25,0.82,270.45,43,1,5.1,1,0,Colombia,Android,1
504537,13,1.73,621.49,14,0,,1,0,Chile,Android,1
502390,8,2.25,234.85,7,0,,0,0,Mexico,Android,0
502939,5,3.37,261.2,32,0,,1,0,Espana,iOS,0
505201,17,2.36,636.51,20,0,,0,0,Chile,Android,0
505296,11,1.86,85.31,37,1,6.9,1,0,Espana,Android,1
504798,18,1.83,121.84,27,2,8.7,1,0,Espana,Android,0
500113,18,4.4,573.71,32,2,8.6,1,0,Colombia,Android,0
504366,27,5.77,119.82,26,2,6.2,0,0,Republica Dominicana,iOS,0
501635,16,1.91,464.96,110,1,6.8,1,0,Colombia,Android,0
501667,12,2.76,304.51,55,0,,0,1,Peru,Android,0
500287,7,3.31,92.2,31,1,4.5,0,1,Chile,Android,0
500200,5,4.73,194.52,44,0,,1,0,Colombia,Android,0
500899,5,1.2,347.54,53,0,,0,0,Republica Dominicana,Android,0
500379,11,4.8,101.88,40,0,,0,0,Argentina,Android,0
503756,1,2.99,127.45,24,0,,1,1,Republica Dominicana,Android,0
505818,8,3.6,379.19,55,0,,0,0,Argentina,iOS,0
502966,14,2.77,57.8,7,1,6.5,1,1,Espana,Android,0
503173,4,3.41,184.27,46,0,,1,0,Argentina,Android,0
503394,10,1.75,270.4,12,0,,1,0,Chile,Android,0
500553,10,1.51,364.95,7,0,,0,0,Argentina,Android,0
505003,15,5.3,244.01,29,0,,1,0,Peru,iOS,0
502885,7,1.92,182.89,65,1,8.4,1,0,Chile,iOS,0
503010,23,0.79,91.12,10,0,,0,0,Colombia,iOS,0
502407,6,4.11,229.53,16,2,6.4,1,0,Colombia,iOS,0
505353,23,2.27,247.23,18,1,5.3,0,0,Peru,iOS,0
505427,18,2.57,759.65,7,1,7.4,0,0,Chile,Android,0
504775,8,0.4,105.2,39,0,,1,1,Panama,iOS,1
501088,6,0.6,280.73,11,0,,1,1,Republica Dominicana,Android,0
503384,16,4.66,119.99,64,2,6.9,1,1,Espana,iOS,1
505071,23,3.85,614.59,34,2,5.2,0,0,Mexico,Android,0
502778,24,2.36,120.85,97,0,,0,1,Argentina,iOS,0
502019,28,1.25,292.23,72,0,,0,0,Colombia,iOS,0
504628,10,0.74,95.22,52,1,9.2,0,0,Espana,iOS,0
505303,30,1.13,42.27,48,0,,0,0,Colombia,iOS,0
503943,11,1.78,98.75,39,1,9.7,0,0,Colombia,Android,1
505914,12,1.24,105.47,70,0,,0,0,Panama,iOS,0
501647,17,1.94,162.57,7,1,5.6,0,1,Colombia,Android,0
500230,3,3.34,341.8,11,1,9.5,1,1,Argentina,iOS,0
504567,33,6.56,41.83,58,0,,0,0,Argentina,iOS,0
501674,1,0.85,73.51,24,0,,0,1,Espana,Android,0
504930,10,1.76,336.35,43,2,8.1,0,0,Mexico,iOS,0
501772,9,0.79,145.03,10,3,6.6,0,0,Colombia,iOS,0
501896,15,2.65,432.49,19,0,,1,0,Espana,Android,0
503325,17,3.38,129.03,79,0,,0,0,Espana,Android,1
504650,15,3.46,140.09,7,0,,1,0,Chile,Android,0
501250,25,1.83,337.31,4,1,5.9,1,1,Republica Dominicana,Android,0
500147,13,4.61,324.69,16,0,,1,0,Mexico,Android,0
500126,4,4.88,24.26,34,1,4.9,1,1,Mexico,Android,1
500474,31,9.12,238.16,24,1,10.0,0,0,Espana,Android,0
504057,15,3.55,369.68,34,1,8.9,0,1,Espana,Android,0
505903,21,1.26,334.76,0,0,,0,0,Colombia,Android,0
503159,10,2.06,444.77,18,1,10.0,1,0,Republica Dominicana,iOS,0
503410,6,1.21,99.98,20,0,,1,0,Peru,iOS,1
500377,15,1.27,187.64,25,1,4.7,0,1,Peru,Android,0
502916,12,1.71,149.61,12,0,,0,0,Colombia,Android,0
502029,7,1.95,115.46,37,0,,0,1,Peru,Android,0
502212,8,2.41,151.23,66,0,,0,0,Chile,iOS,1
503777,4,2.6,166.37,51,2,8.3,0,1,Chile,iOS,0
500562,6,2.06,226.92,24,3,6.8,0,1,Peru,Android,0
502068,20,5.47,287.74,74,0,,1,0,Colombia,Android,0
505717,10,1.16,216.18,10,1,6.8,0,0,Argentina,Android,0
505048,16,10.26,114.69,36,1,4.1,1,1,Espana,Android,0
505260,19,2.44,143.81,28,2,10.0,0,0,Colombia,iOS,0
504368,5,2.27,349.82,16,1,3.5,1,0,Mexico,iOS,0
503942,51,3.7,256.7,18,1,9.7,0,0,Espana,iOS,0
505786,24,3.45,968.51,38,0,,0,0,Colombia,Android,0
502256,5,1.46,403.46,2,1,9.2,1,0,Espana,Android,0
501646,43,1.25,265.4,19,2,7.0,0,1,Espana,iOS,0
500580,5,1.57,105.75,20,1,7.7,0,0,Chile,Android,0
502203,10,5.29,360.33,18,2,6.9,0,0,Colombia,Android,0
505019,21,1.83,388.49,13,1,6.1,0,0,Mexico,Android,0
500211,10,2.17,161.3,38,0,,0,0,Republica Dominicana,Android,0
504182,1,0.66,469.85,30,0,,0,1,Colombia,Android,1
504335,7,2.35,641.08,40,1,6.6,1,0,Mexico,Android,0
504287,13,2.51,393.28,16,0,,0,0,Colombia,Android,0
505822,6,0.19,66.18,28,1,5.5,0,0,Colombia,Android,1
505025,6,8.95,277.3,7,0,,0,0,Espana,Android,0
504354,17,4.22,123.9,19,0,,0,0,Chile,Android,0
504324,30,2.82,170.53,39,2,8.0,0,0,Colombia,iOS,0
504611,4,1.87,181.73,28,0,,0,0,Colombia,Android,1
503388,3,0.98,335.36,18,0,,0,0,Mexico,iOS,0
501323,33,6.7,429.33,43,0,,0,0,Colombia,iOS,0
503793,17,2.79,117.94,7,0,,1,0,Espana,Android,0
503069,23,1.04,121.64,3,0,,1,0,Espana,iOS,0
505456,13,9.59,221.47,40,0,,0,0,Mexico,Android,0
505447,49,2.26,169.01,3,1,5.9,1,0,Chile,iOS,0
503579,5,0.24,304.32,10,1,8.3,0,0,Mexico,iOS,0
501119,7,3.16,371.39,35,0,,0,1,Peru,iOS,0
502460,11,1.02,355.35,45,0,,0,1,Colombia,iOS,0
503708,8,7.59,103.84,64,1,5.7,0,0,Colombia,Android,0
504098,19,1.7,121.85,96,1,7.1,0,0,Argentina,Android,0
505450,27,4.09,119.99,18,0,,0,0,Colombia,Android,0
502999,9,4.11,255.5,25,1,7.3,0,0,Peru,Android,0
500934,47,3.64,131.24,17,0,,0,0,Panama,iOS,0
503655,22,1.58,95.0,37,0,,1,0,Republica Dominicana,Android,0
505293,1,3.63,187.48,41,1,6.8,0,0,Peru,Android,0
502632,16,4.58,197.07,85,1,6.1,1,1,Espana,Android,0
501156,15,2.18,845.87,29,0,,0,0,Chile,Android,0
503454,19,3.01,250.03,29,0,,0,0,Mexico,iOS,0
503739,2,7.43,96.25,15,1,5.7,1,1,Mexico,Android,0
500266,19,1.33,414.15,13,1,3.8,1,0,Panama,iOS,1
500477,41,2.79,798.71,3,1,8.4,0,0,Espana,iOS,0
500138,8,5.28,56.22,60,0,,1,0,Peru,iOS,0
505831,5,0.96,156.67,81,0,,1,0,Argentina,Android,1
502339,8,0.36,322.55,23,0,,0,1,Espana,Android,0
504294,2,2.42,393.37,60,2,5.0,1,1,Colombia,Android,0
504328,13,2.35,143.74,34,0,,0,0,Espana,Android,1
501941,2,5.42,397.14,20,0,,0,0,Republica Dominicana,iOS,0
502105,12,1.97,124.57,32,0,,0,0,Republica Dominicana,Android,0
503930,7,1.42,147.47,57,0,,1,0,Espana,Android,0
504323,12,1.74,167.17,31,3,4.0,0,0,Argentina,Android,0
503175,8,2.28,72.78,13,0,,0,0,Colombia,iOS,0
504979,7,2.92,291.06,20,1,5.8,0,0,Espana,Android,0
501598,41,2.54,230.71,37,2,9.0,0,0,Mexico,iOS,0
503078,12,1.24,125.35,19,3,7.9,0,0,Mexico,Android,0
505138,1,4.55,162.07,51,0,,1,0,Colombia,iOS,1
503048,12,2.63,97.98,67,0,,1,0,Colombia,iOS,0
504734,16,3.39,98.64,34,0,,1,0,Mexico,Android,0
503880,13,3.46,112.59,16,0,,1,0,Panama,iOS,1
504337,6,4.59,107.05,45,0,,0,1,Chile,Android,0
500132,21,2.69,202.86,29,0,,0,1,Chile,iOS,0
500642,17,5.72,379.31,63,1,7.7,1,0,Espana,iOS,0
502929,8,2.59,154.39,14,0,,1,0,Argentina,Android,0
505955,9,2.82,254.72,33,1,0.0,0,0,Colombia,Android,1
503129,7,0.34,182.3,47,1,6.0,1,1,Republica Dominicana,iOS,1
504497,24,1.24,390.42,30,0,,0,0,Chile,iOS,0
505257,7,1.27,231.63,9,0,,1,1,Colombia,Android,0
502547,3,2.51,449.01,105,0,,1,1,Panama,Android,0
500157,13,2.42,259.98,13,0,,1,0,Chile,iOS,0
500031,13,3.07,181.29,89,0,,1,0,Mexico,Android,0
502282,4,3.07,158.4,14,0,,1,0,Chile,Android,0
502479,12,4.44,128.96,109,0,,0,0,Mexico,Android,0
505000,7,2.49,397.83,22,0,,0,0,Colombia,Android,1
504113,18,3.81,191.51,30,0,,1,0,Peru,iOS,0
500937,20,2.36,134.91,23,0,,0,0,Argentina,Android,0
505533,10,4.05,110.34,37,1,8.0,0,0,Colombia,iOS,0
500869,21,2.94,332.66,9,2,7.3,0,1,Argentina,iOS,0
501465,18,0.36,161.8,13,0,,1,1,Republica Dominicana,Android,1
505279,8,3.78,60.46,11,0,,0,1,Mexico,iOS,0
502928,1,0.95,176.61,60,1,5.3,0,0,Mexico,Android,0
503139,12,2.97,633.98,24,0,,0,0,Argentina,iOS,0
502591,4,1.25,190.61,8,1,7.9,1,0,Mexico,Android,1
500276,19,3.1,79.15,6,1,4.9,1,0,Chile,Android,0
502309,12,7.22,151.9,48,1,5.2,0,1,Espana,iOS,0
505032,19,0.99,297.8,77,1,6.7,0,0,Peru,Android,1
504914,6,1.8,149.94,22,0,,1,0,Espana,iOS,0
500538,5,0.35,545.28,30,1,8.7,0,0,Chile,Android,0
505611,17,0.66,286.9,38,0,,0,1,Republica Dominicana,iOS,0
504998,4,0.1,319.05,161,1,9.0,0,1,Republica Dominicana,Android,1
505474,6,3.36,366.9,25,0,,1,1,Espana,iOS,0
502375,8,1.62,139.75,18,1,8.2,0,0,Argentina,iOS,0
501651,5,0.84,124.52,21,0,,0,1,Chile,Android,0
500416,31,1.15,66.02,19,0,,0,1,Chile,Android,0
502647,19,6.23,187.71,18,0,,0,0,Espana,Android,0
500025,7,2.31,344.34,0,0,,0,0,Espana,Android,0
500840,19,1.17,103.94,49,0,,1,0,Chile,Android,0
500472,26,7.96,446.41,14,3,4.2,0,0,Chile,iOS,0
505036,25,1.94,454.77,16,1,8.2,1,0,Peru,Android,0
500183,5,1.13,19.27,28,0,,0,0,Republica Dominicana,Android,0
501866,12,1.97,252.09,76,0,,1,0,Chile,Android,1
505608,19,0.38,733.13,9,0,,1,1,Espana,Android,0
501817,10,1.22,129.14,26,0,,0,0,Espana,Android,0
505921,12,2.26,69.54,68,0,,0,0,Espana,Android,0
503389,9,1.51,465.89,25,0,,0,0,Mexico,Android,0
501814,25,1.82,180.18,19,1,6.3,0,0,Espana,Android,0
500080,7,3.49,207.23,25,1,6.4,0,0,Colombia,Android,0
504092,17,3.24,173.48,51,3,5.0,0,0,Espana,Android,1
503201,1,2.91,71.73,41,0,,0,0,Peru,iOS,0
505328,9,1.73,80.99,40,1,9.5,1,0,Colombia,iOS,0
504766,22,0.73,192.62,16,0,,1,0,Peru,Android,0
500255,15,4.77,270.6,30,0,,0,0,Colombia,Android,0
501044,9,2.14,282.63,12,0,,0,0,Peru,iOS,0
505836,26,8.49,492.0,7,0,,0,0,Chile,iOS,0
503763,20,0.26,146.4,14,0,,0,1,Espana,iOS,0
503246,4,3.23,250.6,24,0,,1,1,Panama,Android,0
502187,9,4.62,27.52,45,0,,1,0,Argentina,Android,0
501735,8,2.01,64.3,24,0,,1,0,Chile,iOS,0
501255,19,3.85,208.63,15,4,3.2,0,0,Argentina,Android,1
505210,22,0.65,412.33,36,0,,0,0,Espana,Android,0
501006,16,0.1,329.08,57,1,8.7,1,0,Espana,iOS,1
503683,1,4.95,402.67,90,0,,0,1,Mexico,Android,0
505658,15,8.15,154.14,71,0,,0,0,Chile,Android,0
503231,5,0.72,312.11,17,0,,0,0,Panama,iOS,0
503049,25,1.77,184.75,60,1,5.1,0,0,Republica Dominicana,Android,0
503542,10,2.66,672.2,57,1,6.6,0,0,Argentina,Android,0
502332,3,4.45,634.19,35,2,9.4,1,0,Republica Dominicana,iOS,0
501693,9,1.62,719.07,11,1,4.2,1,0,Colombia,Android,0
502299,34,0.36,250.21,16,0,,1,0,Chile,iOS,0
502787,5,2.8,465.19,32,0,,0,0,Panama,Android,0
500382,14,1.44,368.28,27,0,,0,0,Espana,Android,0
503345,33,2.99,91.16,17,1,6.8,1,0,Colombia,iOS,0
501226,1,1.94,401.44,95,0,,0,0,Mexico,Android,1
505802,13,2.08,267.86,33,1,7.4,0,0,Argentina,iOS,0
500521,12,4.11,303.25,18,0,,0,0,Espana,Android,0
501161,3,0.8,237.91,40,0,,0,0,Espana,Android,1
502964,5,3.32,38.91,21,1,7.7,0,0,Peru,iOS,0
501631,24,6.12,454.58,113,1,8.1,0,0,Espana,Android,1
501911,16,0.44,331.53,12,2,5.7,0,0,Espana,Android,1
501611,15,3.25,91.81,16,0,,1,1,Mexico,Android,0
504786,26,3.36,67.6,8,1,5.2,1,1,Colombia,Android,0
503227,10,3.97,456.72,32,0,,0,0,Colombia,iOS,0
503019,6,1.74,210.35,12,1,6.6,0,0,Argentina,Android,0
500739,28,3.74,190.42,67,1,5.6,1,0,Chile,Android,0
502850,8,1.65,120.52,38,0,,0,0,Chile,Android,0
500218,13,1.3,303.74,54,3,7.4,0,0,Chile,iOS,1
505092,13,5.98,130.37,23,0,,0,0,Mexico,iOS,0
503133,20,1.84,139.5,34,0,,0,0,Mexico,Android,0
502110,19,2.74,259.42,14,1,4.1,0,0,Espana,iOS,0
504230,6,3.61,201.98,19,0,,1,0,Mexico,iOS,1
501114,7,2.31,82.26,81,1,5.3,0,0,Chile,Android,1
504785,26,2.59,184.52,14,1,5.8,0,0,Colombia,Android,0
504722,3,0.34,211.77,39,1,4.3,0,1,Mexico,Android,0
504318,7,9.87,188.13,59,1,7.0,0,1,Mexico,Android,0
500376,26,0.71,416.3,20,1,5.2,0,0,Mexico,Android,0
502472,12,1.89,281.82,23,1,5.4,1,1,Republica Dominicana,Android,0
501064,24,1.97,97.38,37,0,,0,1,Republica Dominicana,Android,0
501472,24,1.26,319.19,37,0,,0,0,Mexico,iOS,0
503064,8,0.5,443.51,7,0,,0,0,Peru,iOS,0
502505,6,0.79,613.27,18,1,8.5,0,0,Peru,Android,0
501928,9,3.01,167.19,3,0,,0,1,Mexico,iOS,0
502279,20,3.48,100.9,58,2,8.0,0,0,Panama,Android,0
503456,8,0.43,208.57,1,1,6.0,0,0,Argentina,Android,0
505652,16,3.63,78.31,7,2,7.8,0,0,Peru,iOS,0
503260,21,1.0,40.9,12,0,,0,1,Colombia,Android,0
503871,5,1.22,86.1,76,0,,0,0,Colombia,Android,1
505684,21,9.85,98.14,19,0,,0,0,Republica Dominicana,Android,0
502849,28,1.72,334.19,22,0,,0,1,Colombia,Android,0
504972,6,0.37,370.16,15,1,7.6,0,0,Espana,iOS,0
505661,2,1.86,282.19,53,0,,1,1,Colombia,iOS,1
505901,10,0.72,422.95,55,0,,0,0,Chile,iOS,0
504463,7,4.27,427.46,21,1,8.9,0,0,Colombia,iOS,0
503574,27,2.37,268.49,15,0,,0,0,Panama,iOS,0
505968,7,4.53,135.84,74,1,7.3,0,0,Argentina,Android,1
504910,9,1.79,413.49,46,0,,1,0,Chile,Android,1
503703,4,3.48,137.11,42,3,7.8,1,1,Mexico,Android,1
502576,28,4.04,423.54,21,2,6.3,0,0,Mexico,iOS,0
505838,13,1.5,102.33,12,0,,0,0,Argentina,iOS,0
503200,22,1.51,133.06,17,1,6.2,0,0,Republica Dominicana,Android,1
500527,11,0.96,293.63,44,2,6.4,0,0,Chile,iOS,1
500614,19,0.85,56.86,14,0,,1,1,Colombia,Android,0
501682,9,2.04,276.47,6,1,5.1,1,0,Colombia,Android,1
503533,7,1.98,324.4,72,0,,1,1,Argentina,Android,1
501917,16,0.88,61.67,13,1,8.0,0,0,Republica Dominicana,iOS,0
502186,16,5.31,676.11,73,1,9.1,0,0,Mexico,Android,1
502232,9,3.08,677.41,29,1,5.3,0,0,Argentina,iOS,0
500313,24,12.56,193.52,91,1,6.3,1,0,Espana,Android,0
502590,26,1.08,270.93,30,0,,0,1,Panama,Android,0
504437,4,0.63,390.85,84,1,5.6,0,1,Colombia,Android,0
501176,23,3.64,493.96,17,0,,0,0,Espana,Android,0
504481,35,1.85,187.76,25,0,,0,0,Peru,Android,0
505744,23,2.51,130.25,25,1,5.4,1,0,Colombia,iOS,0
500016,14,2.4,152.18,150,0,,0,0,Espana,iOS,1
505162,32,3.06,146.02,41,0,,1,0,Mexico,iOS,1
505317,13,2.77,15.0,29,0,,0,0,Panama,Android,0
504244,16,5.45,189.04,28,0,,1,0,Espana,Android,0
501355,13,5.48,233.89,31,1,9.6,0,0,Chile,Android,0
504623,18,3.33,498.39,11,0,,0,0,Mexico,iOS,0
505666,11,1.34,303.57,38,0,,0,1,Peru,Android,0
502293,19,0.69,307.07,9,1,5.2,0,0,Chile,Android,0
505411,13,0.73,318.51,22,0,,0,0,Argentina,Android,0
501792,14,1.1,161.94,29,0,,0,1,Panama,Android,0
500493,8,4.71,130.07,36,0,,0,0,Peru,Android,0
505226,24,4.21,320.29,9,0,,1,0,Espana,Android,0
505282,20,3.65,163.2,62,1,9.4,0,0,Chile,Android,0
500560,12,2.11,250.72,4,1,10.0,0,0,Mexico,Android,0
503596,4,1.49,236.7,47,0,,0,0,Mexico,Android,0
504204,4,0.45,96.83,3,0,,1,0,Argentina,Android,0
505153,17,9.3,460.82,56,1,7.4,0,0,Panama,Android,1
501965,14,3.75,232.7,28,0,,0,0,Chile,iOS,0
502131,26,2.15,163.09,2,0,,0,0,Espana,Android,0
500671,4,1.6,95.13,6,1,8.4,0,1,Republica Dominicana,Android,0
502600,4,3.73,766.72,6,1,10.0,0,0,Republica Dominicana,Android,0
500826,13,1.61,277.33,18,0,,0,0,Espana,iOS,0
500117,13,2.74,187.15,22,0,,1,0,Espana,iOS,0
505720,17,2.73,481.48,63,1,8.6,1,1,Espana,iOS,0
503818,7,2.68,541.81,36,0,,0,1,Panama,Android,0
500460,23,2.5,180.47,33,2,7.4,0,0,Colombia,Android,0
500319,14,3.78,404.91,64,0,,1,0,Espana,iOS,1
505612,27,3.69,107.95,16,2,6.1,0,0,Espana,Android,0
503903,8,1.85,416.8,15,0,,0,0,Republica Dominicana,iOS,0
505514,38,7.15,219.59,31,2,7.4,0,0,Chile,Android,1
504109,13,2.58,99.58,21,0,,1,0,Panama,Android,0
505687,15,1.51,132.02,18,1,9.0,0,0,Mexico,Android,0
501290,10,4.99,148.65,67,0,,1,0,Republica Dominicana,Android,0
505995,31,1.56,316.28,19,1,7.9,1,0,Argentina,iOS,1
503606,5,1.57,375.4,18,1,8.4,0,0,Argentina,iOS,1
502106,16,2.39,173.74,32,2,7.4,1,0,Colombia,Android,0
501027,41,2.8,313.71,42,0,,0,0,Republica Dominicana,Android,0
501608,3,0.13,153.94,34,1,8.6,0,0,Argentina,iOS,0
501589,7,6.1,151.45,6,0,,0,0,Mexico,Android,0
500388,17,3.92,163.69,34,1,7.0,0,1,Republica Dominicana,iOS,0
501169,16,1.86,223.38,15,0,,1,0,Espana,Android,0
502784,4,0.81,699.66,20,0,,1,0,Peru,Android,0
501157,13,0.21,186.53,32,0,,0,0,Colombia,Android,0
500253,12,0.31,451.46,87,2,8.3,1,0,Chile,Android,1
503622,18,3.23,382.31,34,0,,0,0,Espana,Android,0
505384,10,4.04,522.7,62,0,,1,0,Mexico,iOS,0
500659,3,1.74,151.69,21,0,,1,0,Espana,Android,0
500514,22,1.68,115.99,16,0,,1,1,Chile,Android,0
502169,28,2.05,281.36,52,1,5.9,0,0,Espana,iOS,0
500887,7,2.98,448.78,42,0,,0,0,Mexico,Android,0
505391,14,2.77,475.99,5,1,6.8,0,0,Republica Dominicana,Android,0
505712,1,1.76,672.32,62,1,7.6,0,0,Espana,Android,1
505896,2,0.22,347.67,16,0,,0,0,Mexico,Android,0
505669,5,1.68,699.23,27,0,,1,1,Espana,iOS,0
501191,12,2.27,400.0,21,0,,0,0,Panama,iOS,1
502511,6,2.87,193.69,48,1,6.4,0,0,Chile,Android,0
501694,18,0.98,115.19,99,1,3.6,0,0,Mexico,iOS,1
505145,6,1.38,169.36,71,0,,1,0,Espana,Android,1
503825,19,3.0,457.02,27,0,,1,0,Mexico,iOS,0
501012,33,3.87,191.94,52,0,,0,0,Chile,iOS,0
505396,7,6.85,305.11,42,1,5.7,1,0,Argentina,Android,0
504807,11,1.78,443.78,31,1,7.5,1,0,Republica Dominicana,iOS,0
500259,31,1.22,164.75,22,0,,1,1,Espana,iOS,0
505394,5,1.27,178.33,51,2,7.2,0,0,Mexico,iOS,0
500403,12,1.83,104.05,23,0,,0,0,Colombia,iOS,0
500948,24,4.11,282.73,6,2,9.3,1,0,Mexico,iOS,0
502503,8,4.03,143.99,13,2,6.3,0,0,Argentina,Android,0
504179,34,3.88,522.38,20,1,7.7,0,0,Argentina,Android,0
505751,21,3.68,384.98,44,1,4.5,0,1,Mexico,iOS,0
505667,13,2.18,102.08,37,0,,1,0,Espana,iOS,0
500862,5,2.58,325.12,29,0,,0,1,Mexico,iOS,1
502791,20,6.4,129.31,21,0,,1,0,Argentina,iOS,0
504140,13,0.7,194.01,5,0,,0,1,Peru,iOS,0
505554,21,3.78,421.79,95,2,5.0,0,0,Espana,Android,1
503433,22,3.19,216.9,69,0,,0,0,Espana,Android,0
500561,9,0.43,260.3,66,0,,1,1,Espana,Android,1
501882,14,1.68,58.09,57,0,,1,0,Espana,Android,0
502930,14,1.89,705.23,17,1,7.3,1,1,Peru,Android,0
500464,41,2.2,279.7,19,1,6.6,1,0,Espana,iOS,0
501823,16,2.12,199.72,8,1,8.8,0,0,Mexico,Android,0
501196,22,1.55,172.32,28,1,6.9,0,0,Panama,Android,1
503859,10,3.73,276.81,62,2,10.0,0,1,Peru,iOS,0
501535,25,5.92,285.1,21,0,,0,1,Argentina,iOS,0
505581,25,0.96,240.0,81,0,,1,1,Argentina,iOS,0
501214,7,2.04,392.65,54,0,,1,0,Espana,iOS,1
504777,8,2.61,280.53,16,0,,1,0,Mexico,Android,0
500206,9,4.47,70.82,42,0,,1,0,Mexico,Android,0
501295,9,4.48,269.71,8,0,,0,1,Peru,Android,0
502089,18,1.15,432.0,11,1,8.0,0,1,Republica Dominicana,Android,0
505946,4,2.38,57.6,19,0,,1,1,Republica Dominicana,Android,0
503047,12,1.87,512.58,21,0,,0,0,Republica Dominicana,Android,0
500172,5,0.89,99.03,13,1,9.9,0,1,Peru,Android,0
505261,4,2.65,111.93,5,0,,0,0,Republica Dominicana,Android,0
500231,14,1.67,171.09,16,3,8.7,1,0,Mexico,Android,0
501972,23,1.48,466.0,1,0,,0,1,Peru,iOS,0
501123,1,1.53,589.55,13,0,,1,1,Colombia,iOS,0
500867,3,1.43,139.19,76,0,,0,0,Peru,Android,0
502464,12,2.14,443.51,26,1,7.4,1,0,Espana,Android,0
504643,5,3.16,161.26,6,0,,0,0,Argentina,Android,0
502636,13,0.44,142.94,51,1,8.1,1,0,Argentina,Android,0
502525,4,10.04,181.43,5,1,6.8,1,0,Colombia,Android,0
505129,15,3.53,251.94,42,1,6.6,0,0,Peru,iOS,0
501248,4,6.55,222.49,1,0,,0,0,Republica Dominicana,iOS,0
504584,19,1.35,185.49,32,0,,0,0,Mexico,Android,0
502726,11,6.04,62.82,46,0,,0,0,Argentina,Android,0
504120,14,2.33,32.99,23,0,,0,0,Mexico,iOS,0
502393,37,5.86,73.27,89,0,,0,0,Mexico,Android,0
505060,10,0.51,576.12,25,0,,0,0,Chile,Android,1
501607,8,2.39,80.39,10,0,,1,1,Espana,iOS,0
504142,25,8.75,299.27,17,1,5.6,0,1,Colombia,iOS,0
502521,27,2.37,279.2,3,0,,0,0,Peru,Android,0
505363,7,2.3,402.4,68,0,,0,0,Chile,iOS,1
505784,3,1.56,332.19,77,1,5.6,0,0,Espana,iOS,1
500210,35,4.86,119.03,2,3,8.7,1,0,Republica Dominicana,Android,0
501057,11,1.68,135.01,29,0,,0,0,Panama,iOS,0
501799,24,6.01,131.94,49,1,7.4,0,0,Colombia,iOS,0
505891,13,3.63,188.48,53,0,,1,1,Colombia,iOS,0
504830,25,5.67,385.07,25,0,,1,0,Mexico,iOS,0
503936,11,0.87,122.62,33,0,,1,0,Argentina,Android,0
501194,32,3.3,419.44,39,0,,1,0,Argentina,iOS,0
502006,7,4.47,248.26,24,0,,1,0,Chile,iOS,0
502994,9,1.8,535.13,40,1,7.2,1,1,Chile,Android,0
503736,20,4.64,35.59,13,1,7.3,0,0,Espana,iOS,0
503369,12,3.85,87.28,33,1,7.7,0,0,Espana,Android,0
504371,29,1.29,78.98,17,0,,0,1,Mexico,Android,0
501269,9,1.42,159.48,57,1,6.8,0,0,Republica Dominicana,iOS,1
505415,12,1.55,128.02,57,0,,0,0,Argentina,iOS,1
505434,25,4.05,366.91,40,0,,1,1,Colombia,Android,0
500528,3,2.52,83.5,16,2,4.8,0,0,Chile,Android,0
502027,10,2.23,404.82,17,0,,0,0,Colombia,Android,0
503892,9,1.88,69.54,24,1,6.4,0,0,Argentina,Android,1
503790,15,0.9,172.6,50,1,6.5,1,0,Espana,Android,1
505351,15,0.26,228.59,13,0,,0,0,Mexico,Android,0
502923,29,2.2,147.15,31,2,4.8,0,0,Mexico,iOS,1
503547,21,2.64,205.77,58,2,7.2,0,0,Espana,Android,0
503060,18,0.64,565.77,47,0,,1,1,Colombia,Android,0
501040,5,2.32,321.94,3,1,8.5,1,1,Colombia,Android,0
505516,5,3.25,303.94,16,1,7.6,0,0,Peru,Android,0
501684,1,0.71,325.47,10,0,,0,0,Argentina,Android,1
503550,14,1.15,94.98,69,0,,0,0,Argentina,Android,0
503080,10,2.51,286.83,59,1,5.8,1,1,Colombia,Android,0
500898,13,3.23,367.08,36,0,,1,0,Peru,iOS,0
500244,15,2.86,480.44,48,0,,0,0,Republica Dominicana,iOS,0
500302,3,6.57,209.5,12,2,6.1,0,0,Republica Dominicana,Android,0
504754,17,2.05,181.16,14,2,5.6,0,1,Chile,Android,0
504753,22,1.31,131.11,89,0,,0,0,Mexico,Android,1
502556,6,1.89,101.46,65,2,4.1,1,0,Argentina,iOS,0
504554,7,0.24,298.14,74,1,3.5,0,0,Mexico,iOS,1
500565,12,2.65,373.04,9,1,8.5,0,0,Colombia,Android,0
503623,7,1.98,274.08,6,1,7.9,0,0,Chile,Android,0
500342,19,2.34,37.48,50,1,6.0,1,0,Argentina,iOS,1
500485,20,4.15,228.75,14,1,5.7,1,1,Republica Dominicana,iOS,0
505597,11,0.29,276.31,19,1,5.2,0,1,Republica Dominicana,Android,0
503803,42,3.61,197.34,18,2,8.0,1,0,Republica Dominicana,Android,0
504048,9,0.83,145.0,55,0,,0,0,Mexico,Android,0
500792,13,3.37,333.02,106,1,9.3,1,0,Panama,Android,1
505091,8,1.91,235.01,29,1,6.3,0,1,Colombia,iOS,0
500429,14,4.03,86.44,79,3,3.6,1,0,Republica Dominicana,iOS,1
502757,23,5.2,77.16,3,2,8.4,0,0,Argentina,iOS,1
505372,21,1.79,439.36,10,0,,0,0,Chile,iOS,0
503981,3,1.18,267.56,24,0,,0,0,Mexico,Android,0
505337,3,4.13,128.19,8,0,,1,0,Argentina,Android,1
504381,14,4.62,112.32,51,1,10.0,0,0,Mexico,iOS,0
503640,10,3.63,146.88,58,1,9.9,1,0,Republica Dominicana,iOS,1
504655,14,2.02,352.96,62,0,,0,0,Chile,Android,0
500234,12,3.02,328.25,15,0,,1,1,Espana,Android,0
504314,9,2.64,206.38,22,0,,0,0,Mexico,Android,0
503907,24,1.66,368.0,99,2,7.2,0,1,Espana,iOS,1
501113,12,1.48,273.97,19,1,6.9,1,0,Espana,Android,0
502042,19,2.91,169.0,73,0,,0,1,Mexico,iOS,0
500304,4,4.08,401.98,38,0,,1,0,Espana,iOS,0
503072,11,3.84,194.17,25,1,10.0,0,1,Colombia,iOS,0
505869,8,5.63,218.75,32,1,6.6,0,1,Peru,Android,0
500678,16,2.83,472.66,23,1,7.9,0,1,Argentina,Android,0
501218,18,3.03,82.73,14,0,,0,0,Colombia,Android,0
500604,6,1.41,54.95,83,0,,0,1,Argentina,iOS,0
500321,10,2.92,74.51,12,1,7.3,1,0,Argentina,iOS,0
500038,22,2.05,369.35,101,0,,1,1,Argentina,iOS,1
503434,32,2.49,205.46,3,1,6.1,1,0,Mexico,Android,0
503602,13,2.35,26.24,20,0,,0,0,Colombia,Android,0
505688,9,0.53,108.77,9,0,,0,0,Republica Dominicana,iOS,1
502859,11,1.49,115.65,91,0,,0,0,Mexico,iOS,0
504484,5,4.01,320.33,61,0,,1,0,Argentina,iOS,0
500083,18,2.17,297.33,54,3,6.3,1,0,Republica Dominicana,iOS,1
505530,10,1.52,211.56,61,1,8.9,0,0,Espana,Android,1
503872,5,2.38,361.23,103,1,9.0,0,1,Mexico,Android,0
501461,23,2.0,190.93,62,0,,0,1,Republica Dominicana,iOS,0
503941,7,1.86,598.23,52,0,,0,0,Argentina,Android,0
503996,13,2.53,341.47,4,1,6.2,0,0,Peru,Android,0
501637,18,5.99,144.26,30,0,,1,0,Espana,Android,0
505907,11,1.25,329.03,68,0,,1,0,Peru,Android,0
501831,12,1.98,207.4,18,2,6.8,1,0,Mexico,iOS,1
503162,16,1.96,735.37,6,0,,0,0,Chile,iOS,0
500796,12,1.92,258.73,56,3,8.3,0,0,Argentina,Android,0
505027,20,2.95,125.74,15,0,,0,0,Chile,Android,0
504885,14,5.79,518.51,28,0,,1,0,Peru,Android,0
503397,34,1.46,209.14,32,0,,1,0,Espana,iOS,0
504363,22,5.81,178.69,30,0,,1,0,Mexico,Android,0
500389,11,3.12,111.47,13,3,4.5,0,1,Espana,Android,0
500927,18,3.73,90.89,7,1,6.3,1,0,Chile,Android,0
503752,6,3.91,369.71,14,2,7.6,1,0,Colombia,Android,0
504390,24,4.15,50.3,83,1,9.3,0,0,Espana,iOS,0
504023,5,6.5,48.36,34,1,6.3,1,1,Peru,Android,0
504705,29,3.31,260.99,93,0,,0,0,Peru,Android,1
504448,6,3.48,91.59,43,0,,0,0,Espana,Android,0
505969,9,1.07,340.78,18,2,8.4,0,0,Colombia,iOS,1
502132,14,1.7,355.84,34,0,,1,1,Republica Dominicana,Android,0
501034,10,2.53,143.53,32,1,5.4,0,0,Argentina,iOS,1
504715,18,2.24,238.0,26,0,,1,0,Argentina,Android,0
502904,7,1.42,344.39,9,1,7.6,0,0,Mexico,Android,0
505884,3,3.25,134.32,31,1,3.8,0,0,Chile,Android,0
503138,10,5.96,486.18,36,2,7.4,0,0,Mexico,Android,0
505490,7,2.59,341.18,9,2,5.7,0,0,Peru,Android,1
502303,6,0.66,411.42,34,0,,1,0,Chile,iOS,1
500571,14,0.57,357.31,48,0,,0,0,Mexico,Android,0
504002,15,1.06,312.32,45,1,7.4,0,0,Mexico,Android,1
504485,19,1.32,48.34,7,1,6.5,0,0,Colombia,iOS,0
505028,6,7.68,463.79,19,0,,1,0,Espana,iOS,0
502788,29,2.18,405.12,25,0,,0,0,Republica Dominicana,Android,1
500753,22,1.79,437.36,20,1,8.0,1,0,Mexico,Android,0
505375,26,1.1,539.05,26,1,9.2,0,0,Peru,Android,0
502302,7,0.78,275.57,31,0,,1,0,Panama,iOS,1
505114,8,0.82,175.49,9,2,7.8,0,0,Chile,iOS,1
501138,12,1.91,258.28,33,1,4.9,1,0,Peru,Android,0
504586,3,1.54,497.17,15,1,4.8,1,0,Mexico,Android,1
502925,26,5.01,291.8,18,0,,0,0,Chile,iOS,0
503842,16,9.3,69.41,41,1,5.3,0,0,Espana,Android,0
504751,13,2.5,177.63,5,0,,0,0,Republica Dominicana,Android,0
504593,12,0.35,211.03,41,0,,0,0,Panama,Android,0
503206,7,1.2,188.81,37,0,,0,1,Mexico,iOS,1
505740,12,0.7,340.81,24,0,,1,0,Panama,Android,0
501428,33,0.16,644.52,26,1,3.5,1,0,Mexico,iOS,0
502906,15,2.09,328.89,17,0,,0,0,Espana,Android,0
504516,4,4.52,116.06,17,1,6.3,0,0,Republica Dominicana,iOS,0
503035,3,2.59,233.1,49,0,,1,0,Panama,Android,1
504635,11,5.04,424.55,11,0,,0,1,Espana,iOS,0
505475,5,5.21,194.83,65,2,6.2,1,0,Mexico,Android,0
500301,22,3.78,386.3,9,0,,1,0,Espana,iOS,0
502022,15,0.56,214.75,15,2,7.8,1,1,Colombia,iOS,0
500890,8,4.16,152.23,63,1,8.5,0,0,Chile,Android,1
502396,27,0.51,375.41,85,1,5.5,0,0,Peru,Android,0
501810,17,1.96,328.98,11,0,,0,0,Mexico,Android,0
502337,7,1.69,493.6,14,1,7.6,0,0,Peru,Android,0
500037,27,5.1,283.64,66,0,,0,1,Colombia,iOS,0
500946,4,1.5,63.84,51,1,6.3,0,0,Colombia,Android,1
500346,18,0.73,115.24,22,1,5.3,0,0,Espana,Android,0
504012,19,1.58,54.62,61,0,,0,0,Colombia,iOS,1
500398,22,4.7,197.07,14,0,,0,0,Chile,Android,0
500784,23,0.25,211.56,21,0,,0,1,Peru,Android,0
502316,10,7.66,123.13,11,0,,1,0,Espana,iOS,0
502362,14,6.05,176.41,77,2,7.3,0,0,Chile,Android,0
502055,4,6.58,170.47,34,0,,0,0,Argentina,Android,0
502699,23,1.14,549.21,29,0,,0,0,Espana,iOS,0
502141,16,0.24,82.42,113,0,,0,0,Chile,Android,1
505971,5,2.26,341.8,26,0,,1,1,Mexico,iOS,0
503092,6,3.33,238.91,54,1,7.8,0,0,Colombia,Android,0
504511,22,4.89,288.14,47,2,5.9,1,0,Colombia,Android,0
501745,23,3.51,125.1,22,0,,0,1,Mexico,Android,0
504434,9,4.54,328.98,93,0,,1,0,Espana,Android,0
504745,7,0.35,201.61,75,0,,1,1,Espana,Android,0
501951,4,1.0,186.5,62,0,,0,0,Peru,Android,0
503113,25,3.5,122.85,24,0,,0,0,Argentina,Android,0
502254,5,1.3,272.59,68,1,9.0,0,0,Republica Dominicana,Android,0
500119,9,4.37,158.86,5,0,,1,0,Chile,Android,0
502979,13,3.38,75.34,16,1,10.0,0,0,Espana,Android,0
505772,11,2.41,353.7,2,0,,1,0,Colombia,iOS,0
502948,21,1.88,260.12,42,1,5.7,0,0,Espana,iOS,0
505756,27,1.14,350.87,25,2,2.7,0,0,Espana,Android,0
504995,21,0.67,310.7,51,1,8.8,1,1,Peru,Android,1
501642,11,7.8,180.04,57,0,,1,0,Republica Dominicana,Android,0
500575,19,3.61,268.45,12,0,,0,0,Republica Dominicana,iOS,0
505460,13,2.63,209.02,30,2,5.8,0,0,Argentina,Android,0
501010,14,7.5,242.44,18,0,,1,1,Peru,iOS,0
503537,14,2.96,362.77,84,0,,1,0,Argentina,iOS,0
503098,15,3.27,109.86,17,1,6.3,0,0,Colombia,Android,1
504624,3,2.57,157.31,34,2,7.1,0,1,Espana,Android,1
505265,31,6.33,200.73,157,1,7.7,0,0,Argentina,Android,0
500331,10,1.13,232.44,41,0,,0,1,Chile,iOS,0
501604,21,1.24,393.96,18,0,,1,1,Mexico,iOS,0
502199,13,6.06,453.62,26,1,6.7,0,0,Espana,iOS,0
502446,11,2.32,62.25,33,1,7.6,1,0,Espana,Android,0
500814,15,1.63,296.06,6,2,6.1,0,1,Colombia,Android,0
500783,17,5.12,46.86,59,0,,0,0,Peru,Android,0
503058,16,1.24,194.27,19,2,5.8,0,0,Panama,iOS,0
501619,4,2.6,67.64,135,1,9.3,0,0,Colombia,Android,1
502481,24,2.18,316.34,19,0,,1,0,Peru,iOS,0
500093,16,5.91,549.76,22,1,5.5,0,0,Espana,Android,0
505094,14,0.43,177.35,26,3,5.2,0,0,Republica Dominicana,Android,0
501098,24,1.02,302.94,20,0,,1,0,Argentina,Android,0
501563,16,8.55,208.01,58,0,,0,0,Chile,iOS,0
502225,5,4.46,415.09,18,0,,0,0,Colombia,Android,0
502287,12,1.29,100.47,61,1,4.0,0,0,Colombia,Android,0
500162,11,1.67,78.5,91,1,8.2,1,0,Chile,Android,0
500564,7,4.19,117.63,26,2,5.2,0,0,Argentina,iOS,0
505527,3,1.37,288.14,116,1,10.0,0,0,Mexico,Android,1
502471,18,1.68,311.95,3,0,,1,1,Espana,iOS,0
505843,4,1.16,24.94,59,0,,1,0,Espana,iOS,0
502846,11,2.14,528.79,4,0,,0,0,Republica Dominicana,iOS,0
505362,12,2.47,152.81,27,0,,0,1,Panama,Android,0
501859,6,2.85,154.58,39,3,6.5,0,0,Chile,Android,0
500759,9,3.96,512.07,14,1,7.6,0,0,Chile,Android,0
501145,19,2.78,291.79,41,0,,0,0,Mexico,Android,0
505263,20,2.18,489.48,68,1,7.6,0,1,Panama,Android,1
505198,10,3.65,242.62,38,1,7.5,0,0,Republica Dominicana,iOS,0
504642,11,0.92,481.5,1,2,6.4,0,0,Argentina,Android,0
501569,6,3.75,92.07,42,1,3.0,1,0,Espana,iOS,0
502862,7,1.62,165.07,28,0,,1,0,Chile,Android,0
501517,28,2.25,51.97,16,2,10.0,1,0,Espana,iOS,0
505081,4,1.96,413.64,43,0,,0,0,Chile,Android,0
501389,21,3.1,418.84,12,0,,1,0,Chile,Android,0
501390,20,0.48,99.66,12,1,9.3,0,0,Mexico,Android,0
504891,1,2.33,426.7,39,1,3.6,0,0,Espana,Android,1
504797,20,1.46,199.35,1,0,,0,1,Peru,Android,0
501701,20,2.99,100.78,16,0,,1,0,Espana,iOS,0
503620,18,0.42,476.29,33,1,6.8,0,0,Peru,iOS,0
504254,13,15.0,254.53,16,2,8.2,0,0,Argentina,iOS,0
501216,18,2.66,107.95,67,1,5.4,1,0,Mexico,iOS,0
500109,3,2.47,146.21,22,2,5.3,0,0,Mexico,Android,0
502833,37,1.09,133.88,41,0,,1,0,Mexico,iOS,0
503294,16,2.63,107.29,16,0,,0,1,Espana,iOS,1
504301,38,1.78,210.31,51,0,,0,0,Espana,Android,0
504483,5,7.12,648.43,12,0,,1,0,Mexico,Android,0
502202,20,0.38,161.0,14,0,,1,0,Panama,iOS,0
505008,19,1.99,348.27,1,0,,0,0,Espana,Android,0
505291,2,5.21,347.09,101,0,,0,1,Mexico,Android,0
501830,18,0.75,281.12,21,0,,0,0,Espana,Android,0
503689,13,2.56,55.43,31,0,,0,0,Espana,Android,0
505188,10,3.64,321.74,30,1,6.0,1,0,Colombia,iOS,0
500051,12,0.6,326.17,23,0,,0,0,Mexico,Android,0
503846,13,2.43,156.87,1,2,7.4,0,0,Mexico,iOS,0
505738,8,2.85,323.94,27,0,,0,0,Panama,Android,0
500568,11,2.68,352.53,12,0,,1,0,Argentina,Android,0
502467,27,8.85,188.84,36,0,,1,0,Mexico,iOS,0
501395,18,0.67,103.8,62,1,10.0,1,1,Espana,Android,0
503318,23,3.11,319.13,2,0,,1,0,Colombia,iOS,0
503425,10,4.11,291.47,11,0,,0,0,Colombia,iOS,0
503883,7,0.26,61.95,4,0,,1,0,Mexico,iOS,0
502247,4,5.24,180.34,47,0,,0,0,Peru,Android,1
500406,23,1.19,220.94,6,0,,0,1,Peru,Android,0
500269,2,4.16,74.83,22,4,7.6,0,0,Argentina,iOS,0
505344,19,0.57,203.48,44,0,,1,0,Espana,Android,0
502178,16,4.76,61.03,14,0,,1,0,Panama,iOS,0
500345,25,1.89,54.73,4,1,4.7,0,0,Republica Dominicana,Android,0
504610,17,1.86,247.73,15,3,9.3,1,0,Republica Dominicana,iOS,1
505829,11,1.23,217.66,32,0,,1,0,Panama,Android,0
505742,18,1.0,271.85,63,0,,1,0,Argentina,iOS,1
504602,2,0.59,204.82,20,0,,1,0,Colombia,iOS,0
505915,15,1.04,489.86,34,0,,0,1,Mexico,Android,0
505789,15,1.2,979.35,11,0,,1,0,Argentina,Android,0
505806,37,4.07,321.44,33,0,,1,1,Mexico,Android,0
505890,25,1.76,179.58,88,2,10.0,0,0,Espana,iOS,1
504248,9,3.27,116.25,56,1,4.5,0,0,Republica Dominicana,Android,0
503944,13,8.8,725.25,87,1,7.7,0,0,Panama,iOS,0
504709,35,1.07,129.23,99,0,,0,0,Peru,iOS,0
504960,17,4.1,303.62,94,1,7.8,1,0,Peru,Android,1
502030,37,2.67,205.01,30,3,5.2,0,0,Peru,iOS,0
504572,19,1.74,307.01,20,1,5.4,0,0,Panama,iOS,1
502214,1,1.71,294.78,15,0,,0,0,Peru,Android,0
500989,8,5.91,162.37,1,1,6.3,1,0,Panama,Android,0
501127,14,3.33,120.26,30,0,,0,0,Chile,iOS,0
501437,7,5.53,158.53,13,2,2.2,1,0,Argentina,Android,0
501008,27,3.54,153.03,19,1,6.5,0,0,Argentina,Android,0
504202,7,1.59,493.82,106,1,8.2,0,0,Colombia,Android,1
505154,7,1.4,239.35,46,0,,1,1,Colombia,iOS,0
501316,4,3.32,321.92,24,0,,0,0,Republica Dominicana,Android,0
505932,31,2.98,420.72,42,1,6.1,0,0,Chile,Android,0
505620,5,2.07,361.4,17,0,,0,0,Espana,Android,0
505780,11,1.26,172.32,41,0,,0,1,Argentina,Android,1
503843,6,3.24,296.39,31,0,,0,0,Panama,iOS,0
501861,6,1.94,112.6,57,1,5.5,0,0,Panama,Android,0
500473,13,2.19,307.02,62,0,,0,0,Mexico,Android,0
501407,20,1.4,136.25,7,1,8.6,0,1,Espana,Android,0
502496,18,5.43,147.26,47,0,,1,0,Colombia,iOS,0
505409,8,4.87,362.51,12,0,,0,0,Republica Dominicana,iOS,0
500386,27,1.24,236.34,2,0,,0,0,Colombia,Android,0
503957,9,0.96,545.18,14,1,7.6,0,0,Argentina,Android,0
504538,15,5.22,196.7,21,0,,0,0,Espana,Android,0
500272,8,0.7,280.43,16,0,,1,0,Mexico,iOS,0
500040,25,1.53,208.48,102,0,,1,0,Argentina,Android,1
500950,8,6.67,65.03,28,0,,1,0,Espana,iOS,0
500822,4,2.7,476.9,23,0,,1,0,Republica Dominicana,Android,0
505908,3,1.66,326.6,25,0,,1,0,Peru,Android,0
502394,17,0.81,227.02,68,0,,0,1,Republica Dominicana,Android,0
502678,16,1.39,339.78,11,1,7.2,1,1,Colombia,Android,0
505482,14,4.65,155.36,19,1,5.6,1,1,Panama,Android,0
503522,5,4.48,375.85,55,0,,0,0,Peru,Android,1
504663,14,0.73,159.28,7,0,,1,0,Chile,iOS,0
504595,33,1.05,113.65,18,1,7.4,0,0,Chile,Android,0
500893,7,3.37,122.69,21,1,5.5,0,0,Chile,Android,0
505173,2,1.93,396.63,54,1,6.6,0,1,Espana,Android,0
503258,9,1.85,286.22,46,1,7.1,0,1,Mexico,Android,0
503951,16,3.53,412.71,22,0,,1,0,Argentina,iOS,0
503372,9,7.03,138.29,12,1,6.1,0,0,Republica Dominicana,iOS,0
505132,9,1.78,349.67,17,1,3.7,1,0,Espana,Android,1
500448,3,1.27,443.74,40,0,,0,0,Mexico,Android,1
505478,28,3.3,127.86,26,1,6.4,0,0,Peru,iOS,0
501444,14,4.97,266.94,8,0,,1,0,Mexico,iOS,0
503096,24,2.36,178.41,23,1,5.8,1,1,Republica Dominicana,Android,1
505927,5,2.61,219.26,40,1,10.0,0,0,Chile,Android,0
504849,32,1.85,334.91,9,1,7.0,0,0,Colombia,iOS,0
505619,12,4.29,306.6,134,1,7.0,0,0,Colombia,Android,1
500446,5,2.54,379.29,60,1,4.2,0,0,Panama,Android,0
500696,3,5.6,404.88,21,2,5.3,1,1,Mexico,Android,0
504680,7,0.91,159.64,8,0,,0,1,Argentina,Android,0
500516,3,6.34,131.28,13,0,,0,0,Mexico,Android,0
504277,6,2.19,94.47,15,0,,0,0,Chile,iOS,0
500005,15,0.75,278.41,19,0,,0,1,Peru,Android,0
505906,1,0.7,170.09,153,0,,1,0,Chile,Android,1
505345,21,1.08,126.61,8,1,1.5,0,1,Espana,Android,0
502327,13,6.86,296.52,57,2,7.3,0,0,Republica Dominicana,Android,0
502701,13,6.83,125.19,21,0,,1,0,Mexico,Android,0
504283,15,3.19,223.29,25,1,4.7,1,1,Argentina,Android,0
504553,18,1.28,148.05,42,0,,0,0,Mexico,Android,0
505788,12,0.39,153.32,41,0,,0,0,Espana,Android,0
501237,43,1.0,365.85,22,0,,0,0,Espana,Android,0
504968,13,2.02,186.52,10,0,,0,1,Espana,Android,0
500790,31,1.78,51.42,21,0,,0,0,Republica Dominicana,Android,0
504309,7,0.94,522.32,18,1,3.1,0,0,Argentina,Android,0
503893,19,5.07,129.91,54,0,,0,0,Colombia,Android,0
505974,19,6.03,393.97,15,0,,1,0,Colombia,Android,0
500902,15,5.33,126.98,36,0,,1,0,Mexico,Android,0
503046,36,4.02,480.35,36,1,7.3,1,0,Colombia,Android,0
501691,13,0.82,298.03,24,1,9.5,0,0,Mexico,iOS,0
502538,4,2.99,268.37,34,0,,0,0,Argentina,iOS,0
504304,28,3.11,564.05,34,0,,0,0,Panama,iOS,0
502974,12,4.06,176.41,8,0,,0,0,Chile,Android,0
501661,8,2.2,278.33,62,2,7.8,0,0,Chile,iOS,1
504925,13,5.12,71.8,14,2,9.3,1,0,Republica Dominicana,Android,0
500529,18,1.3,262.43,36,1,9.6,1,0,Espana,Android,0
505386,10,3.54,433.2,24,1,9.0,0,0,Republica Dominicana,Android,0
503167,22,4.34,233.2,32,1,6.6,0,1,Argentina,iOS,0
500649,10,5.01,167.83,30,0,,1,0,Mexico,Android,0
500596,9,2.79,314.33,61,0,,1,0,Mexico,Android,1
504415,3,0.13,207.42,114,0,,0,1,Mexico,Android,1
500798,8,2.64,254.99,20,1,8.8,0,0,Panama,Android,0
501192,8,1.3,547.21,23,2,8.5,1,0,Espana,Android,0
502422,28,3.47,131.65,79,0,,0,0,Chile,Android,0
505931,13,6.96,307.68,36,2,5.5,1,0,Mexico,Android,0
502450,41,2.64,430.51,16,0,,0,0,Panama,iOS,0
505232,3,2.69,163.91,98,0,,1,0,Espana,Android,0
501160,25,2.38,247.89,16,1,8.1,1,0,Mexico,iOS,0
504462,11,2.84,47.84,44,1,7.7,0,1,Espana,Android,0
502619,8,1.41,292.54,53,1,8.2,0,0,Espana,iOS,0
500766,6,3.55,376.47,32,1,7.4,0,0,Mexico,Android,0
504357,20,2.35,271.96,46,2,5.8,0,0,Espana,Android,1
504987,7,4.66,145.88,28,0,,0,0,Mexico,iOS,0
503769,8,2.54,518.61,34,0,,0,1,Espana,iOS,0
502341,15,4.05,309.8,47,1,5.4,1,0,Peru,Android,0
502245,4,1.43,277.62,46,0,,0,0,Chile,Android,0
505229,19,0.87,94.66,7,0,,1,0,Republica Dominicana,iOS,0
502344,6,2.2,213.09,58,2,8.0,1,0,Panama,iOS,1
505559,44,1.68,92.43,64,1,7.0,0,0,Colombia,iOS,0
504450,15,1.69,76.41,54,0,,1,0,Panama,iOS,0
503878,7,1.95,678.73,39,2,10.0,0,0,Chile,Android,0
505678,9,0.88,359.04,30,0,,0,0,Mexico,Android,0
504169,13,3.12,569.87,14,1,7.4,0,0,Mexico,iOS,0
502614,4,1.47,310.69,4,1,7.3,0,0,Espana,iOS,0
501616,23,0.55,120.0,38,3,5.6,1,1,Mexico,Android,1
503239,16,3.43,460.3,17,1,5.1,0,0,Panama,Android,0
502161,23,0.36,166.0,10,0,,0,0,Mexico,Android,0
501776,34,7.49,143.37,4,1,7.9,0,1,Peru,Android,0
501650,17,1.95,70.95,29,1,7.2,1,1,Mexico,iOS,0
504226,13,4.85,276.69,61,1,5.2,0,0,Republica Dominicana,iOS,0
505259,4,1.31,309.01,104,0,,0,0,Panama,Android,0
500988,1,3.37,335.43,17,1,7.0,0,0,Peru,iOS,0
502665,6,4.61,810.86,44,0,,0,1,Mexico,iOS,0
500824,12,0.96,154.85,24,0,,0,0,Mexico,Android,0
500715,4,1.96,513.33,22,3,6.7,1,0,Espana,iOS,0
500513,23,1.53,117.26,26,1,10.0,1,0,Espana,Android,0
504066,18,1.76,217.58,17,0,,1,0,Argentina,iOS,0
501164,12,0.62,217.86,40,0,,1,1,Argentina,iOS,0
504161,7,6.47,356.57,15,1,8.0,0,0,Panama,Android,0
505424,11,2.41,269.93,14,1,3.4,0,0,Colombia,iOS,0
503141,13,2.6,257.69,23,2,6.8,1,0,Chile,Android,0
502729,8,6.99,417.08,31,1,5.7,0,0,Republica Dominicana,iOS,0
503677,12,1.52,337.63,26,0,,0,0,Mexico,iOS,0
505850,16,5.36,73.39,45,1,10.0,1,0,Chile,Android,1
504558,2,2.29,54.37,21,0,,0,1,Espana,Android,0
502851,14,6.46,316.47,12,0,,1,1,Mexico,iOS,0
501594,5,6.84,268.93,8,0,,0,0,Mexico,iOS,0
500637,5,2.16,151.0,24,0,,1,0,Mexico,Android,0
504614,35,0.76,100.34,37,1,6.1,1,0,Republica Dominicana,iOS,1
501449,6,5.44,232.43,42,1,6.5,0,1,Colombia,Android,0
500497,18,0.64,399.69,4,0,,0,0,Republica Dominicana,iOS,0
501056,17,4.15,305.52,8,1,8.6,0,0,Chile,iOS,0
500358,2,1.75,218.58,9,0,,1,1,Peru,Android,0
500916,3,0.71,53.19,6,0,,0,1,Colombia,Android,0
501284,26,4.95,82.02,17,1,6.5,0,0,Chile,Android,0
505402,6,3.64,898.92,9,1,5.8,0,1,Republica Dominicana,iOS,0
501050,8,0.74,133.25,24,0,,0,0,Colombia,Android,0
500034,49,6.95,282.19,104,0,,1,0,Peru,Android,0
503989,41,1.57,150.45,70,1,7.7,0,1,Colombia,Android,0
501738,2,5.28,184.1,25,0,,0,0,Espana,Android,0
501543,15,1.66,79.95,37,0,,0,1,Panama,Android,0
503947,13,1.09,130.76,37,0,,0,0,Colombia,Android,0
501171,21,0.54,199.31,41,2,6.9,0,0,Chile,Android,0
504552,42,1.23,564.11,25,0,,1,0,Republica Dominicana,Android,0
505628,2,3.19,869.44,30,0,,0,0,Argentina,Android,0
504660,7,2.17,415.33,17,0,,0,0,Espana,Android,0
504258,26,2.21,231.44,21,0,,1,0,Chile,iOS,0
501630,14,0.38,524.71,19,1,7.0,1,1,Republica Dominicana,iOS,0
503899,27,2.76,218.23,94,0,,0,0,Mexico,Android,0
504609,2,3.56,558.47,31,1,5.6,0,0,Espana,iOS,0
503319,3,3.25,396.72,13,1,9.4,1,0,Panama,Android,0
505519,6,1.27,380.82,63,1,9.0,0,1,Espana,Android,0
504071,11,4.37,341.52,31,0,,1,0,Colombia,Android,1
502583,13,4.98,277.8,6,0,,0,0,Argentina,iOS,0
503956,14,2.59,259.56,34,4,6.2,0,0,Mexico,Android,0
505950,18,5.01,243.09,25,0,,0,0,Espana,iOS,0
501279,5,4.34,34.01,12,0,,0,0,Espana,iOS,0
501678,17,0.52,934.89,14,1,5.5,0,0,Colombia,Android,0
501032,5,5.85,564.42,8,4,7.4,0,0,Colombia,Android,0
502475,5,3.86,492.41,25,1,3.5,0,0,Espana,iOS,1
504845,4,3.06,232.85,8,0,,0,0,Chile,Android,0
504405,22,3.76,137.11,11,1,4.1,1,1,Argentina,iOS,0
503928,17,5.19,235.2,66,1,7.6,1,1,Espana,iOS,1
502690,6,1.04,31.54,38,0,,0,1,Mexico,Android,0
505698,10,0.53,180.67,22,0,,1,0,Colombia,Android,0
502102,10,3.08,175.9,21,1,5.8,0,0,Espana,Android,0
505070,12,3.56,443.15,36,1,7.3,0,0,Argentina,iOS,0
500366,7,7.41,446.97,63,0,,0,0,Argentina,Android,0
504811,12,0.45,199.9,30,0,,0,0,Argentina,Android,0
505268,16,2.58,318.97,11,0,,0,0,Mexico,Android,1
504074,14,4.49,259.94,22,0,,0,0,Republica Dominicana,Android,0
505659,27,4.41,93.16,12,0,,1,0,Argentina,Android,0
505978,17,6.98,56.87,85,1,8.4,0,0,Chile,iOS,1
502756,11,3.6,255.95,7,1,8.0,0,0,Colombia,iOS,1
502348,9,2.68,406.93,32,0,,1,0,Chile,Android,0
504300,15,2.35,110.74,81,1,6.9,0,0,Republica Dominicana,Android,1
502361,27,1.44,246.31,11,0,,0,0,Mexico,iOS,0
500707,24,4.94,501.61,25,2,6.5,0,0,Mexico,iOS,0
504126,8,6.73,182.92,14,0,,0,0,Mexico,Android,0
502462,18,0.6,261.72,31,0,,0,1,Argentina,Android,1
500709,17,3.73,223.83,20,0,,0,0,Mexico,Android,0
501480,54,2.98,303.85,20,0,,1,0,Espana,iOS,0
503198,17,1.46,132.15,36,1,8.6,1,1,Mexico,Android,0
503735,30,0.8,592.76,31,0,,0,0,Chile,Android,0
504938,16,1.1,350.75,3,0,,0,0,Argentina,Android,0
503691,5,1.06,234.69,8,1,7.6,0,0,Argentina,iOS,0
503324,17,8.39,223.83,12,0,,0,0,Espana,Android,0
505253,11,3.52,553.25,33,1,6.4,0,0,Espana,iOS,0
500663,16,0.55,506.49,41,2,5.4,0,0,Colombia,Android,1
502328,6,4.89,405.8,16,0,,1,0,Argentina,Android,1
505944,2,0.73,489.69,90,1,4.7,1,0,Espana,Android,1
504990,5,2.29,227.18,47,1,3.5,0,0,Espana,Android,0
503548,6,1.4,140.83,55,0,,0,0,Argentina,iOS,0
503280,4,0.64,124.33,25,0,,0,0,Colombia,Android,0
504453,11,1.52,199.23,42,0,,1,0,Panama,iOS,0
501178,8,1.38,426.95,43,0,,1,1,Mexico,Android,0
500860,16,1.07,150.28,72,2,9.6,0,1,Espana,iOS,0
500794,13,2.42,160.28,9,2,6.2,1,0,Argentina,iOS,1
500004,12,0.38,126.36,6,1,4.0,0,0,Panama,Android,1
505163,2,2.72,776.84,10,0,,1,0,Chile,Android,0
503833,22,5.58,156.21,9,0,,1,1,Chile,iOS,0
503972,9,4.86,315.09,51,1,8.7,1,0,Mexico,Android,0
502545,11,1.65,453.08,20,1,8.9,1,0,Peru,iOS,0
503938,4,1.34,370.65,60,2,5.3,0,1,Mexico,iOS,0
503288,23,2.54,18.48,92,0,,0,0,Panama,iOS,0
500688,11,2.27,190.52,15,0,,0,0,Espana,Android,0
500442,13,3.55,68.71,9,0,,0,0,Chile,Android,0
504864,6,1.76,293.95,77,0,,0,0,Panama,Android,0
505431,8,2.45,167.99,25,0,,1,1,Panama,Android,0
501387,10,2.13,432.15,43,2,8.3,0,0,Chile,Android,0
504352,12,1.78,266.47,34,0,,1,0,Mexico,iOS,0
503967,9,2.97,272.75,33,0,,0,0,Argentina,Android,0
501863,8,1.34,456.3,14,1,5.8,0,0,Chile,iOS,0
505169,13,1.1,623.96,3,1,6.6,0,0,Argentina,Android,0
505044,9,1.35,307.46,31,1,5.0,0,0,Chile,Android,0
500623,18,6.37,369.81,19,1,6.6,1,1,Argentina,iOS,0
504939,5,3.04,422.7,30,0,,1,1,Argentina,Android,0
502682,5,2.3,203.99,24,0,,1,0,Mexico,iOS,0
500075,19,4.39,28.98,91,2,4.4,0,0,Peru,iOS,1
503682,13,4.47,224.25,15,0,,1,0,Republica Dominicana,iOS,0
502826,11,7.46,275.43,38,0,,0,0,Colombia,iOS,1
500306,15,2.77,123.79,28,0,,0,0,Colombia,Android,0
505819,8,0.77,355.7,27,0,,0,0,Colombia,Android,0
504394,21,0.14,29.01,28,2,6.8,0,0,Espana,Android,0
504106,6,2.69,82.03,33,2,6.0,0,0,Colombia,Android,0
505185,20,2.53,240.72,17,0,,0,0,Espana,iOS,0
505322,11,0.34,297.63,45,0,,0,1,Republica Dominicana,Android,0
504347,3,2.22,83.38,25,2,8.5,0,1,Argentina,Android,0
501516,18,3.71,99.69,13,0,,0,0,Republica Dominicana,Android,0
501686,8,2.6,102.47,104,0,,0,0,Argentina,iOS,1
503250,18,1.88,320.9,32,0,,0,0,Republica Dominicana,Android,0
505184,2,1.5,345.5,58,1,8.5,0,0,Chile,Android,1
501229,25,4.2,223.71,20,1,5.6,0,0,Chile,Android,0
500154,10,0.96,445.69,58,0,,0,1,Chile,Android,0
505182,12,1.43,229.17,7,1,4.6,1,0,Espana,iOS,0
505378,19,2.18,110.37,33,0,,0,0,Argentina,iOS,0
502599,5,1.7,594.09,21,0,,1,0,Espana,iOS,0
505190,13,1.46,256.36,24,3,8.0,1,0,Argentina,Android,1
501774,44,1.87,158.35,90,1,8.9,0,0,Peru,Android,1
500903,20,4.37,252.43,26,2,6.6,0,0,Espana,Android,0
501422,3,3.49,32.0,37,0,,1,0,Chile,Android,0
505643,14,2.8,293.55,55,1,9.4,0,0,Republica Dominicana,Android,1
500421,9,0.31,132.2,75,1,6.1,0,0,Mexico,iOS,1
503530,10,3.29,235.7,16,0,,1,0,Republica Dominicana,iOS,0
502601,7,1.97,260.68,19,1,8.9,1,0,Argentina,Android,0
505298,2,8.09,62.78,63,0,,0,0,Argentina,Android,0
502641,13,1.12,412.66,14,0,,1,1,Espana,Android,0
504646,14,1.78,215.16,35,0,,1,0,Colombia,Android,0
503864,28,5.81,386.63,51,1,10.0,0,1,Chile,Android,0
502483,25,1.64,364.2,15,0,,0,0,Chile,Android,0
504088,16,1.59,196.32,14,2,6.0,0,0,Panama,Android,0
505909,10,2.02,219.61,15,1,7.3,0,0,Peru,Android,0
502036,12,1.57,236.84,24,0,,1,0,Espana,Android,0
501988,11,0.55,90.33,65,0,,1,0,Espana,iOS,0
503007,24,3.6,297.77,151,0,,1,0,Colombia,Android,0
505735,2,2.87,162.5,52,0,,1,0,Espana,Android,0
504882,17,4.13,256.8,29,0,,0,1,Colombia,Android,0
501394,28,2.39,389.39,35,1,3.9,1,0,Panama,iOS,1
500108,25,2.06,295.42,13,1,7.5,0,1,Espana,Android,1
500115,24,1.9,93.87,24,1,5.7,1,0,Argentina,Android,0
502013,22,2.22,372.76,20,0,,1,0,Argentina,iOS,0
500838,7,4.88,282.27,45,0,,0,0,Colombia,Android,1
505885,20,0.93,458.52,27,1,7.9,1,0,Mexico,iOS,0
500602,33,2.58,329.85,88,1,6.5,1,0,Argentina,iOS,1
501653,24,0.97,201.4,12,4,5.5,0,0,Chile,Android,0
501327,27,1.66,198.99,3,3,6.3,0,0,Espana,Android,0
503965,14,2.68,342.23,12,0,,1,1,Chile,iOS,0
500972,5,3.13,360.07,32,0,,0,0,Panama,Android,0
501798,3,3.1,423.99,10,2,7.3,0,1,Colombia,Android,0
505326,14,1.14,378.51,10,0,,0,1,Peru,Android,0
505339,15,6.16,353.34,10,1,8.3,0,1,Republica Dominicana,iOS,0
500278,9,0.74,615.68,2,0,,0,0,Panama,iOS,0
503278,15,3.11,63.19,75,0,,1,1,Espana,Android,0
501069,8,7.38,282.45,14,0,,1,0,Chile,iOS,0
501136,8,2.62,125.91,47,0,,1,0,Mexico,Android,0
505655,9,3.44,162.77,59,1,5.6,0,0,Mexico,Android,0
504853,23,1.29,516.29,20,1,9.4,0,1,Panama,iOS,0
500069,9,4.0,164.44,41,1,8.6,0,1,Peru,Android,0
505084,12,1.06,184.42,56,0,,1,0,Argentina,iOS,1
502971,19,1.34,698.61,4,0,,0,0,Mexico,Android,0
503520,7,4.08,108.4,31,2,9.4,1,0,Panama,iOS,0
502527,13,2.21,299.34,6,1,6.4,0,0,Mexico,Android,0
500853,34,3.41,113.41,41,1,5.2,1,0,Mexico,Android,0
505851,11,2.94,215.66,66,0,,1,1,Peru,Android,0
505051,6,1.04,226.5,2,0,,0,0,Espana,Android,0
503997,27,0.79,268.25,24,0,,1,0,Colombia,iOS,1
502109,18,2.74,142.68,8,1,7.7,0,1,Chile,iOS,0
501641,5,2.85,32.03,28,0,,0,0,Espana,Android,1
505419,2,2.96,429.33,79,1,7.2,0,0,Mexico,iOS,0
502415,7,3.02,50.38,3,1,4.3,0,1,Argentina,iOS,0
504693,13,1.94,355.56,44,1,8.0,0,0,Argentina,iOS,0
501246,15,2.01,333.46,28,0,,0,1,Espana,Android,0
502398,33,11.74,200.5,81,0,,1,0,Chile,iOS,0
500512,21,3.92,24.73,24,3,6.2,0,0,Republica Dominicana,iOS,1
502238,9,1.12,353.0,18,0,,0,0,Peru,iOS,0
502942,21,1.5,217.69,204,0,,1,0,Mexico,iOS,1
504189,19,1.68,215.64,34,1,8.3,0,0,Mexico,iOS,0
502827,8,1.83,411.61,8,0,,0,0,Panama,Android,1
505080,8,8.81,110.62,25,0,,0,0,Colombia,Android,0
502234,38,3.76,297.44,26,2,8.3,0,0,Argentina,Android,0
501238,5,1.56,41.41,4,1,4.5,0,1,Republica Dominicana,iOS,1
500995,9,0.75,240.22,15,0,,0,1,Republica Dominicana,iOS,0
503164,18,3.16,283.4,23,1,6.5,1,0,Colombia,Android,0
501343,29,1.23,403.77,64,1,9.0,0,0,Espana,iOS,0
500134,2,1.53,484.1,33,1,7.6,1,0,Peru,Android,0
503116,6,1.78,329.53,11,0,,0,0,Panama,iOS,0
500208,4,4.52,136.63,99,2,6.9,0,0,Espana,Android,1
502597,6,2.65,366.28,70,1,7.0,1,0,Mexico,iOS,0
501003,9,3.85,220.03,45,0,,0,1,Peru,Android,0
501193,11,1.57,660.33,46,0,,0,0,Republica Dominicana,Android,0
501259,9,1.66,445.54,46,0,,1,1,Mexico,Android,0
504908,8,5.11,48.07,30,1,7.9,0,0,Republica Dominicana,Android,0
502474,5,1.39,372.82,35,0,,0,0,Mexico,iOS,0
504962,6,0.1,128.4,13,0,,0,0,Republica Dominicana,iOS,0
503415,6,0.54,71.93,48,3,6.9,0,0,Espana,Android,1
500615,29,4.37,403.22,14,0,,0,0,Republica Dominicana,Android,0
504070,21,2.66,144.67,35,1,6.8,1,0,Argentina,Android,1
500708,12,5.26,246.84,18,0,,1,1,Mexico,Android,0
504154,15,3.13,89.98,31,1,10.0,0,1,Espana,iOS,0
504993,8,1.5,161.57,106,1,5.3,0,0,Peru,iOS,0
500926,13,2.0,361.73,31,0,,1,1,Espana,Android,0
505435,26,2.77,520.86,8,2,7.3,1,0,Panama,Android,0
502389,27,2.98,62.15,26,0,,0,0,Espana,Android,0
502879,5,0.47,110.06,87,0,,0,0,Chile,Android,0
500976,12,0.96,318.08,22,0,,0,0,Mexico,Android,0
504525,42,4.58,192.04,34,0,,1,0,Chile,iOS,0
500909,14,2.46,613.49,52,0,,1,0,Panama,Android,0
501155,17,2.66,115.32,61,0,,0,0,Espana,iOS,0
504640,18,4.43,131.52,8,0,,0,0,Peru,iOS,0
500430,25,3.03,329.23,9,0,,1,0,Republica Dominicana,Android,0
505548,24,3.93,481.42,14,0,,0,0,Republica Dominicana,Android,0
500768,19,1.76,267.34,24,2,7.9,0,0,Mexico,iOS,1
505668,18,0.48,123.78,52,0,,0,1,Espana,Android,0
503815,17,6.76,219.02,35,1,5.0,1,1,Mexico,Android,0
500338,8,1.14,323.8,49,1,9.2,0,0,Colombia,Android,0
501067,4,3.22,535.6,16,0,,1,0,Mexico,iOS,0
500597,24,3.45,51.71,3,1,4.3,0,0,Colombia,Android,0
503247,20,4.84,289.29,35,0,,0,0,Espana,iOS,0
503709,8,0.75,397.52,36,1,7.9,1,0,Espana,Android,0
503353,42,2.36,163.22,8,2,4.1,1,0,Chile,Android,0
502724,19,1.33,203.16,110,1,5.6,1,0,Mexico,Android,1
503478,9,3.0,187.54,30,1,6.9,0,0,Colombia,Android,1
502769,10,0.72,27.05,57,1,10.0,0,0,Peru,Android,1
503110,8,0.91,741.12,66,1,6.7,1,0,Espana,Android,1
502366,17,0.97,682.14,60,1,10.0,0,1,Mexico,iOS,0
502965,15,1.93,78.96,60,0,,0,0,Espana,Android,1
504530,13,4.14,56.46,27,1,7.9,1,0,Chile,Android,0
504138,5,9.56,291.11,18,0,,0,0,Chile,Android,0
503435,14,6.44,559.45,18,1,6.4,1,0,Panama,Android,0
504551,5,1.04,229.97,20,0,,0,0,Colombia,Android,0
501408,23,0.69,235.7,3,0,,0,0,Chile,Android,0
505467,34,1.83,255.2,54,0,,0,0,Colombia,iOS,0
500634,15,4.67,205.51,43,0,,0,0,Republica Dominicana,Android,0
504949,11,5.15,102.47,41,1,6.6,0,0,Espana,Android,0
503160,7,1.17,374.11,17,0,,0,0,Espana,iOS,0
503226,18,0.43,163.4,70,1,4.9,0,0,Colombia,Android,0
500994,2,2.93,350.8,18,0,,0,0,Espana,Android,0
503262,7,1.04,62.09,51,0,,0,0,Espana,iOS,0
502805,16,3.64,134.04,18,0,,1,0,Colombia,Android,0
500949,9,3.1,467.96,17,0,,1,0,Espana,Android,1
500729,20,0.13,488.64,13,1,6.2,0,0,Peru,iOS,0
504921,8,1.51,94.84,44,0,,0,1,Mexico,Android,0
501950,4,1.9,682.43,41,0,,0,0,Espana,Android,0
501477,10,3.1,380.24,17,0,,0,0,Mexico,Android,0
501769,15,1.57,529.81,79,1,8.2,1,0,Republica Dominicana,iOS,1
500495,6,4.0,284.53,10,1,6.4,0,0,Espana,iOS,0
500577,20,3.72,308.03,9,1,9.0,0,0,Peru,Android,0
504192,14,1.96,106.83,12,0,,1,0,Espana,Android,0
502201,20,0.84,211.57,7,0,,0,1,Espana,Android,0
505264,2,3.55,172.62,15,1,6.9,0,0,Argentina,Android,0
501880,3,2.04,164.74,22,1,5.2,0,1,Espana,iOS,0
500645,14,0.32,15.0,7,1,6.8,1,0,Chile,iOS,0
505577,3,4.04,396.79,40,1,4.7,0,0,Panama,iOS,0
500424,13,2.47,484.99,13,3,3.4,0,1,Peru,Android,0
501625,19,2.39,115.37,6,1,5.7,0,0,Panama,iOS,0
502795,8,1.65,160.45,124,0,,0,0,Argentina,Android,1
504332,11,0.36,226.62,11,1,4.7,1,0,Chile,Android,0
504771,26,2.81,243.37,17,0,,0,0,Mexico,iOS,0
503694,5,6.05,318.84,5,1,10.0,0,0,Mexico,iOS,0
504812,6,2.28,44.48,10,0,,0,0,Peru,iOS,0
500164,42,4.56,220.18,44,0,,0,0,Espana,iOS,0
502624,11,2.02,445.56,26,1,7.1,0,0,Espana,Android,1
503079,2,4.26,362.74,31,0,,0,0,Argentina,Android,0
502653,29,3.25,553.57,32,1,6.5,0,0,Colombia,iOS,0
500960,29,3.54,328.32,4,0,,1,0,Argentina,iOS,0
501291,23,1.94,290.36,18,0,,0,0,Peru,iOS,0
504307,10,6.25,84.35,45,0,,0,1,Espana,Android,0
503651,12,4.69,94.07,49,0,,0,0,Panama,Android,0
503023,17,3.42,212.4,47,0,,1,0,Republica Dominicana,Android,0
502508,22,4.25,310.83,45,0,,0,0,Argentina,Android,0
501510,37,2.77,396.49,36,0,,0,0,Espana,Android,0
503591,9,1.91,145.76,46,0,,1,0,Panama,Android,0
500511,4,4.24,172.89,44,0,,1,0,Espana,iOS,0
504673,3,2.01,152.29,33,0,,0,0,Peru,Android,1
500360,17,0.9,344.58,35,1,6.1,0,0,Espana,Android,1
502262,19,4.95,86.11,21,1,7.5,1,0,Argentina,Android,0
503588,22,2.84,201.66,33,1,5.1,0,0,Espana,Android,0
504806,6,5.2,108.75,59,0,,0,0,Colombia,Android,0
503515,24,2.89,227.21,53,0,,0,0,Peru,iOS,0
505193,30,3.31,101.95,84,0,,1,0,Colombia,Android,1
501304,1,1.51,113.79,52,0,,0,1,Espana,iOS,0
505218,36,2.48,336.69,45,0,,0,0,Peru,Android,0
504086,10,1.04,514.92,19,0,,1,0,Panama,iOS,0
503931,7,3.2,443.13,50,0,,0,0,Espana,Android,0
505370,9,8.38,390.45,32,1,7.6,0,0,Panama,Android,0
505116,17,3.31,73.28,28,0,,0,0,Panama,iOS,0
505224,5,1.48,68.75,23,1,8.0,0,1,Mexico,iOS,0
502423,3,0.72,487.31,11,0,,1,0,Espana,Android,0
502629,38,5.38,365.03,57,1,6.9,0,0,Chile,iOS,0
501837,12,5.29,115.45,9,1,7.1,0,0,Colombia,Android,0
500973,12,0.17,789.99,9,0,,0,0,Argentina,iOS,0
505271,5,0.64,144.7,4,2,7.7,1,1,Mexico,Android,1
503212,9,2.47,369.75,26,0,,0,1,Chile,iOS,0
504207,9,0.99,325.67,107,0,,0,0,Espana,Android,1
504671,9,3.58,261.61,6,0,,0,0,Argentina,Android,0
503737,19,1.83,383.11,36,1,9.2,0,0,Peru,Android,0
504052,12,1.54,200.98,12,2,6.6,0,1,Espana,iOS,0
501954,7,5.9,290.82,69,0,,0,0,Mexico,Android,0
505209,22,3.12,87.63,25,1,6.8,1,1,Argentina,Android,0
501996,7,4.07,385.3,79,0,,0,0,Panama,iOS,0
502694,9,3.26,251.73,26,1,8.5,1,1,Peru,Android,0
502732,3,2.4,282.36,20,0,,1,0,Peru,Android,0
505189,12,1.73,181.36,12,0,,0,0,Colombia,Android,0
504384,10,1.56,222.38,33,0,,0,1,Republica Dominicana,iOS,0
505570,13,1.86,333.34,53,0,,0,0,Espana,iOS,0
503044,38,1.86,44.96,13,1,8.0,0,0,Espana,iOS,0
504467,7,0.9,204.22,43,0,,0,0,Mexico,Android,0
500705,25,3.75,405.86,20,3,8.5,0,0,Peru,Android,0
501795,21,2.4,288.09,110,1,5.8,0,0,Espana,iOS,1
500027,8,3.5,304.68,12,0,,1,1,Espana,iOS,0
501033,18,5.27,204.83,23,0,,1,0,Mexico,iOS,0
504649,32,1.75,143.65,79,1,10.0,0,1,Mexico,Android,0
501443,18,4.87,191.69,17,0,,0,0,Republica Dominicana,Android,1
501924,6,3.85,425.33,25,1,6.1,0,0,Peru,Android,0
503940,21,0.27,271.38,61,1,7.9,0,0,Republica Dominicana,Android,0
500488,23,3.19,139.51,11,1,9.5,0,1,Argentina,iOS,1
500262,17,2.94,485.09,25,1,8.7,0,1,Mexico,Android,0
505049,18,8.14,84.87,8,1,9.4,0,0,Mexico,iOS,0
503188,15,9.74,166.73,49,1,3.4,0,0,Argentina,iOS,1
504114,9,1.97,296.35,6,0,,0,0,Colombia,Android,0
500369,15,3.87,176.11,65,1,2.7,1,0,Argentina,Android,1
501717,26,0.42,350.71,14,1,9.9,1,1,Mexico,Android,0
501734,25,1.24,110.38,17,0,,0,0,Mexico,iOS,0
504565,7,3.08,841.08,5,0,,1,0,Espana,iOS,0
504944,5,2.18,150.78,11,0,,1,0,Peru,Android,0
503157,9,0.55,384.12,34,0,,1,0,Colombia,Android,0
500404,25,1.41,196.03,74,0,,0,1,Argentina,iOS,0
504122,4,2.25,328.01,48,1,4.5,0,0,Peru,Android,0
501596,28,4.98,247.94,21,1,6.3,0,0,Mexico,iOS,1
503073,40,3.4,194.68,15,1,3.1,0,0,Republica Dominicana,Android,0
500740,11,9.5,421.22,35,0,,0,1,Espana,Android,0
503955,3,2.38,349.17,64,1,6.5,1,0,Panama,Android,1
502516,4,1.81,394.81,10,0,,0,0,Panama,Android,0
502306,22,0.31,266.81,20,3,7.0,1,0,Panama,iOS,1
501919,15,1.06,255.88,49,0,,0,0,Espana,Android,0
502957,2,1.74,68.59,28,0,,0,0,Argentina,iOS,0
500292,12,3.62,131.66,19,0,,1,0,Argentina,Android,0
500776,5,1.54,136.7,21,1,7.5,1,1,Republica Dominicana,Android,0
502793,24,6.4,319.66,26,2,6.3,1,0,Republica Dominicana,Android,0
505054,42,0.49,107.98,14,0,,1,0,Panama,Android,0
504029,10,3.22,305.31,25,2,4.5,0,0,Republica Dominicana,Android,1
501481,27,2.02,220.5,42,1,8.6,0,1,Mexico,Android,0
505024,10,9.88,638.97,29,0,,1,0,Mexico,Android,0
501260,7,1.31,438.98,40,1,5.9,1,0,Colombia,Android,0
502150,14,1.41,186.28,92,1,6.7,1,1,Espana,Android,1
503455,10,7.95,187.14,32,2,9.4,0,0,Argentina,Android,0
501209,9,5.07,282.46,83,1,5.7,0,0,Peru,iOS,1
500693,9,4.08,253.85,64,1,6.2,0,0,Peru,Android,0
502902,18,2.61,89.32,35,2,7.2,0,1,Republica Dominicana,Android,0
503446,14,0.53,157.59,48,0,,0,0,Peru,Android,0
501665,26,2.74,201.07,32,0,,1,0,Argentina,Android,1
500503,29,3.21,339.74,35,1,8.6,1,0,Espana,iOS,0
505112,31,4.71,325.04,46,0,,0,0,Argentina,iOS,0
503254,16,3.3,242.98,33,1,8.0,1,0,Republica Dominicana,Android,0
502573,16,1.61,898.24,47,0,,1,1,Argentina,iOS,0
505905,20,1.53,223.06,22,0,,0,0,Espana,Android,0
505571,8,1.0,395.87,75,0,,0,0,Colombia,iOS,1
504096,4,2.36,246.27,11,0,,0,0,Espana,Android,0
504580,6,3.13,131.28,57,0,,0,0,Argentina,iOS,0
504188,19,1.0,589.14,25,1,4.6,0,0,Colombia,iOS,0
500076,4,4.98,539.05,40,0,,0,1,Argentina,Android,0
505285,9,0.31,369.38,4,2,4.7,1,0,Republica Dominicana,Android,0
502195,16,3.99,111.85,90,1,8.8,1,1,Espana,Android,1
502060,6,1.95,88.26,26,0,,1,0,Colombia,Android,1
502290,34,4.35,244.95,18,0,,1,0,Espana,Android,0
502955,5,2.26,222.15,34,0,,0,0,Argentina,iOS,0
501858,9,2.18,327.49,3,1,7.9,0,0,Mexico,Android,0
505654,22,2.25,229.91,27,2,7.3,0,0,Espana,iOS,0
502803,25,3.15,91.91,14,1,5.8,0,0,Espana,Android,0
502079,21,2.32,152.31,33,1,8.9,0,1,Republica Dominicana,Android,0
505951,11,4.08,107.46,16,1,6.1,1,0,Argentina,Android,0
503932,17,1.68,211.13,142,1,6.9,0,0,Colombia,Android,1
502535,6,8.12,39.32,40,0,,1,0,Colombia,iOS,0
504382,31,4.3,65.41,8,0,,0,0,Panama,iOS,0
502220,4,1.41,36.96,17,0,,1,0,Chile,Android,0
500347,14,0.92,91.27,46,0,,1,1,Peru,Android,0
500335,8,3.84,79.77,22,0,,1,0,Chile,Android,0
504781,14,8.55,306.84,69,0,,0,0,Colombia,Android,0
504868,20,1.06,121.55,43,2,8.1,0,0,Espana,Android,0
501058,5,4.65,165.01,15,0,,0,0,Chile,iOS,0
504024,9,4.92,892.71,60,1,6.9,0,1,Republica Dominicana,iOS,1
503562,2,1.94,658.79,30,1,7.9,0,0,Chile,iOS,0
501797,28,4.3,450.84,27,1,6.6,0,1,Espana,iOS,0
503787,5,1.0,240.09,9,1,4.0,0,1,Panama,iOS,0
500118,12,3.53,117.82,102,2,6.3,0,0,Mexico,iOS,0
505359,18,1.95,539.59,11,0,,0,0,Colombia,iOS,0
505473,7,1.1,553.64,11,1,6.9,0,0,Republica Dominicana,Android,0
500590,2,1.31,867.45,18,2,5.1,1,0,Espana,iOS,0
502231,3,5.27,291.94,53,1,8.5,0,0,Espana,Android,0
503405,9,1.36,287.41,37,0,,0,1,Chile,Android,0
503557,21,3.88,277.71,11,0,,1,0,Mexico,iOS,0
502380,13,1.86,212.61,59,0,,0,0,Colombia,iOS,0
501688,16,0.89,132.39,26,2,9.5,1,0,Mexico,Android,0
504141,1,1.11,313.68,34,0,,0,1,Peru,iOS,0
500933,6,5.03,44.49,41,0,,1,1,Peru,Android,0
500918,26,4.66,414.17,10,1,5.5,0,0,Chile,Android,0
503999,14,4.43,232.76,159,1,7.2,1,0,Colombia,iOS,0
500341,6,3.71,111.33,45,1,4.1,1,0,Chile,iOS,0
500674,39,1.44,315.65,29,0,,0,1,Colombia,Android,0
503336,32,3.53,54.82,53,1,9.7,0,0,Espana,Android,0
502429,33,3.01,25.76,63,1,10.0,0,1,Argentina,iOS,0
500216,12,1.43,169.29,42,1,4.9,1,0,Panama,Android,0
501747,30,2.98,676.68,22,1,6.0,1,1,Mexico,Android,0
505406,19,8.09,334.04,34,0,,0,0,Colombia,Android,0
504460,13,5.11,226.08,33,0,,1,1,Republica Dominicana,iOS,0
500238,10,1.12,146.53,6,1,8.3,0,1,Chile,Android,1
504765,6,4.35,41.9,30,2,6.6,0,1,Colombia,iOS,0
502301,9,0.53,192.98,25,2,7.2,1,0,Peru,iOS,0
500722,30,5.97,416.25,29,1,5.9,0,0,Peru,Android,0
503624,13,1.82,258.49,118,0,,0,0,Mexico,Android,1
501236,10,7.83,233.08,22,1,8.7,0,0,Chile,Android,0
503587,9,2.87,133.45,53,0,,0,0,Mexico,iOS,0
504748,10,5.24,234.78,39,0,,1,1,Espana,iOS,0
500099,5,2.01,135.1,37,0,,0,0,Republica Dominicana,Android,1
500773,22,0.83,244.32,41,0,,0,0,Argentina,Android,0
500059,49,6.3,386.01,23,0,,0,0,Argentina,iOS,0
503321,15,1.88,202.64,7,1,8.5,0,1,Espana,Android,0
503041,8,6.49,673.02,51,0,,0,0,Espana,iOS,0
500982,13,2.96,259.25,16,0,,0,0,Panama,iOS,0
500224,19,2.7,176.69,2,1,6.2,1,0,Chile,Android,1
504965,9,7.45,213.44,84,0,,1,0,Colombia,Android,1
505205,7,0.88,122.0,4,0,,0,0,Espana,iOS,0
503563,11,0.89,590.63,82,1,5.8,0,0,Espana,Android,1
503806,6,4.95,208.16,45,1,5.3,1,1,Argentina,Android,0
502605,13,4.1,324.26,70,0,,0,0,Mexico,iOS,0
501051,5,3.15,188.24,4,0,,0,1,Espana,Android,0
503056,37,2.62,326.12,22,1,7.0,0,0,Espana,iOS,0
504561,22,3.03,40.54,33,1,4.7,0,0,Espana,Android,0
505873,11,1.78,358.06,44,1,5.4,1,0,Republica Dominicana,iOS,1
504355,9,3.15,86.76,6,1,5.4,1,0,Espana,iOS,0
503310,11,1.42,509.3,28,1,9.6,0,0,Colombia,iOS,0
501536,6,3.12,220.08,23,0,,0,0,Republica Dominicana,iOS,0
501758,18,4.98,288.4,25,1,8.6,0,1,Mexico,Android,0
504374,35,2.78,139.14,3,1,5.8,0,0,Espana,Android,0
501273,9,2.29,340.71,16,0,,0,0,Chile,Android,0
500091,5,5.11,186.19,20,2,8.1,0,0,Peru,iOS,0
501035,22,2.54,204.92,80,0,,0,0,Chile,iOS,1
505342,14,1.06,281.36,124,0,,0,0,Espana,iOS,1
500872,27,1.86,491.45,17,0,,0,1,Chile,iOS,0
503465,22,1.9,186.99,39,0,,0,0,Colombia,Android,0
504867,11,1.18,74.61,8,1,3.5,0,0,Panama,Android,1
502484,6,1.31,545.1,22,0,,0,1,Mexico,Android,0
503195,11,1.1,542.7,13,2,10.0,1,1,Colombia,iOS,0
501514,22,4.18,742.41,4,1,5.4,1,0,Republica Dominicana,iOS,0
505480,6,1.21,379.55,43,0,,1,0,Panama,Android,0
501852,6,0.82,211.32,45,0,,1,0,Mexico,Android,0
504373,16,1.16,44.63,35,0,,0,0,Argentina,Android,0
500440,17,1.87,406.51,82,0,,0,0,Peru,Android,1
503461,12,3.42,364.9,9,0,,0,0,Colombia,Android,0
500131,27,2.17,357.9,27,1,10.0,0,0,Espana,Android,0
501203,5,1.56,85.62,111,0,,0,0,Espana,iOS,1
500087,32,2.09,368.55,44,0,,1,1,Espana,Android,0
505966,8,1.2,278.14,9,0,,1,0,Mexico,Android,0
503343,10,1.64,237.93,17,3,10.0,1,0,Panama,Android,0
500170,30,1.46,106.7,12,0,,0,0,Espana,iOS,0
501566,16,4.85,84.13,18,2,8.8,0,0,Espana,Android,0
505441,21,1.77,326.78,46,0,,1,0,Peru,Android,0
502577,13,2.13,397.23,19,0,,1,1,Espana,Android,0
501224,28,2.97,489.08,83,0,,0,0,Peru,iOS,0
501669,6,7.06,377.18,26,3,10.0,0,0,Espana,Android,0
500039,3,5.2,407.21,18,0,,1,0,Republica Dominicana,Android,0
501241,21,2.22,155.34,55,0,,0,0,Espana,iOS,1
505401,14,1.31,377.56,43,0,,0,0,Peru,Android,0
504400,33,1.22,293.78,19,1,6.1,0,0,Republica Dominicana,Android,0
504634,4,1.81,152.05,37,0,,1,0,Mexico,Android,1
500636,13,0.87,176.39,13,0,,0,0,Republica Dominicana,Android,1
502160,22,2.97,116.79,71,0,,1,0,Mexico,Android,0
505305,7,4.07,304.74,32,3,5.7,0,0,Mexico,iOS,1
500857,3,0.68,399.63,23,0,,0,0,Colombia,Android,0
505886,32,3.11,38.1,65,2,4.4,0,0,Mexico,iOS,0
503716,12,3.89,129.98,98,0,,0,1,Republica Dominicana,iOS,0
503609,5,2.94,61.55,136,2,8.3,0,0,Colombia,Android,1
503308,13,1.38,249.75,76,0,,0,0,Mexico,Android,0
504964,2,6.0,156.64,34,0,,0,0,Espana,Android,0
502661,11,1.93,495.83,9,0,,0,0,Colombia,iOS,0
502877,5,1.2,440.01,65,0,,0,0,Colombia,Android,0
505588,22,0.45,236.92,20,1,6.9,0,0,Espana,Android,1
504895,12,5.31,366.97,96,1,9.0,0,0,Mexico,Android,0
504670,16,3.61,407.1,47,1,7.9,0,0,Colombia,iOS,0
505275,4,0.96,194.5,130,1,6.8,1,0,Panama,Android,0
501878,20,1.5,302.62,9,0,,0,0,Republica Dominicana,Android,0
503317,16,1.84,297.55,25,0,,0,0,Colombia,iOS,0
500997,7,3.61,207.44,47,2,6.8,1,0,Colombia,Android,1
504222,14,4.49,27.54,95,0,,0,1,Mexico,Android,0
500621,17,5.15,262.21,67,0,,1,0,Colombia,Android,0
503969,18,4.04,241.94,1,1,7.2,0,0,Peru,Android,0
505781,10,1.47,368.55,21,0,,0,1,Republica Dominicana,Android,0
500339,6,1.93,113.06,10,2,6.7,0,0,Mexico,iOS,0
501168,8,0.6,153.47,23,3,10.0,0,0,Chile,Android,0
505810,20,0.42,71.28,82,0,,0,0,Republica Dominicana,Android,0
505266,3,3.43,260.74,31,1,8.4,0,0,Republica Dominicana,Android,0
504470,9,1.03,269.34,61,1,6.2,0,0,Mexico,Android,1
504907,24,1.56,355.0,25,1,9.1,1,0,Espana,Android,0
503902,17,2.44,192.02,61,0,,0,1,Panama,iOS,0
504792,9,3.01,183.19,27,1,7.1,1,0,Colombia,iOS,0
505745,14,4.35,184.49,33,1,5.8,0,0,Chile,Android,0
503393,20,7.81,154.09,25,0,,0,0,Peru,Android,0
504534,32,2.8,359.51,1,0,,1,0,Mexico,iOS,0
502915,19,4.98,373.48,50,0,,0,0,Republica Dominicana,iOS,0
504814,28,1.64,93.64,55,1,5.5,1,0,Espana,Android,0
501639,4,2.91,728.65,71,1,5.1,0,1,Colombia,Android,1
500146,12,1.6,237.46,38,0,,0,0,Chile,iOS,0
502443,22,1.14,248.49,11,3,6.9,0,0,Mexico,Android,0
503184,4,1.84,226.93,29,0,,1,0,Argentina,Android,0
502781,5,1.68,309.31,15,0,,1,0,Republica Dominicana,Android,0
500672,16,2.93,406.42,72,1,7.1,0,0,Mexico,iOS,0
504044,14,3.23,515.26,42,2,5.7,0,1,Colombia,Android,1
504865,14,5.12,54.09,12,0,,1,0,Argentina,Android,0
500505,33,7.19,586.83,45,0,,0,0,Chile,iOS,0
501793,3,0.63,101.01,42,0,,1,0,Argentina,Android,0
505589,27,1.73,142.83,4,4,8.9,0,0,Espana,iOS,0
502080,2,2.74,140.38,28,3,8.5,1,0,Peru,Android,0
501542,11,1.74,232.56,3,0,,1,0,Mexico,iOS,0
502967,5,2.78,299.86,2,1,8.2,1,0,Republica Dominicana,Android,1
504967,5,2.16,184.88,18,1,3.5,0,1,Mexico,Android,0
500825,17,1.24,189.23,11,0,,1,0,Chile,iOS,0
502852,16,3.54,297.54,23,0,,0,1,Espana,Android,0
505103,7,1.37,183.62,68,0,,1,0,Colombia,Android,0
501712,5,1.5,184.77,75,1,4.7,0,0,Espana,Android,1
500298,8,5.44,107.93,12,1,8.5,0,0,Espana,Android,0
505569,9,6.73,256.73,19,1,8.5,0,0,Espana,Android,0
502677,7,6.17,296.65,20,0,,0,0,Chile,Android,0
504200,14,3.22,149.51,9,0,,0,0,Mexico,iOS,0
502246,3,1.48,72.67,36,0,,0,0,Mexico,iOS,0
501434,13,1.59,248.05,10,0,,0,0,Mexico,iOS,0
503867,14,4.82,92.91,37,1,8.4,1,0,Argentina,iOS,0
503896,22,2.28,222.06,16,0,,0,0,Colombia,iOS,0
505461,5,1.52,202.01,3,0,,0,0,Espana,iOS,0
500619,6,1.66,68.85,41,0,,0,0,Mexico,Android,0
505306,10,6.46,81.74,37,0,,0,0,Colombia,Android,0
502976,29,3.57,234.54,11,1,4.5,0,0,Colombia,Android,0
505120,21,2.75,479.53,5,2,7.4,1,1,Argentina,Android,0
500912,7,5.81,584.94,60,0,,1,0,Mexico,Android,0
501359,29,1.68,260.26,50,0,,0,0,Colombia,iOS,0
504465,7,6.02,320.41,29,1,6.3,1,0,Peru,iOS,0
504369,3,7.75,104.43,28,1,8.6,1,0,Republica Dominicana,Android,0
502571,36,0.79,210.25,35,0,,1,0,Espana,Android,0
503467,8,2.85,247.09,28,0,,0,0,Espana,Android,0
505513,21,2.91,69.64,8,0,,0,0,Argentina,Android,0
502876,15,5.09,121.18,59,1,7.7,0,1,Mexico,iOS,0
501748,17,4.33,413.4,16,0,,1,0,Republica Dominicana,iOS,0
503822,6,3.02,53.43,20,1,3.1,0,0,Colombia,Android,0
503495,6,1.37,79.72,6,1,6.4,0,0,Republica Dominicana,iOS,0
505919,17,2.29,444.72,40,0,,0,0,Espana,Android,0
505316,13,1.14,641.9,7,1,9.2,0,0,Espana,Android,0
501865,13,3.59,338.14,25,1,7.3,1,0,Colombia,Android,0
503248,5,0.33,93.83,41,2,7.7,1,0,Espana,iOS,0
502476,4,0.9,213.05,59,1,8.2,0,1,Argentina,Android,1
503426,10,1.33,253.39,37,1,7.5,0,0,Peru,iOS,0
505541,5,1.89,279.17,27,1,6.7,1,0,Peru,Android,0
501186,14,4.35,320.01,34,0,,0,1,Peru,Android,0
504124,29,2.84,369.28,39,0,,0,0,Argentina,Android,0
501245,15,0.39,111.23,32,0,,0,0,Espana,iOS,0
505135,7,1.69,360.37,5,0,,0,1,Republica Dominicana,Android,0
503275,10,0.58,114.2,17,0,,0,0,Espana,iOS,0
504589,10,4.12,62.01,90,1,10.0,0,0,Republica Dominicana,Android,0
500520,16,2.58,226.76,3,0,,0,0,Espana,iOS,0
500006,34,0.54,475.44,12,1,7.0,0,1,Espana,Android,0
501520,1,0.79,103.71,25,0,,0,1,Espana,Android,0
501755,2,0.46,477.73,47,0,,1,0,Chile,Android,0
501301,32,4.86,99.22,21,0,,1,0,Espana,Android,0
500281,10,3.94,252.61,80,0,,0,0,Espana,iOS,0
500449,2,1.95,129.23,89,1,7.9,0,0,Mexico,Android,1
501063,10,3.53,301.13,20,1,6.9,0,0,Mexico,iOS,0
501606,9,5.21,410.2,19,1,5.2,0,0,Colombia,Android,0
501014,5,0.62,115.13,118,1,8.5,0,0,Peru,Android,1
503378,30,3.54,178.22,47,0,,0,0,Mexico,Android,0
503697,14,3.76,372.7,18,0,,0,0,Chile,iOS,0
504163,10,0.69,101.03,38,1,8.9,0,0,Mexico,Android,1
501929,28,4.36,420.65,8,0,,0,1,Chile,Android,0
504625,34,1.94,249.41,60,0,,1,1,Mexico,Android,0
505790,13,0.96,529.45,24,1,7.4,0,0,Republica Dominicana,Android,0
503721,2,0.44,583.71,17,1,5.6,1,0,Peru,iOS,0
501867,11,3.82,387.41,15,2,6.1,0,1,Colombia,iOS,0
503028,3,0.78,145.03,37,1,5.4,0,0,Espana,Android,0
500589,26,1.39,224.57,1,2,5.1,0,0,Colombia,iOS,0
505056,10,1.76,308.78,6,1,7.3,0,0,Argentina,Android,1
500970,13,1.54,171.07,31,0,,0,1,Republica Dominicana,iOS,0
502176,16,2.77,193.42,28,0,,1,0,Chile,Android,0
503592,4,8.6,212.88,3,0,,1,0,Espana,Android,0
502863,21,1.01,587.47,21,0,,0,1,Colombia,Android,0
502321,4,3.45,717.39,14,2,3.7,1,0,Argentina,Android,0
503182,23,0.82,395.4,15,1,6.7,0,0,Argentina,iOS,0
502977,25,7.73,82.12,20,1,7.0,0,0,Republica Dominicana,iOS,0
500426,19,1.08,281.27,12,0,,0,0,Peru,iOS,0
503847,22,2.22,280.88,7,0,,0,0,Mexico,Android,0
503245,25,1.0,351.64,67,1,8.7,0,0,Peru,Android,0
501491,12,3.78,710.36,33,1,7.7,0,0,Espana,iOS,0
503612,13,0.1,275.88,85,0,,1,0,Colombia,Android,1
503770,7,2.4,658.33,33,1,6.0,0,0,Colombia,iOS,0
504218,10,0.61,181.87,77,0,,0,1,Colombia,Android,0
504975,5,1.56,219.85,25,2,9.0,1,0,Chile,Android,0
504540,24,1.76,36.23,43,2,5.6,0,0,Peru,iOS,0
505887,3,0.86,376.17,5,0,,0,0,Mexico,Android,0
503176,4,5.08,40.19,49,0,,1,0,Mexico,iOS,1
503249,9,2.64,177.43,94,0,,0,0,Republica Dominicana,Android,0
504948,5,3.25,185.34,39,0,,0,0,Argentina,iOS,1
503476,6,0.92,138.91,26,0,,0,0,Espana,iOS,0
500155,7,7.29,205.0,45,2,6.8,0,0,Panama,Android,0
503125,11,0.86,184.67,84,1,9.9,0,0,Mexico,iOS,0
501094,7,0.94,325.94,32,0,,0,1,Espana,Android,0
502432,7,2.49,72.03,2,0,,0,1,Chile,Android,0
501448,14,2.43,193.0,14,0,,1,0,Chile,Android,0
505004,10,3.33,165.41,19,1,2.0,1,0,Espana,Android,0
505281,1,3.73,201.12,21,0,,0,1,Mexico,Android,0
504658,16,0.86,187.98,12,0,,0,0,Espana,iOS,0
500712,4,3.4,335.15,33,1,7.2,1,0,Espana,Android,0
501981,16,0.59,199.73,22,0,,0,0,Chile,Android,0
501153,9,3.02,1041.1,50,0,,1,1,Espana,Android,0
501225,7,1.15,266.47,18,0,,1,0,Republica Dominicana,Android,0
505199,38,1.06,476.69,3,0,,1,0,Espana,iOS,0
504533,6,1.57,378.02,58,0,,1,0,Peru,iOS,0
504043,5,2.98,264.43,73,1,10.0,0,0,Peru,iOS,0
500844,3,0.94,264.43,17,1,8.0,0,0,Espana,Android,0
503882,12,1.9,253.76,27,1,6.8,1,0,Espana,iOS,0
504055,16,0.44,91.57,21,0,,1,0,Argentina,Android,0
505525,32,2.63,144.68,13,1,5.3,1,1,Peru,iOS,0
502768,5,2.28,261.17,31,0,,0,0,Mexico,Android,1
505327,23,1.89,348.2,37,3,3.8,0,0,Peru,Android,0
503926,14,0.39,440.75,11,0,,0,0,Panama,iOS,0
504346,3,3.5,44.1,40,0,,0,0,Republica Dominicana,iOS,0
505732,9,1.79,184.55,4,0,,1,0,Espana,Android,0
501877,10,6.24,245.94,13,1,7.3,0,0,Mexico,Android,0
501423,30,6.21,859.09,67,0,,0,0,Colombia,Android,0
504495,10,1.11,250.86,28,1,6.1,0,0,Mexico,Android,0
502286,14,1.9,158.51,45,1,5.2,0,1,Argentina,Android,0
500072,19,5.93,316.25,28,0,,0,0,Republica Dominicana,iOS,0
500344,13,0.68,618.59,73,1,8.1,1,0,Espana,Android,0
501527,23,2.89,420.81,44,0,,1,0,Panama,Android,0
504479,9,0.26,244.59,25,0,,0,1,Colombia,Android,1
505202,28,1.37,231.02,198,1,3.2,0,0,Argentina,iOS,1
503607,12,0.58,115.75,8,2,8.4,0,1,Espana,iOS,0
503566,23,6.7,152.99,78,0,,0,1,Espana,iOS,0
505930,14,0.56,395.01,15,1,8.2,0,0,Mexico,iOS,0
501457,16,1.74,316.53,12,1,8.2,0,0,Colombia,Android,0
503020,9,4.86,200.49,19,0,,1,1,Colombia,iOS,0
502783,7,2.21,276.35,58,0,,1,0,Panama,Android,0
502439,11,1.29,333.96,70,0,,0,1,Argentina,Android,0
502387,2,1.72,400.92,22,0,,0,0,Colombia,Android,0
500611,22,2.68,348.41,24,0,,0,0,Mexico,iOS,0
502814,12,3.66,100.27,63,0,,1,0,Espana,Android,0
501708,7,2.59,410.47,40,0,,0,1,Argentina,Android,0
504112,6,1.2,955.84,78,1,6.8,1,0,Mexico,Android,0
500317,8,1.92,113.69,45,0,,0,0,Mexico,Android,0
505575,17,2.03,199.32,9,0,,0,0,Peru,Android,0
504242,6,1.13,246.86,14,0,,1,0,Mexico,iOS,0
503492,12,1.98,99.48,59,0,,1,0,Argentina,Android,0
503518,3,2.71,381.18,1,1,6.2,0,1,Espana,Android,0
505501,5,1.93,325.11,26,0,,1,0,Colombia,Android,0
501364,40,1.58,530.06,53,1,5.7,0,0,Colombia,Android,0
504219,12,0.79,299.85,35,2,8.8,0,0,Chile,Android,0
505522,20,4.56,384.66,7,1,5.8,0,1,Colombia,Android,0
501266,14,0.58,506.62,76,0,,0,1,Mexico,Android,0
500818,9,0.2,399.91,16,0,,0,0,Peru,Android,0
503860,10,7.65,364.47,12,0,,0,0,Panama,iOS,0
504904,3,0.8,383.41,38,0,,0,0,Espana,Android,0
505937,5,2.29,205.03,5,1,6.6,1,0,Peru,Android,0
501690,27,1.67,225.35,50,1,8.2,1,0,Espana,Android,1
502874,12,6.12,178.74,36,0,,0,0,Argentina,Android,0
502727,8,4.94,305.47,70,1,8.0,1,0,Mexico,iOS,0
501610,24,2.02,203.46,32,0,,0,0,Colombia,Android,0
500676,8,2.45,465.99,137,3,8.2,0,1,Colombia,Android,1
502776,5,4.58,256.53,9,0,,0,1,Espana,Android,0
503401,23,1.76,304.18,30,1,6.3,0,0,Espana,iOS,0
501366,7,3.59,182.5,14,1,8.3,0,0,Espana,iOS,0
500110,4,3.87,91.48,24,1,9.2,0,1,Peru,iOS,0
500635,42,1.52,496.66,140,0,,1,0,Mexico,Android,1
503767,16,1.61,399.46,76,0,,0,0,Argentina,iOS,0
503586,22,1.07,412.56,47,1,4.5,0,0,Mexico,Android,0
501019,33,2.13,200.16,12,0,,0,0,Espana,Android,0
505889,13,2.32,139.42,3,0,,1,0,Colombia,Android,0
501893,1,1.11,419.66,24,2,7.7,1,0,Mexico,Android,1
504805,15,0.34,372.77,3,0,,0,0,Espana,iOS,0
505139,15,4.66,346.3,9,0,,0,0,Colombia,iOS,0
503982,8,2.18,247.09,52,0,,1,1,Colombia,Android,0
503269,29,1.5,674.35,11,1,6.3,0,0,Espana,Android,0
502642,15,0.86,812.43,15,0,,0,0,Argentina,iOS,0
502221,21,4.42,78.76,24,1,5.9,1,0,Mexico,Android,0
502596,11,1.54,301.26,2,2,5.7,0,0,Argentina,Android,0
500088,12,2.78,470.17,73,0,,1,0,Mexico,Android,0
503977,28,0.81,198.33,49,1,5.7,1,0,Colombia,Android,0
503243,31,1.94,396.29,16,0,,1,0,Republica Dominicana,Android,0
504591,3,3.03,237.78,24,1,8.8,0,0,Argentina,Android,0
501811,5,6.58,81.12,29,0,,0,0,Mexico,Android,0
502739,13,4.66,405.39,43,0,,0,0,Espana,Android,0
502913,12,0.45,86.04,39,1,8.9,0,0,Espana,Android,0
501841,12,4.8,496.05,8,0,,0,1,Mexico,iOS,0
504676,9,1.61,95.99,37,0,,0,0,Espana,iOS,0
502149,7,3.64,23.38,54,2,6.6,1,1,Peru,iOS,1
503075,8,2.43,166.43,18,0,,0,0,Espana,Android,0
500797,19,3.57,183.87,21,2,5.4,1,1,Chile,Android,0
501302,13,1.72,124.77,75,0,,1,0,Panama,iOS,0
504942,30,2.32,198.22,13,3,4.1,1,0,Espana,iOS,1
505489,6,1.86,48.25,31,0,,0,1,Espana,Android,0
505864,10,2.88,180.51,7,0,,0,0,Panama,iOS,0
500767,18,3.65,432.95,26,0,,0,0,Mexico,Android,0
505398,15,0.81,763.11,13,1,8.0,1,0,Chile,Android,0
504899,23,10.78,147.75,51,1,5.6,0,1,Peru,Android,0
505613,6,1.17,325.8,24,3,5.4,0,1,Panama,Android,0
501828,7,5.63,293.0,31,0,,0,0,Mexico,iOS,0
504556,21,0.75,213.04,66,2,8.7,0,0,Panama,iOS,0
502628,14,0.41,210.22,57,1,9.6,0,0,Mexico,Android,0
505207,6,0.57,851.01,22,0,,1,0,Mexico,Android,0
503614,14,4.05,193.68,62,0,,0,0,Chile,Android,0
504575,29,2.22,156.29,26,1,8.1,1,0,Chile,Android,0
505471,12,3.19,340.46,12,1,10.0,1,0,Peru,Android,0
502007,2,3.07,142.77,84,0,,0,0,Espana,iOS,0
504223,12,1.49,305.37,33,1,7.6,0,0,Republica Dominicana,iOS,0
505972,16,1.03,258.44,19,0,,0,0,Espana,Android,0
501195,4,8.11,84.43,32,2,4.7,1,1,Panama,Android,0
503128,9,3.27,220.75,13,0,,0,0,Colombia,Android,0
505213,22,0.66,689.22,1,0,,1,0,Mexico,iOS,0
500876,12,7.5,904.38,22,2,10.0,1,0,Chile,Android,0
501695,8,9.59,92.08,77,0,,1,0,Espana,iOS,1
504121,5,4.68,184.41,116,3,6.4,0,1,Argentina,iOS,0
504469,7,7.46,231.35,1,0,,0,1,Argentina,iOS,0
500667,5,0.54,113.09,38,1,6.0,0,0,Mexico,Android,0
504085,12,2.78,224.28,16,0,,0,1,Mexico,Android,0
505387,12,3.68,119.36,100,0,,0,0,Mexico,iOS,1
505602,20,2.81,120.11,78,0,,0,1,Mexico,Android,0
504896,12,3.86,223.47,5,1,3.5,1,1,Republica Dominicana,Android,0
504027,10,1.76,190.44,13,0,,0,0,Argentina,Android,0
504852,48,1.61,117.4,13,0,,1,0,Chile,Android,0
502649,30,1.91,265.42,34,2,7.0,1,0,Espana,Android,1
501751,16,2.65,239.73,8,1,4.5,0,1,Peru,iOS,0
503408,3,1.12,132.75,1,0,,0,0,Panama,Android,0
504271,5,5.48,253.49,54,1,6.2,0,0,Mexico,iOS,0
501205,26,1.27,365.08,15,0,,0,0,Mexico,Android,0
503178,3,2.94,157.09,48,0,,1,0,Peru,Android,0
502391,29,4.68,178.66,8,0,,1,0,Republica Dominicana,Android,0
504018,11,0.86,124.53,33,1,6.5,0,0,Espana,Android,0
501347,16,1.81,630.28,37,0,,0,0,Colombia,Android,0
505846,11,0.87,295.74,23,0,,0,0,Espana,Android,0
505617,18,4.75,185.27,16,0,,1,0,Argentina,Android,0
502770,17,2.98,199.47,11,0,,1,0,Chile,Android,0
500198,4,4.86,235.8,3,0,,0,0,Colombia,iOS,0
503062,27,0.16,415.94,4,0,,0,0,Mexico,Android,0
503698,18,1.17,124.11,69,1,7.8,0,0,Mexico,iOS,0
503003,36,3.11,214.7,34,2,7.3,0,0,Argentina,Android,0
504175,16,2.14,385.22,20,3,9.0,1,0,Mexico,Android,0
501991,13,1.48,331.91,10,0,,1,0,Peru,Android,0
505994,27,3.64,1069.41,32,0,,1,0,Republica Dominicana,Android,0
502074,15,2.07,283.41,53,0,,1,0,Colombia,Android,0
504738,12,2.44,84.25,44,0,,0,0,Espana,iOS,0
505747,39,2.24,200.6,31,1,7.8,0,0,Colombia,Android,1
504198,9,1.27,470.29,16,0,,1,0,Colombia,Android,1
503687,6,2.41,308.08,12,0,,0,0,Chile,Android,0
504190,12,1.16,178.78,23,0,,0,0,Colombia,iOS,0
502575,31,0.98,203.01,36,0,,1,0,Colombia,Android,0
500191,23,1.23,83.86,18,1,7.3,0,0,Colombia,Android,0
503490,7,2.38,224.98,39,1,5.7,0,0,Colombia,Android,0
505479,16,0.61,250.18,17,0,,1,1,Argentina,Android,0
500719,14,1.04,92.92,21,2,6.3,0,0,Espana,Android,0
504056,8,3.04,206.35,49,0,,1,0,Peru,iOS,0
500548,23,3.46,98.35,18,1,6.0,0,0,Mexico,Android,0
503905,30,0.83,384.54,10,0,,0,0,Espana,Android,0
505355,7,2.76,567.11,45,1,8.0,1,0,Argentina,iOS,0
504446,33,3.5,397.29,21,0,,0,0,Argentina,Android,1
502239,41,3.22,198.47,21,0,,0,1,Argentina,iOS,0
502735,14,1.66,115.22,19,0,,0,1,Espana,Android,1
504489,18,1.34,354.01,13,0,,0,0,Espana,iOS,0
504361,9,3.45,60.95,11,1,5.6,0,1,Espana,Android,0
504170,5,3.95,163.09,18,0,,0,0,Mexico,Android,0
504237,5,2.5,746.99,33,0,,0,0,Peru,iOS,0
505935,20,11.7,301.3,39,0,,0,1,Republica Dominicana,iOS,0
505295,11,2.89,126.07,23,1,4.1,1,0,Espana,iOS,0
504006,19,2.82,97.7,37,1,9.5,1,0,Colombia,iOS,0
502399,17,6.58,515.35,29,0,,1,0,Espana,iOS,0
505877,19,1.19,124.72,19,1,7.4,0,0,Argentina,Android,0
502077,12,4.56,259.63,14,0,,0,0,Argentina,iOS,0
502260,15,3.53,40.43,9,0,,1,0,Espana,iOS,0
504761,20,3.84,296.23,15,0,,0,0,Colombia,iOS,0
502097,26,4.27,474.65,47,1,7.7,0,1,Espana,iOS,0
500323,9,5.81,230.98,61,0,,1,0,Chile,Android,0
505949,22,1.16,274.01,29,0,,1,0,Colombia,Android,0
501962,9,6.49,841.36,80,1,7.9,1,0,Mexico,iOS,0
502703,5,2.03,661.77,35,2,6.6,0,1,Argentina,iOS,0
505269,15,2.23,320.26,20,2,4.5,0,0,Colombia,Android,0
501352,18,4.73,1074.92,2,1,5.6,1,0,Peru,Android,0
504117,6,0.44,408.33,15,0,,0,0,Espana,Android,0
502507,12,8.32,124.64,53,0,,1,0,Republica Dominicana,Android,0
502659,4,0.63,99.49,28,0,,0,0,Espana,Android,0
504505,10,4.6,145.28,82,1,5.9,0,0,Espana,iOS,0
505239,39,4.31,176.52,48,1,8.7,1,0,Colombia,iOS,0
502304,16,1.61,78.49,76,2,3.1,1,0,Chile,Android,0
500458,43,2.55,236.95,40,0,,1,0,Chile,Android,0
501378,24,1.03,283.1,12,1,8.4,0,0,Panama,Android,0
501644,9,3.24,122.66,56,1,9.9,0,1,Argentina,iOS,0
502211,21,4.33,496.49,54,2,5.4,0,0,Espana,Android,0
505403,4,1.24,119.63,24,0,,1,1,Panama,Android,0
505318,28,0.88,82.96,65,1,7.1,0,0,Argentina,Android,0
504851,5,1.8,466.07,25,0,,1,0,Chile,iOS,0
500566,6,0.1,126.51,9,0,,0,0,Colombia,Android,0
500195,12,6.62,139.03,32,1,5.2,0,1,Chile,iOS,0
501159,9,1.64,207.07,55,0,,1,0,Mexico,Android,0
502565,6,3.19,179.57,16,0,,0,0,Chile,Android,1
501274,17,2.73,142.4,29,1,6.1,1,0,Espana,Android,0
503011,14,0.84,262.46,31,0,,0,0,Mexico,iOS,0
505079,3,1.02,383.82,38,0,,1,0,Chile,Android,1
502056,22,0.72,124.13,5,1,6.0,0,0,Peru,iOS,0
503644,15,1.17,240.47,23,0,,0,0,Argentina,Android,0
500658,18,2.58,266.96,36,0,,1,0,Espana,iOS,0
501790,4,2.02,349.29,25,0,,0,0,Espana,Android,0
504051,8,1.35,331.52,46,3,9.3,0,0,Espana,iOS,0
505175,16,4.62,277.95,67,0,,0,0,Colombia,Android,0
504667,17,3.26,303.37,11,0,,1,1,Republica Dominicana,Android,0
505215,2,3.03,496.52,14,2,5.2,0,0,Chile,iOS,0
501785,7,1.44,546.21,57,0,,0,0,Espana,iOS,1
504045,11,2.11,303.6,26,2,7.8,0,0,Chile,Android,0
504961,7,1.89,286.3,11,0,,0,0,Panama,iOS,0
502098,5,5.26,192.96,7,1,8.9,0,0,Espana,Android,0
504078,7,1.02,323.22,52,2,4.6,1,0,Peru,Android,1
500980,6,4.6,171.71,19,1,5.5,1,0,Chile,iOS,0
501768,30,1.63,275.95,38,1,10.0,1,0,Peru,Android,0
505347,9,2.73,276.07,35,0,,0,0,Chile,Android,0
501315,14,2.0,90.37,63,0,,1,0,Republica Dominicana,iOS,0
502280,8,2.44,75.78,14,0,,1,0,Panama,iOS,0
502627,2,5.08,178.2,13,0,,0,0,Colombia,Android,0
503416,39,6.24,326.42,45,2,8.6,0,0,Peru,Android,0
500071,11,3.74,354.95,126,0,,0,0,Espana,iOS,1
502618,13,3.69,116.47,56,3,5.9,1,0,Mexico,iOS,0
504731,20,3.12,176.1,18,1,8.0,0,0,Espana,Android,0
501281,25,0.37,96.44,36,0,,1,0,Peru,Android,0
503887,4,0.46,258.85,25,1,7.0,1,0,Espana,Android,1
503119,4,3.44,117.06,51,1,9.7,0,0,Espana,iOS,0
504911,3,2.97,429.63,23,1,9.6,0,1,Espana,iOS,0
502140,21,0.47,482.74,1,1,7.2,0,0,Republica Dominicana,Android,0
500772,16,3.72,175.71,13,2,5.7,0,0,Argentina,iOS,1
502804,5,3.34,106.58,5,0,,0,0,Espana,iOS,0
504547,2,1.64,558.7,22,1,7.5,0,0,Peru,Android,0
504058,30,2.96,205.07,77,1,10.0,0,0,Chile,Android,0
505645,16,1.86,508.13,49,0,,0,0,Colombia,iOS,0
505506,12,1.48,623.51,92,2,5.9,0,1,Peru,Android,1
500795,29,1.29,170.01,52,2,9.6,1,0,Colombia,Android,0
500563,13,4.38,174.92,11,0,,0,0,Chile,Android,0
500378,3,1.22,901.1,22,0,,1,0,Mexico,Android,0
501386,9,3.03,233.96,72,2,8.7,0,0,Espana,Android,0
502924,23,3.0,221.22,20,0,,1,0,Mexico,Android,0
500985,11,1.54,124.32,26,0,,0,0,Peru,iOS,0
505171,27,6.0,412.27,36,0,,1,1,Espana,iOS,0
500407,11,5.91,481.43,46,4,10.0,1,0,Espana,Android,0
501309,11,0.88,325.76,29,1,7.2,0,0,Mexico,Android,0
505952,16,1.43,122.98,14,0,,0,0,Mexico,Android,0
503296,8,0.19,266.74,42,0,,0,0,Espana,Android,0
502792,35,1.17,182.11,31,1,8.9,0,0,Colombia,iOS,0
504076,15,4.07,573.43,9,0,,1,0,Chile,Android,0
501341,14,1.47,83.58,7,0,,1,0,Chile,iOS,0
503922,12,2.34,305.95,85,1,7.3,0,0,Espana,Android,0
505528,34,2.03,97.68,12,1,9.2,0,0,Peru,Android,0
500774,4,1.09,508.98,62,0,,1,1,Peru,Android,0
505765,8,1.29,347.76,56,1,9.7,0,0,Colombia,Android,0
502621,5,6.94,207.63,9,0,,0,1,Espana,Android,0
502314,48,2.73,438.6,14,0,,1,0,Chile,Android,0
503722,35,2.72,296.79,54,3,7.4,0,0,Mexico,Android,1
500682,13,1.11,138.82,77,0,,0,0,Peru,Android,0
503768,3,0.99,231.19,35,0,,1,0,Mexico,Android,1
502797,11,4.04,116.86,26,0,,0,0,Chile,Android,0
503648,16,1.45,328.86,17,1,4.5,0,0,Espana,iOS,0
501482,10,1.73,279.77,87,1,8.4,1,0,Colombia,Android,0
500683,8,1.14,218.59,38,0,,0,0,Peru,Android,0
505984,5,1.31,560.99,57,1,5.8,1,1,Chile,Android,0
505331,31,5.46,248.3,66,1,8.4,1,0,Colombia,Android,0
501208,18,3.04,316.63,19,0,,0,0,Espana,iOS,0
502445,24,3.36,510.62,89,1,4.8,1,1,Chile,iOS,1
500028,14,0.7,107.92,68,0,,1,0,Argentina,Android,0
500584,4,4.07,369.4,26,2,10.0,1,0,Mexico,Android,0
502317,7,0.72,444.01,10,0,,0,0,Peru,iOS,0
502736,17,5.45,221.67,27,1,8.0,0,0,Argentina,Android,1
502269,6,3.95,212.95,12,0,,0,1,Espana,iOS,0
501933,16,2.47,468.17,101,0,,1,0,Mexico,Android,1
500551,14,7.38,175.93,17,0,,0,0,Colombia,Android,0
505009,8,1.85,190.53,42,0,,0,0,Chile,Android,0
500850,4,1.83,320.09,33,1,7.1,0,1,Argentina,Android,1
504790,16,3.39,431.16,18,1,3.2,0,0,Panama,iOS,0
501766,27,6.43,522.71,38,0,,0,0,Mexico,Android,0
503500,12,2.28,249.26,78,2,5.9,0,0,Panama,iOS,1
503840,10,4.88,229.02,41,0,,0,0,Mexico,Android,0
500024,19,0.7,139.81,28,0,,0,1,Panama,iOS,0
500507,12,3.9,260.41,10,0,,1,0,Mexico,iOS,0
505414,13,4.08,334.73,8,0,,1,0,Argentina,Android,0
504157,28,0.85,219.02,48,0,,0,0,Espana,iOS,0
503983,21,1.02,242.96,46,0,,1,0,Republica Dominicana,Android,0
504475,12,6.3,54.09,58,1,5.8,1,0,Argentina,iOS,0
504184,6,3.82,207.9,62,1,7.4,0,1,Espana,Android,0
504042,6,3.82,351.66,31,1,6.9,0,0,Republica Dominicana,iOS,1
505274,30,0.56,849.14,15,1,10.0,0,0,Argentina,iOS,0
502668,6,1.93,141.73,17,1,7.1,0,0,Espana,iOS,1
502023,3,1.52,143.12,33,0,,0,1,Panama,iOS,0
502352,11,5.5,183.38,51,1,3.3,0,0,Argentina,iOS,0
503885,3,2.78,143.63,44,0,,1,0,Espana,Android,0
503470,27,2.16,907.04,69,0,,0,0,Mexico,Android,1
502760,6,2.15,248.07,84,2,6.7,0,0,Panama,Android,0
503855,11,2.44,226.08,35,0,,0,0,Peru,Android,0
504858,6,4.96,154.39,86,0,,0,0,Colombia,iOS,1
500280,6,2.14,373.99,27,1,6.2,1,1,Mexico,iOS,0
505673,7,0.18,296.13,30,1,8.6,1,1,Chile,Android,0
501584,14,3.71,348.43,11,0,,0,0,Republica Dominicana,Android,0
501764,4,5.32,182.16,18,0,,0,0,Chile,Android,1
504359,6,3.13,74.84,36,0,,1,0,Argentina,Android,0
501473,30,1.72,503.32,1,0,,0,0,Espana,Android,0
500236,15,0.36,112.85,12,0,,0,0,Republica Dominicana,Android,1
500325,23,1.04,65.32,83,2,6.9,1,0,Espana,Android,1
504503,19,1.54,358.71,6,1,6.6,0,1,Mexico,iOS,0
501243,7,3.17,430.13,36,1,8.8,1,1,Argentina,Android,1
501385,12,1.78,429.25,12,0,,1,0,Mexico,iOS,0
505721,11,1.4,415.77,25,0,,0,0,Colombia,iOS,0
503686,20,2.14,316.63,149,0,,0,0,Colombia,iOS,0
503120,6,4.57,45.11,55,0,,0,1,Espana,iOS,1
502604,10,0.44,174.76,92,1,7.0,1,0,Chile,Android,1
501053,18,2.27,384.51,59,2,8.3,0,0,Republica Dominicana,iOS,0
501438,13,0.17,386.98,13,0,,1,0,Colombia,Android,0
504496,8,2.17,518.03,30,1,6.0,0,1,Colombia,Android,0
504386,4,4.41,95.42,9,0,,0,1,Mexico,iOS,0
502426,15,5.41,236.08,49,0,,1,0,Argentina,Android,1
501752,9,2.41,282.21,21,1,5.5,0,1,Colombia,iOS,1
500517,8,6.78,56.31,22,0,,1,0,Republica Dominicana,Android,0
505590,7,4.32,77.08,7,0,,0,1,Espana,iOS,0
503382,16,0.96,229.44,20,0,,0,0,Argentina,Android,0
505140,25,6.9,237.68,27,0,,0,0,Espana,Android,0
504047,5,2.85,212.51,12,0,,0,1,Panama,Android,0
501892,32,3.6,225.49,4,0,,1,1,Panama,iOS,0
505179,13,3.3,395.48,16,0,,0,0,Panama,Android,0
504563,23,1.3,295.76,9,0,,0,0,Mexico,iOS,0
504480,15,6.05,75.82,70,1,7.0,0,0,Republica Dominicana,Android,1
504289,7,2.3,15.0,18,0,,0,0,Peru,Android,0
505493,7,4.37,396.59,36,3,7.1,0,1,Argentina,Android,1
502936,6,1.55,335.89,31,0,,0,1,Espana,Android,0
503792,16,3.64,255.44,5,0,,0,0,Espana,iOS,0
503180,29,0.79,178.62,63,0,,1,1,Chile,Android,0
502710,29,1.86,520.32,46,1,8.1,1,1,Mexico,Android,0
502374,33,2.57,271.92,29,0,,1,0,Mexico,iOS,0
501554,23,2.19,582.68,98,1,8.6,0,0,Espana,Android,1
505420,25,7.34,56.28,11,0,,0,0,Colombia,Android,0
500880,7,3.29,51.92,105,3,10.0,1,0,Peru,Android,0
501727,21,4.0,100.78,12,1,3.9,0,0,Espana,Android,0
505373,5,1.4,230.09,24,0,,0,0,Espana,iOS,1
503156,15,4.98,172.87,29,0,,0,0,Mexico,iOS,0
505458,7,0.38,693.55,48,1,9.2,1,1,Peru,Android,1
500033,28,1.77,84.18,29,1,4.5,1,1,Chile,Android,0
500491,3,2.47,361.4,10,0,,0,1,Argentina,iOS,0
502750,10,3.25,613.15,16,0,,1,0,Argentina,iOS,0
503628,29,1.76,150.23,15,2,7.7,0,0,Chile,iOS,0
500333,5,3.41,103.87,9,0,,0,0,Peru,iOS,0
500849,5,3.29,653.74,55,0,,1,0,Argentina,Android,0
501062,18,1.38,100.72,17,0,,1,0,Peru,Android,0
505811,47,0.74,301.33,240,1,6.2,0,0,Colombia,Android,1
505874,15,6.12,296.79,95,2,8.4,0,0,Panama,iOS,0
503158,28,2.53,77.71,20,4,10.0,1,0,Espana,Android,0
500624,14,5.25,314.1,69,1,9.0,0,0,Espana,iOS,0
500226,14,6.95,554.4,20,3,7.2,0,0,Panama,iOS,0
504636,15,2.71,391.12,25,0,,0,1,Colombia,Android,0
502922,17,3.0,71.38,44,1,9.7,1,0,Panama,Android,0
505421,12,1.64,242.68,18,0,,0,0,Mexico,Android,0
502181,13,2.53,164.89,94,0,,0,0,Espana,Android,0
500731,16,3.02,415.28,53,1,9.8,0,0,Mexico,Android,1
503130,24,0.69,307.5,47,0,,1,0,Panama,iOS,0
504520,7,2.31,306.55,19,0,,0,0,Chile,iOS,0
504652,12,2.41,421.81,6,2,8.1,0,0,Colombia,iOS,0
502843,9,1.83,259.88,24,1,9.4,0,0,Mexico,Android,0
502749,14,0.84,132.67,32,0,,0,0,Argentina,iOS,0
501624,11,1.98,594.19,30,1,6.2,1,0,Panama,iOS,0
501431,10,3.7,114.57,53,0,,1,0,Peru,iOS,0
505854,13,3.66,102.16,91,0,,0,0,Espana,Android,0
505880,16,1.78,208.95,6,0,,0,0,Argentina,Android,0
504015,10,2.46,200.93,35,2,5.5,0,0,Espana,iOS,0
504826,9,1.6,399.22,73,1,9.6,0,0,Republica Dominicana,iOS,0
503556,22,1.35,379.8,10,1,8.1,0,1,Mexico,Android,0
504013,16,1.93,247.92,48,0,,0,1,Peru,Android,0
504973,18,5.67,44.22,78,1,5.4,1,0,Peru,Android,0
503813,10,2.05,441.92,93,0,,0,0,Argentina,Android,0
500074,12,1.56,118.15,8,0,,1,0,Chile,Android,0
503819,6,3.08,266.39,7,0,,0,0,Argentina,Android,0
501709,13,0.68,213.66,97,1,5.5,1,0,Argentina,Android,0
504136,16,5.42,473.82,50,1,8.3,1,0,Espana,iOS,0
503161,26,3.21,157.66,11,0,,0,0,Chile,iOS,0
504915,17,3.87,136.41,23,0,,0,1,Espana,Android,0
501615,8,3.26,217.4,37,0,,0,0,Argentina,Android,0
502960,15,0.63,295.27,16,2,6.1,0,1,Republica Dominicana,Android,0
501219,7,2.71,157.28,89,0,,0,0,Peru,Android,0
501124,13,3.42,324.07,47,2,7.0,0,1,Colombia,Android,0
504310,9,0.54,105.05,17,1,3.8,0,1,Colombia,Android,0
502455,8,3.62,881.15,28,0,,0,1,Peru,Android,0
500097,4,2.17,365.37,6,2,6.0,0,0,Espana,Android,0
502712,10,4.87,287.79,3,1,3.0,1,1,Republica Dominicana,iOS,0
505888,15,3.84,385.43,64,0,,0,1,Argentina,Android,1
503870,21,1.77,641.94,21,0,,1,1,Argentina,Android,0
505752,27,5.19,377.0,7,0,,0,0,Colombia,Android,0
504863,6,2.2,151.07,22,0,,0,0,Espana,iOS,0
503256,3,0.54,120.49,45,1,9.0,0,0,Argentina,Android,0
503437,8,0.32,312.77,0,1,8.6,1,0,Chile,iOS,0
504970,5,0.45,365.18,33,0,,0,1,Chile,Android,0
505286,11,3.48,337.44,57,0,,0,0,Mexico,Android,0
504743,19,2.43,86.09,59,0,,0,0,Chile,iOS,0
502662,1,5.6,113.46,33,0,,1,1,Argentina,Android,0
502052,9,4.77,340.47,58,1,6.8,1,0,Panama,Android,0
504116,4,4.6,360.98,37,0,,0,0,Espana,Android,0
502528,18,1.82,187.21,18,0,,0,0,Peru,Android,0
501659,9,3.14,314.67,22,1,4.7,1,0,Colombia,Android,0
504422,13,2.03,149.13,10,0,,0,0,Peru,Android,0
504720,5,6.38,142.13,38,3,5.7,0,0,Panama,Android,0
504099,8,2.14,241.22,39,1,7.5,1,0,Peru,Android,1
500124,28,0.61,188.82,30,0,,0,1,Chile,Android,0
503202,8,2.59,339.56,17,0,,1,0,Chile,Android,0
501300,21,2.66,202.53,14,0,,0,0,Mexico,Android,0
501484,3,2.29,173.25,11,1,3.0,0,1,Panama,iOS,1
504348,41,1.8,316.67,23,0,,0,0,Espana,iOS,0
505521,12,3.06,286.78,16,1,4.7,1,0,Espana,iOS,0
505711,8,0.38,179.99,13,0,,0,0,Colombia,iOS,0
503374,12,0.74,191.85,48,1,5.4,1,0,Panama,Android,0
502003,20,1.78,507.12,25,0,,0,0,Espana,iOS,0
500523,11,3.78,335.44,7,1,3.5,1,1,Chile,iOS,0
505142,17,1.83,321.99,3,1,10.0,0,0,Republica Dominicana,Android,1
501713,8,2.19,138.51,28,0,,1,0,Espana,iOS,0
503115,14,9.8,178.99,19,0,,1,0,Mexico,iOS,0
505630,11,1.23,503.78,6,1,6.2,0,0,Chile,Android,0
500802,8,4.44,178.65,62,0,,1,0,Peru,iOS,0
505998,13,3.18,359.96,62,0,,0,0,Espana,iOS,0
502887,9,6.98,103.12,2,0,,1,0,Argentina,iOS,0
502139,33,5.55,202.35,61,0,,1,1,Republica Dominicana,Android,0
501258,21,3.04,550.96,29,0,,1,0,Mexico,Android,0
500452,13,1.08,279.29,33,0,,0,0,Espana,iOS,0
503853,12,2.5,24.84,25,0,,0,1,Espana,Android,0
503826,12,0.51,96.2,13,0,,0,1,Espana,iOS,0
500748,10,1.85,483.49,11,0,,0,0,Colombia,iOS,1
505767,6,9.04,317.96,15,2,8.7,1,0,Espana,Android,0
504529,22,1.36,687.37,37,0,,1,0,Mexico,Android,0
500600,3,0.71,309.87,55,0,,0,1,Argentina,Android,0
504717,4,0.9,364.71,94,0,,0,1,Espana,iOS,1
502529,17,1.18,187.65,32,0,,0,0,Peru,iOS,0
503599,12,2.09,779.97,51,1,7.8,1,0,Republica Dominicana,iOS,0
501228,11,0.77,79.97,12,2,7.4,1,0,Mexico,Android,0
500431,3,0.7,207.69,37,0,,0,0,Peru,iOS,0
504747,17,1.23,301.81,48,0,,0,0,Argentina,Android,0
505078,22,4.47,136.34,45,1,5.6,1,0,Espana,Android,0
504401,6,5.03,215.02,11,0,,1,0,Panama,Android,0
503693,9,4.29,414.85,69,1,7.2,1,0,Mexico,iOS,1
503104,11,6.3,153.34,37,0,,1,1,Argentina,Android,0
503016,26,4.86,349.27,115,1,7.3,0,0,Mexico,Android,0
500700,15,5.05,119.83,9,1,8.8,0,0,Panama,iOS,0
503114,24,0.69,125.12,47,0,,0,0,Mexico,iOS,0
505585,10,0.37,97.39,67,0,,1,0,Mexico,iOS,1
505437,17,3.39,260.57,23,0,,0,0,Mexico,Android,0
500048,6,1.43,172.62,38,0,,1,1,Espana,Android,0
504659,21,2.7,586.83,86,0,,1,1,Republica Dominicana,Android,1
505443,8,2.08,247.13,9,1,7.5,0,0,Panama,iOS,0
501761,21,2.42,157.26,43,1,5.8,1,0,Colombia,iOS,0
505477,30,3.13,40.21,45,1,7.9,0,0,Mexico,iOS,0
503037,15,1.14,438.07,22,0,,0,0,Peru,iOS,0
502540,14,4.08,68.81,35,0,,0,0,Chile,Android,0
505237,9,3.63,289.48,9,0,,0,0,Mexico,Android,0
501177,9,0.49,122.32,30,1,6.8,0,1,Mexico,Android,1
505095,25,2.35,158.4,13,1,9.1,1,0,Mexico,Android,0
505601,16,1.55,116.78,11,0,,1,0,Argentina,iOS,0
503398,8,4.6,146.68,28,1,7.9,0,1,Panama,Android,0
504796,11,5.73,730.91,29,1,4.6,0,1,Peru,iOS,1
504257,7,1.61,239.29,3,0,,1,1,Chile,Android,0
500958,28,1.22,160.03,19,2,4.5,1,1,Espana,Android,0
502433,5,2.64,53.67,24,1,2.6,1,1,Chile,Android,1
503865,30,2.96,226.71,6,0,,0,0,Espana,iOS,0
502893,12,0.79,49.24,48,1,6.4,0,0,Mexico,iOS,0
503148,17,2.18,122.72,98,0,,1,0,Colombia,iOS,0
504923,4,5.02,378.78,77,1,6.4,0,0,Argentina,Android,0
503710,13,3.49,87.32,35,0,,1,1,Chile,Android,0
504616,28,3.51,121.66,30,1,8.0,0,0,Republica Dominicana,iOS,0
504168,4,5.47,349.73,22,0,,0,1,Mexico,Android,0
505191,26,0.4,160.96,47,0,,0,0,Panama,Android,0
502817,5,3.86,243.77,13,1,6.7,1,0,Peru,Android,0
500073,8,1.54,344.88,22,1,8.1,0,0,Colombia,iOS,0
503304,2,1.42,129.77,44,0,,1,0,Republica Dominicana,iOS,0
505567,9,2.53,189.07,3,0,,0,0,Peru,Android,0
501749,2,1.21,168.68,5,2,8.2,0,1,Espana,Android,0
501061,15,2.57,136.12,17,0,,0,1,Colombia,Android,0
505357,15,1.95,75.63,58,0,,0,0,Espana,Android,0
500961,3,0.75,1013.88,143,0,,1,0,Mexico,Android,1
502746,12,3.05,122.95,18,1,3.5,0,0,Espana,Android,0
500901,7,1.24,271.03,23,0,,0,1,Mexico,Android,0
504256,17,1.7,502.84,31,0,,0,0,Colombia,iOS,0
505985,14,0.78,216.7,44,0,,0,1,Chile,Android,0
500167,14,5.91,33.23,69,0,,1,0,Espana,Android,0
502264,2,1.78,95.91,4,1,8.3,1,1,Republica Dominicana,Android,0
505083,60,1.9,297.86,92,1,8.2,1,0,Mexico,Android,0
502566,3,1.12,94.25,8,0,,1,1,Espana,Android,0
500947,11,3.15,223.69,47,0,,0,0,Espana,iOS,0
504427,16,4.21,67.52,13,2,9.6,0,0,Republica Dominicana,iOS,0
502343,15,2.19,16.72,2,0,,0,0,Colombia,iOS,0
502326,6,1.27,292.28,19,1,8.5,1,1,Peru,iOS,0
504072,12,5.65,462.61,37,0,,0,0,Espana,Android,0
504041,7,2.06,88.77,26,2,5.7,0,0,Mexico,Android,0
501356,30,2.75,372.47,45,3,9.6,1,0,Argentina,iOS,1
500022,7,3.11,134.04,12,1,2.7,0,1,Republica Dominicana,Android,0
505174,5,7.35,596.05,31,0,,1,1,Argentina,iOS,0
502857,8,6.36,125.45,29,0,,0,0,Chile,Android,0
500018,16,5.42,136.85,33,1,6.7,0,0,Peru,Android,0
503748,30,1.91,94.55,48,2,4.5,1,0,Mexico,iOS,1
501698,6,1.47,425.1,11,0,,1,0,Chile,iOS,0
503335,5,0.6,399.03,67,0,,0,0,Espana,iOS,0
501244,15,7.19,186.96,33,0,,0,0,Espana,iOS,0
502412,17,2.53,260.89,31,0,,1,0,Espana,iOS,1
505671,25,7.78,176.44,8,0,,0,0,Peru,Android,0
505520,15,3.63,248.01,59,1,10.0,0,0,Mexico,iOS,0
503812,22,2.7,489.09,83,0,,0,0,Mexico,iOS,0
504022,9,2.5,149.38,33,1,3.6,0,0,Peru,Android,0
505494,11,1.16,206.66,20,1,5.4,1,0,Espana,Android,0
504875,4,4.24,165.32,53,1,7.1,0,0,Chile,Android,1
500151,9,4.8,243.08,3,0,,1,1,Colombia,Android,0
505823,15,2.08,271.24,8,1,7.8,1,0,Republica Dominicana,iOS,0
501534,11,0.58,462.85,36,1,7.6,1,0,Espana,Android,0
503274,21,0.45,300.55,78,2,7.5,0,0,Espana,Android,0
503680,15,3.3,154.29,23,0,,0,0,Argentina,Android,0
500542,23,5.48,217.29,113,1,6.6,1,0,Espana,Android,0
505385,9,2.98,163.51,81,0,,0,0,Mexico,iOS,0
500518,16,1.75,141.45,9,0,,0,0,Mexico,iOS,0
505996,18,0.94,305.75,13,2,6.2,0,0,Republica Dominicana,iOS,0
502342,5,0.79,320.52,91,2,6.3,0,0,Espana,iOS,1
504417,7,4.73,373.25,37,0,,0,0,Republica Dominicana,Android,0
503712,5,4.66,132.26,23,1,4.8,0,0,Peru,iOS,1
505020,21,6.96,401.77,3,1,8.8,1,1,Mexico,Android,0
504215,3,2.78,362.09,115,0,,0,0,Espana,iOS,1
500159,15,3.81,101.23,40,3,6.2,0,1,Mexico,iOS,0
501532,15,2.45,159.64,98,1,4.9,1,0,Republica Dominicana,Android,0
505100,14,0.57,562.4,28,1,7.8,0,0,Argentina,Android,0
500827,17,2.25,206.75,6,0,,0,0,Peru,iOS,0
500984,15,5.85,269.87,32,1,7.1,0,1,Mexico,Android,1
501416,11,2.55,64.13,61,0,,0,0,Peru,iOS,0
504619,11,3.42,131.99,101,0,,0,0,Espana,iOS,1
504155,2,1.84,388.73,3,0,,0,1,Chile,Android,0
501515,22,2.53,381.2,57,3,7.1,0,0,Mexico,Android,0
501189,12,4.5,192.02,17,1,6.6,0,0,Colombia,iOS,0
503645,3,3.69,225.29,17,0,,0,1,Mexico,iOS,0
500931,6,5.05,40.19,29,0,,0,1,Argentina,iOS,0
504854,7,1.89,413.31,18,1,9.4,1,0,Espana,Android,0
500627,15,2.46,263.29,36,1,5.2,1,0,Colombia,iOS,0
501120,16,0.41,133.5,94,1,5.2,1,0,Espana,iOS,1
505106,5,0.74,783.88,17,2,9.2,1,0,Colombia,Android,0
502892,27,3.49,179.14,15,1,5.7,1,0,Espana,Android,0
503524,14,3.65,110.83,76,0,,0,0,Republica Dominicana,Android,0
501079,9,1.58,408.14,81,0,,0,0,Mexico,Android,1
503750,14,0.5,482.51,28,2,6.1,1,0,Mexico,Android,1
502844,12,3.25,259.64,119,0,,0,0,Peru,Android,1
501753,43,5.75,322.85,26,0,,0,0,Republica Dominicana,Android,0
500204,7,1.71,143.38,110,2,7.0,1,0,Republica Dominicana,Android,1
501939,3,1.9,286.67,29,1,8.5,0,0,Peru,Android,0
503771,20,1.47,306.94,26,1,6.7,1,0,Colombia,Android,0
502812,24,3.08,29.85,16,1,6.0,0,0,Chile,Android,0
500713,16,4.31,400.87,3,0,,0,0,Mexico,Android,0
503862,12,6.91,352.6,15,0,,1,0,Espana,iOS,0
500023,6,1.14,125.92,12,1,7.5,1,1,Mexico,Android,0
503641,25,2.98,245.28,16,0,,1,0,Peru,Android,0
505499,21,3.33,129.15,66,0,,0,1,Colombia,Android,0
505093,32,3.33,307.15,45,0,,1,1,Chile,Android,0
504981,13,5.33,428.19,29,2,4.7,0,0,Panama,iOS,0
505759,17,10.0,984.93,39,0,,0,0,Chile,Android,0
500964,25,4.82,256.18,22,1,6.3,0,0,Mexico,iOS,0
501634,13,3.09,50.24,21,1,6.6,0,0,Mexico,Android,1
502520,12,4.55,166.02,40,1,8.6,0,0,Peru,Android,0
500209,8,1.33,132.01,7,0,,0,0,Espana,Android,0
500265,2,0.48,73.05,67,1,8.0,0,0,Mexico,iOS,0
504459,8,0.48,566.29,17,1,3.5,0,0,Peru,iOS,0
502209,22,3.41,420.41,2,1,9.2,0,1,Colombia,Android,0
503760,13,2.04,439.37,11,1,7.5,1,0,Republica Dominicana,iOS,0
503551,11,2.17,57.04,39,2,5.4,1,1,Colombia,Android,0
501021,5,6.89,151.68,6,1,8.0,1,0,Argentina,iOS,0
503323,15,2.29,483.04,11,0,,0,0,Panama,Android,0
502069,21,1.92,333.61,2,1,5.0,0,0,Mexico,Android,0
500765,20,2.53,430.82,9,0,,1,0,Espana,Android,0
505783,8,1.06,588.17,24,1,6.3,0,0,Mexico,Android,0
505703,16,3.58,140.7,28,0,,0,0,Republica Dominicana,Android,0
501253,8,5.8,145.39,37,1,10.0,1,1,Chile,Android,0
504253,4,2.92,133.06,51,0,,1,0,Chile,Android,1
501595,9,2.12,282.21,30,1,7.9,0,0,Republica Dominicana,Android,0
502688,23,7.36,1021.94,73,0,,0,0,Argentina,Android,0
500923,24,2.13,55.69,38,0,,1,0,Republica Dominicana,iOS,0
501685,5,6.14,450.32,90,0,,1,0,Republica Dominicana,Android,1
501001,26,2.63,192.15,34,0,,0,0,Republica Dominicana,Android,0
502353,5,6.57,178.34,74,0,,0,0,Republica Dominicana,Android,1
503920,20,0.13,167.08,7,1,7.5,0,0,Espana,iOS,0
504104,4,1.17,72.06,45,0,,0,0,Colombia,iOS,0
503897,8,1.92,116.66,16,1,7.7,1,0,Espana,iOS,1
505382,7,3.07,209.64,20,1,8.9,0,0,Mexico,Android,0
505546,4,6.45,107.01,40,0,,1,1,Mexico,iOS,0
501299,15,1.58,47.71,62,0,,0,1,Panama,iOS,0
500447,4,2.42,283.05,8,0,,0,0,Argentina,Android,0
500854,6,5.07,139.12,54,0,,1,1,Panama,iOS,1
503414,30,2.98,146.83,80,0,,1,0,Espana,Android,1
502515,24,2.62,244.9,101,0,,0,0,Chile,Android,1
500243,17,3.46,234.72,24,1,8.5,1,0,Republica Dominicana,Android,0
501838,13,3.81,505.13,35,0,,0,0,Chile,iOS,0
502243,11,0.1,159.64,9,1,8.3,0,0,Argentina,iOS,0
501433,8,0.91,310.04,17,1,10.0,1,0,Mexico,Android,0
505872,4,2.01,406.62,63,0,,0,0,Panama,iOS,0
504955,27,0.11,346.28,17,0,,1,0,Espana,iOS,0
501869,16,6.06,108.61,21,0,,1,0,Republica Dominicana,iOS,0
505365,22,1.5,63.03,16,0,,0,1,Peru,iOS,0
501017,20,2.78,393.15,49,0,,0,0,Argentina,Android,0
504364,5,2.33,215.95,12,0,,0,0,Argentina,iOS,0
504456,22,0.93,410.75,103,0,,0,0,Mexico,iOS,0
503783,10,2.54,40.72,26,0,,0,0,Colombia,Android,1
502937,13,1.71,483.17,30,1,9.3,1,0,Colombia,Android,0
501375,14,0.46,154.26,52,0,,1,0,Colombia,iOS,0
505683,15,2.33,395.2,103,1,5.4,0,0,Mexico,Android,1
502741,15,1.95,499.86,45,0,,0,0,Republica Dominicana,Android,0
505814,5,2.01,583.29,37,0,,1,0,Espana,iOS,1
503346,19,7.72,301.34,20,1,10.0,0,0,Argentina,iOS,0
505625,10,2.2,266.9,6,0,,1,0,Argentina,iOS,0
504144,6,2.07,182.06,6,0,,0,1,Panama,iOS,0
500271,16,0.78,477.21,6,1,4.7,0,1,Argentina,iOS,0
503531,36,1.42,94.14,35,1,8.2,0,0,Republica Dominicana,iOS,0
504996,35,0.91,82.64,5,0,,1,0,Republica Dominicana,iOS,0
503440,2,1.63,174.38,24,0,,0,0,Colombia,iOS,0
504464,18,1.88,438.56,49,1,6.9,0,0,Peru,iOS,0
503413,31,6.05,187.81,48,2,3.0,0,0,Argentina,Android,1
503754,23,0.5,907.68,3,1,3.7,0,0,Chile,iOS,0
504615,8,2.83,350.08,46,0,,1,0,Argentina,iOS,0
502531,31,1.57,175.26,45,1,3.4,0,1,Espana,Android,0
503534,6,5.23,306.88,15,0,,0,0,Espana,Android,0
505690,10,5.8,80.42,11,0,,0,0,Colombia,iOS,0
502875,6,1.0,469.73,23,1,4.8,1,0,Colombia,Android,1
505642,10,2.17,157.08,60,1,6.7,1,0,Peru,iOS,0
504383,10,6.85,233.81,66,0,,0,0,Colombia,Android,0
504574,13,3.13,130.82,22,1,5.1,1,0,Mexico,Android,0
500509,12,3.28,290.4,38,1,3.8,1,0,Mexico,Android,0
505052,5,3.31,135.38,62,0,,0,0,Espana,Android,0
503444,20,1.49,280.0,49,2,6.8,0,0,Chile,iOS,0
503611,7,2.06,311.11,27,1,4.4,0,0,Argentina,Android,0
501599,12,0.8,407.26,34,0,,0,1,Colombia,Android,0
501105,13,6.06,64.09,8,0,,0,0,Mexico,iOS,0
500831,3,1.82,329.84,11,0,,1,0,Colombia,Android,0
503281,28,10.45,124.26,28,0,,0,0,Mexico,iOS,0
505397,10,4.09,240.13,45,0,,1,0,Mexico,Android,0
500245,31,3.38,340.75,98,1,5.1,0,0,Peru,Android,1
500371,8,2.52,618.63,41,0,,1,1,Mexico,iOS,0
501948,2,4.11,283.43,59,0,,0,0,Espana,iOS,0
503525,9,0.74,261.79,61,2,5.6,0,0,Colombia,iOS,1
505833,25,8.34,211.99,18,0,,0,0,Espana,iOS,0
504546,25,5.3,222.28,2,2,6.0,0,0,Espana,iOS,0
504160,31,2.68,468.81,108,1,6.6,1,1,Argentina,Android,0
500871,27,1.23,507.62,47,1,5.2,0,0,Peru,iOS,0
500364,11,1.51,442.55,22,0,,1,0,Argentina,Android,0
503657,19,1.8,182.58,11,0,,1,0,Mexico,iOS,0
501495,4,0.43,273.64,33,2,8.3,0,0,Espana,Android,0
501915,10,0.61,587.07,32,0,,1,1,Espana,iOS,0
502554,27,1.17,167.07,80,1,6.0,1,0,Espana,Android,0
503155,8,4.46,326.71,12,0,,0,0,Colombia,Android,0
503993,12,0.33,207.11,41,0,,0,1,Peru,iOS,0
504764,4,1.48,255.62,45,0,,0,1,Panama,Android,0
502512,7,3.04,398.66,20,1,5.1,1,0,Espana,iOS,1
501092,5,1.99,462.8,20,0,,0,1,Colombia,iOS,0
503577,19,2.53,284.57,18,1,8.0,0,1,Panama,Android,0
503420,20,2.2,589.9,2,0,,0,1,Argentina,Android,0
503990,43,1.17,20.84,10,0,,0,0,Peru,Android,0
504376,35,1.15,437.62,20,0,,0,0,Republica Dominicana,iOS,0
503370,11,1.82,106.07,67,1,7.5,0,0,Chile,Android,1
503029,9,2.66,657.78,15,1,6.4,0,0,Espana,Android,0
501383,16,0.63,291.99,20,0,,1,1,Mexico,Android,0
501512,12,2.98,53.55,23,0,,0,0,Republica Dominicana,Android,0
502598,8,0.22,107.62,32,0,,0,0,Republica Dominicana,iOS,0
502083,9,1.28,82.66,12,0,,0,0,Mexico,iOS,0
502864,44,4.39,413.03,43,0,,0,0,Peru,Android,0
502277,8,1.31,125.5,72,1,8.0,0,0,Republica Dominicana,Android,0
503043,19,2.04,161.48,28,4,5.7,1,1,Espana,Android,0
500508,4,8.01,163.54,68,1,6.5,0,0,Espana,iOS,0
503529,15,4.84,474.91,57,1,3.2,0,0,Espana,Android,0
501578,24,4.1,516.13,33,0,,1,0,Mexico,iOS,0
500945,11,0.98,685.25,94,1,6.7,0,1,Colombia,Android,1
504912,8,0.84,169.53,41,0,,1,0,Chile,Android,1
502626,7,2.5,307.44,45,0,,1,0,Colombia,Android,0
500258,24,4.44,382.66,8,3,7.1,0,1,Argentina,iOS,0
505149,8,2.55,287.09,16,0,,1,0,Argentina,Android,0
504752,5,2.71,201.76,14,2,5.0,0,0,Republica Dominicana,Android,0
503022,4,4.38,376.31,17,0,,1,0,Colombia,Android,0
501332,21,3.13,245.46,41,0,,0,0,Espana,Android,0
500467,6,2.95,252.01,13,1,10.0,0,0,Espana,iOS,1
500666,11,2.94,249.65,10,1,7.6,1,0,Peru,Android,1
502860,21,0.54,362.48,13,1,10.0,0,1,Argentina,Android,0
504438,13,3.21,319.82,23,0,,1,0,Espana,Android,0
502104,13,6.21,46.48,29,0,,0,0,Espana,iOS,0
503293,4,1.68,615.66,29,0,,0,0,Republica Dominicana,iOS,0
504613,13,2.96,255.3,73,1,7.6,1,0,Espana,Android,1
505150,14,2.03,27.12,32,0,,0,0,Chile,iOS,0
504001,11,3.98,252.05,17,2,8.5,0,0,Republica Dominicana,Android,0
503409,8,2.14,214.02,17,1,5.8,0,0,Mexico,iOS,1
504068,8,1.45,346.22,20,0,,0,0,Peru,Android,0
503008,5,2.75,436.13,10,0,,0,0,Argentina,Android,0
503917,15,1.36,259.33,18,3,5.4,0,0,Espana,iOS,0
502718,27,5.09,85.42,22,0,,0,0,Mexico,iOS,0
503013,14,4.86,101.4,31,0,,1,0,Colombia,iOS,0
502702,6,3.87,275.7,1,1,7.0,1,0,Mexico,Android,0
502615,9,2.36,104.75,16,0,,1,0,Colombia,Android,0
501337,8,0.95,221.1,23,0,,0,0,Colombia,iOS,0
503559,7,2.69,418.55,16,1,3.4,0,1,Argentina,iOS,0
505200,26,0.27,217.75,35,0,,1,0,Espana,Android,0
501689,2,2.63,168.97,73,0,,0,0,Espana,Android,0
500383,1,1.53,168.8,15,0,,1,0,Espana,Android,0
501188,4,5.27,116.26,51,1,3.6,0,0,Chile,Android,0
500020,4,1.61,234.09,29,0,,1,0,Mexico,Android,0
501789,21,5.51,204.5,32,0,,0,0,Chile,iOS,0
501468,51,3.8,243.11,23,0,,0,0,Mexico,Android,0
500222,31,4.02,71.94,32,1,4.4,1,1,Peru,Android,0
504367,21,3.87,243.81,69,0,,0,1,Peru,Android,1
500291,36,0.52,304.52,9,1,4.7,1,0,Republica Dominicana,Android,0
503145,20,0.49,213.22,20,0,,0,1,Espana,iOS,0
504876,14,0.94,120.34,27,0,,0,0,Chile,iOS,0
501036,20,3.04,259.99,45,0,,0,0,Argentina,Android,0
500559,12,1.0,282.68,23,0,,1,0,Mexico,Android,0
504877,11,1.57,213.72,16,1,5.5,1,1,Panama,iOS,0
504102,5,3.14,121.09,17,0,,0,1,Panama,Android,0
504180,20,2.42,573.12,16,0,,0,0,Republica Dominicana,Android,0
501622,4,0.85,219.08,50,0,,0,1,Argentina,iOS,0
502486,19,0.49,442.06,17,0,,0,0,Espana,Android,0
505462,4,3.22,288.64,2,0,,1,1,Panama,Android,0
504411,20,3.52,42.62,61,2,6.8,0,0,Argentina,Android,1
500640,8,2.03,202.92,38,0,,1,0,Mexico,Android,0
500803,23,1.89,250.67,13,0,,0,0,Argentina,iOS,0
502026,11,0.33,464.29,23,0,,1,0,Colombia,Android,0
500249,12,0.55,488.01,80,0,,0,0,Colombia,Android,0
505321,15,4.9,426.74,76,0,,1,0,Espana,iOS,0
503647,7,2.03,263.57,21,2,5.3,0,0,Chile,Android,0
503900,17,3.9,211.65,50,2,5.3,0,0,Chile,Android,1
502660,20,2.06,436.28,67,2,6.7,0,0,Chile,iOS,0
505841,8,1.53,155.28,22,0,,1,1,Mexico,Android,0
500329,14,4.79,227.95,38,0,,0,0,Argentina,iOS,0
501417,18,2.61,328.2,27,1,3.9,1,1,Panama,Android,0
501588,10,6.94,328.55,47,0,,0,1,Colombia,Android,0
503402,37,3.38,286.8,25,0,,1,0,Argentina,iOS,0
500135,6,3.81,74.16,29,0,,0,1,Espana,iOS,0
504457,7,6.04,340.2,27,0,,0,0,Chile,Android,0
501523,11,3.21,292.26,35,0,,1,0,Espana,Android,0
502372,22,5.21,176.2,23,1,7.2,0,1,Panama,iOS,0
504466,3,2.06,655.3,39,0,,0,0,Espana,Android,1
500418,14,3.52,163.41,4,0,,0,0,Chile,iOS,0
503307,14,2.13,222.99,49,2,8.4,1,0,Peru,Android,0
502836,11,0.52,366.55,49,1,7.1,0,0,Panama,Android,1
505696,10,0.25,223.76,15,0,,0,0,Peru,Android,0
504983,16,3.69,128.69,36,0,,0,1,Argentina,iOS,0
503929,4,3.99,63.5,4,1,3.9,0,1,Chile,Android,0
500397,18,1.67,47.08,100,1,4.8,1,0,Argentina,Android,1
503038,4,5.81,136.06,54,0,,1,0,Argentina,Android,0
502900,7,2.1,162.83,5,0,,0,0,Colombia,iOS,0
504725,25,1.59,326.27,52,2,5.9,0,0,Peru,iOS,0
501150,6,3.8,367.16,24,1,7.2,1,1,Peru,Android,0
500240,15,5.21,187.3,22,1,6.1,0,1,Republica Dominicana,iOS,0
503457,22,1.58,280.54,33,1,6.1,1,0,Mexico,iOS,0
501268,1,2.36,431.16,35,2,7.6,0,0,Peru,Android,0
502373,18,2.12,532.01,68,1,7.6,0,0,Colombia,Android,0
503236,16,0.56,143.69,47,1,4.3,0,0,Panama,iOS,1
503706,12,8.11,160.17,26,0,,0,0,Chile,Android,0
504322,26,1.13,124.22,38,1,8.5,0,0,Peru,Android,0
503211,17,1.45,201.84,46,0,,0,1,Argentina,Android,0
504568,34,2.69,218.41,19,2,8.4,0,0,Espana,Android,0
502553,1,1.5,346.81,30,1,8.5,1,1,Espana,Android,1
504183,9,5.94,328.95,8,1,8.8,1,1,Panama,iOS,0
503094,19,9.39,250.26,33,0,,0,0,Espana,Android,0
503486,7,4.2,450.23,13,0,,0,0,Mexico,iOS,0
502536,11,2.24,422.15,10,1,7.4,0,1,Mexico,Android,0
504350,22,1.2,184.87,41,1,8.3,1,0,Argentina,iOS,1
500799,14,2.65,173.16,16,0,,0,0,Mexico,iOS,0
503423,17,5.24,216.38,77,2,7.1,0,1,Espana,Android,1
501573,5,4.73,109.23,48,0,,1,0,Chile,iOS,0
502845,22,2.77,184.38,63,0,,0,0,Republica Dominicana,Android,0
503065,23,2.3,229.97,82,0,,0,1,Mexico,Android,1
502927,15,5.72,165.95,38,0,,0,0,Peru,Android,0
505243,25,6.93,262.33,32,1,8.1,0,0,Peru,iOS,0
501963,8,0.86,208.08,77,2,7.7,0,0,Chile,Android,0
501373,17,2.19,140.6,59,0,,1,0,Espana,Android,1
501968,12,0.61,290.88,7,0,,1,0,Republica Dominicana,iOS,1
502111,23,3.39,178.78,28,1,6.9,0,0,Panama,Android,0
501322,14,0.38,150.72,41,1,9.0,0,0,Mexico,Android,0
505496,16,7.88,171.3,33,0,,0,0,Colombia,Android,0
501270,10,2.57,291.68,19,1,6.5,0,0,Colombia,Android,0
503375,5,0.56,210.69,14,1,6.3,0,0,Republica Dominicana,Android,0
503816,6,1.01,448.98,65,1,6.3,0,0,Mexico,Android,0
502349,13,1.44,61.41,48,1,5.6,0,1,Peru,Android,0
505635,13,7.12,290.56,32,0,,1,0,Mexico,Android,0
502421,10,6.29,15.0,18,0,,1,1,Espana,Android,0
504097,9,1.37,181.92,4,1,6.6,1,0,Mexico,Android,1
501559,11,4.83,227.98,20,1,7.3,0,0,Chile,Android,0
502655,5,4.43,637.97,7,0,,0,0,Panama,Android,0
502456,6,0.79,183.13,7,2,4.3,1,0,Espana,iOS,1
500630,15,4.26,68.19,46,0,,0,0,Panama,iOS,0
501392,13,2.24,194.25,15,0,,0,0,Colombia,iOS,0
500174,18,1.58,45.78,7,1,9.1,1,0,Colombia,Android,0
502568,7,2.71,213.83,35,0,,1,0,Mexico,iOS,0
502453,36,5.71,603.54,4,0,,1,0,Republica Dominicana,iOS,0
501097,20,1.64,138.09,26,0,,0,0,Mexico,Android,0
504637,26,1.45,72.15,9,0,,0,0,Espana,iOS,0
502949,23,2.96,275.02,90,1,3.4,1,0,Espana,Android,1
500718,59,3.28,141.86,13,2,6.7,1,0,Republica Dominicana,Android,0
501759,18,2.22,609.11,1,0,,0,0,Mexico,Android,0
502748,3,3.58,201.04,80,0,,0,0,Chile,iOS,1
502796,20,3.17,45.22,19,1,3.8,1,0,Argentina,iOS,0
501983,14,1.31,184.08,31,0,,1,0,Mexico,iOS,1
501404,13,6.04,373.27,65,0,,0,0,Argentina,Android,0
502078,11,4.3,340.03,4,1,7.2,0,0,Panama,iOS,0
501875,22,3.32,391.42,43,1,8.6,0,0,Peru,Android,0
504803,30,4.56,73.48,9,0,,0,0,Mexico,Android,0
501198,33,5.37,150.37,46,0,,1,1,Panama,Android,0
504559,6,4.67,384.77,11,1,6.4,0,0,Argentina,iOS,1
500217,16,6.05,263.26,63,0,,0,1,Mexico,Android,0
502470,27,4.35,182.37,19,0,,0,0,Peru,iOS,0
500065,24,4.84,209.04,27,0,,0,0,Republica Dominicana,Android,0
504279,10,1.33,386.89,21,1,8.4,0,0,Colombia,iOS,0
500687,30,5.25,229.8,18,1,7.0,0,0,Peru,iOS,0
500601,8,8.82,414.62,24,0,,0,1,Mexico,Android,0
503995,6,6.36,719.03,33,1,4.0,1,0,Republica Dominicana,Android,0
501824,21,2.52,503.95,55,0,,1,0,Colombia,iOS,0
503857,9,4.31,509.71,34,2,6.5,0,1,Espana,Android,0
505147,5,1.07,177.82,22,1,8.8,1,0,Espana,Android,0
500892,9,2.79,159.29,26,0,,1,0,Argentina,Android,0
505500,21,5.46,467.82,19,0,,1,0,Espana,Android,0
505476,8,5.05,100.83,7,0,,1,1,Argentina,Android,0
501283,8,2.42,90.19,1,2,5.7,0,0,Peru,iOS,0
502405,10,1.04,287.01,31,2,4.7,0,0,Espana,Android,1
503067,17,2.17,149.37,50,1,8.2,0,0,Colombia,Android,1
501632,4,1.66,318.01,149,0,,1,1,Colombia,Android,1
503630,2,3.02,96.73,26,1,6.4,0,1,Panama,Android,1
504205,9,2.54,321.64,147,1,7.8,0,0,Argentina,Android,1
503297,5,3.46,70.1,11,0,,0,0,Mexico,iOS,0
503496,6,2.34,105.84,25,0,,0,0,Panama,Android,0
504326,41,2.79,441.81,29,0,,0,1,Republica Dominicana,Android,0
504379,10,0.74,337.88,39,0,,0,0,Argentina,Android,0
502346,5,3.24,197.8,6,1,8.9,0,0,Mexico,iOS,0
504504,27,1.63,432.21,119,1,10.0,1,0,Mexico,Android,1
504011,23,0.7,66.34,5,0,,0,0,Mexico,Android,0
504699,5,3.52,617.45,9,0,,1,0,Espana,iOS,0
503814,1,2.27,845.56,13,0,,0,1,Colombia,Android,0
504491,17,4.13,283.68,10,1,5.1,0,0,Espana,Android,1
504838,22,0.78,446.72,36,0,,1,1,Peru,iOS,0
500229,17,0.15,332.78,10,0,,0,0,Panama,iOS,0
500875,23,6.78,167.56,6,0,,0,1,Mexico,Android,0
503273,25,2.51,315.72,12,0,,0,0,Espana,Android,0
503407,8,1.38,193.08,22,2,8.4,0,0,Chile,iOS,0
505615,3,1.53,210.65,14,1,6.7,1,1,Mexico,iOS,0
502810,8,1.13,247.85,8,1,6.6,0,0,Espana,iOS,1
504419,8,3.94,742.53,13,0,,0,0,Republica Dominicana,iOS,0
501475,10,6.73,481.53,19,0,,0,1,Espana,iOS,0
505262,5,0.71,471.57,45,1,4.9,1,1,Mexico,Android,1
503399,12,1.64,99.42,21,1,6.8,1,0,Chile,iOS,0
504844,10,1.44,482.14,29,0,,0,0,Mexico,Android,0
503238,31,1.99,253.63,30,0,,0,0,Argentina,Android,0
502926,8,4.05,76.3,56,0,,0,1,Argentina,Android,1
503845,7,2.65,175.53,3,1,9.1,1,0,Espana,Android,0
503267,24,4.84,209.06,55,1,8.2,0,0,Espana,Android,0
504344,23,1.13,451.11,6,1,3.8,0,1,Chile,iOS,0
505231,16,1.06,345.49,5,0,,0,0,Mexico,iOS,0
502643,1,2.08,366.09,24,0,,0,1,Argentina,iOS,0
505508,19,0.52,276.23,13,0,,0,0,Argentina,Android,0
502386,6,0.8,184.78,37,2,10.0,0,0,Espana,Android,1
503988,22,0.39,112.13,40,0,,0,0,Colombia,Android,0
503255,40,2.69,27.9,100,2,9.2,0,0,Mexico,Android,1
502268,7,2.8,53.02,8,0,,1,0,Peru,Android,0
503493,11,1.34,615.23,28,2,7.7,0,1,Chile,Android,0
504617,11,0.15,349.24,32,0,,0,0,Chile,Android,1
502143,11,0.68,274.76,57,1,6.7,1,0,Colombia,Android,0
500686,5,2.04,192.09,16,0,,0,0,Mexico,iOS,0
503952,10,5.35,111.89,82,2,7.6,0,0,Espana,iOS,0
500789,6,10.46,236.85,43,2,5.2,0,1,Mexico,iOS,0
501026,5,3.58,205.01,19,0,,1,0,Argentina,iOS,0
502112,24,0.74,365.19,81,0,,1,0,Espana,Android,0
502679,40,1.6,500.42,37,0,,0,0,Mexico,Android,1
505685,6,2.01,443.28,9,0,,0,0,Peru,Android,0
503367,29,7.13,221.04,18,0,,0,0,Colombia,Android,0
504221,18,1.84,438.41,17,0,,0,0,Mexico,Android,0
503841,5,2.49,83.4,20,0,,1,1,Chile,Android,0
505059,18,2.02,171.65,15,2,6.4,0,1,Peru,iOS,0
503097,5,1.52,214.03,30,1,10.0,0,0,Peru,iOS,0
502210,4,0.53,205.33,60,2,6.2,0,0,Espana,iOS,0
503359,9,3.88,69.08,57,0,,0,0,Chile,Android,0
504035,8,2.26,282.19,58,0,,0,1,Espana,Android,0
504274,3,0.54,203.33,35,1,7.7,1,1,Mexico,Android,0
501187,4,1.26,211.28,79,0,,0,0,Colombia,Android,1
504686,30,2.38,650.81,43,1,6.7,1,0,Argentina,Android,0
505515,1,2.01,210.18,13,3,5.3,0,0,Chile,iOS,1
503002,44,3.9,340.32,16,0,,1,0,Espana,iOS,0
501806,11,0.65,144.41,9,1,7.0,0,1,Colombia,iOS,0
502358,14,2.77,132.83,31,1,6.5,0,0,Espana,Android,0
505551,7,0.8,314.0,12,0,,0,1,Espana,Android,0
500607,29,4.02,324.13,21,0,,0,0,Espana,Android,0
504587,2,7.71,826.68,19,0,,1,0,Espana,Android,0
504988,7,5.48,175.9,30,0,,0,0,Espana,iOS,0
503452,35,5.36,245.4,61,2,7.3,0,0,Peru,Android,0
500121,10,3.54,211.37,91,1,7.7,0,1,Argentina,iOS,1
500532,13,8.07,120.82,20,0,,0,1,Mexico,iOS,0
502742,8,0.75,517.69,38,1,9.1,0,0,Chile,Android,0
502142,7,1.85,259.95,22,1,6.4,0,0,Espana,iOS,0
503189,26,5.67,305.44,82,1,4.8,1,1,Peru,Android,0
501702,13,1.58,237.66,57,0,,1,0,Mexico,Android,0
502447,20,3.39,155.19,22,0,,0,0,Panama,Android,0
502886,7,1.43,204.09,36,0,,1,0,Colombia,iOS,1
502498,27,5.01,477.28,12,1,5.9,0,0,Colombia,Android,0
501391,12,2.81,183.93,13,0,,0,1,Argentina,iOS,0
502765,14,2.17,368.94,41,2,8.9,0,0,Republica Dominicana,Android,1
504562,22,1.69,360.21,24,1,10.0,0,0,Espana,iOS,0
504950,31,2.05,232.13,10,2,6.9,1,0,Colombia,Android,0
504544,6,1.42,109.29,81,0,,0,0,Chile,Android,1
505982,21,0.71,232.91,24,0,,0,0,Colombia,Android,0
502931,16,3.35,53.32,4,1,7.8,0,0,Republica Dominicana,Android,0
504380,16,1.94,177.44,29,0,,0,1,Panama,Android,0
501361,15,2.46,228.0,23,2,8.8,0,0,Espana,Android,1
504521,7,0.32,251.39,27,3,8.2,0,0,Peru,Android,0
502611,5,0.86,399.31,49,0,,0,0,Mexico,Android,0
501170,5,3.99,215.16,44,1,3.9,0,0,Mexico,iOS,1
504206,10,3.26,544.72,55,1,8.0,1,1,Republica Dominicana,iOS,0
503738,25,0.52,515.24,34,0,,1,0,Espana,Android,0
501552,35,7.88,114.47,16,0,,0,0,Espana,iOS,0
504592,16,4.55,212.61,53,0,,0,0,Mexico,iOS,0
505289,4,2.06,374.44,37,0,,0,1,Mexico,Android,0
501836,7,0.43,315.4,49,1,7.8,1,1,Espana,Android,0
502963,3,1.53,187.51,80,1,7.1,0,0,Mexico,Android,0
500941,8,1.26,22.98,34,2,9.8,0,1,Peru,Android,0
503279,17,4.04,306.03,96,1,6.1,0,1,Mexico,iOS,1
503728,15,1.64,218.29,9,0,,0,0,Mexico,Android,0
503701,9,3.41,105.85,30,1,5.8,0,0,Peru,Android,0
502786,13,1.06,209.21,47,0,,0,1,Peru,iOS,0
500263,9,1.54,373.93,51,0,,1,0,Republica Dominicana,Android,0
502189,9,5.89,57.37,41,0,,0,0,Espana,Android,0
502638,17,3.79,139.95,20,0,,1,1,Espana,iOS,0
505031,1,2.74,254.29,20,2,8.4,0,1,Mexico,iOS,0
503428,33,8.2,298.03,11,0,,1,0,Mexico,Android,0
502764,23,0.48,46.31,16,3,4.6,1,0,Argentina,Android,1
503424,7,5.01,171.65,44,0,,0,1,Argentina,iOS,0
501609,16,2.4,587.06,11,2,5.5,1,0,Argentina,Android,0
500651,10,1.86,226.54,52,2,5.7,0,0,Espana,Android,0
505177,7,1.26,359.24,8,0,,1,0,Espana,Android,1
503417,20,2.06,147.08,11,1,7.6,1,0,Mexico,Android,0
505407,20,0.96,579.25,70,2,8.5,1,0,Chile,Android,1
503487,9,3.41,320.45,10,1,8.2,1,0,Argentina,Android,0
504236,18,0.8,462.5,113,0,,0,0,Colombia,Android,0
501562,5,3.61,232.53,67,1,8.2,0,0,Chile,Android,0
501533,28,1.82,71.05,53,0,,1,1,Peru,Android,0
502367,2,2.66,277.07,45,0,,1,0,Colombia,Android,0
502125,13,1.13,130.2,25,2,6.2,0,1,Mexico,Android,0
505586,16,2.99,173.93,36,0,,1,0,Peru,iOS,0
502664,2,5.83,446.0,70,1,8.2,1,0,Peru,iOS,1
502059,29,5.34,241.46,51,0,,0,0,Argentina,Android,0
502050,9,1.24,150.2,24,0,,0,0,Peru,Android,0
503361,9,1.72,323.56,51,0,,1,0,Republica Dominicana,iOS,1
501936,18,0.45,181.04,48,0,,1,1,Colombia,iOS,0
500105,3,2.53,107.81,36,2,6.8,0,0,Espana,Android,0
505990,9,2.41,628.71,102,2,7.1,0,0,Espana,iOS,1
500851,6,2.5,84.08,40,2,7.3,0,0,Argentina,iOS,0
504597,12,4.47,167.9,80,0,,1,1,Mexico,Android,1
503282,17,1.22,105.03,26,1,4.7,1,0,Espana,iOS,1
500215,13,0.9,167.84,74,0,,0,0,Argentina,iOS,0
503126,16,5.14,158.19,23,2,5.4,0,0,Espana,Android,0
504162,17,0.61,196.27,28,2,7.5,0,0,Colombia,Android,0
503673,6,0.62,570.27,65,0,,1,0,Panama,Android,0
504759,9,3.87,259.09,14,1,7.5,0,0,Republica Dominicana,Android,0
502152,6,2.94,215.51,14,0,,0,0,Colombia,iOS,0
504385,31,0.34,96.58,56,0,,1,0,Colombia,Android,0
500878,19,5.17,179.71,1,0,,0,0,Peru,Android,0
502745,1,1.11,846.56,55,1,7.2,0,1,Espana,Android,0
501937,10,4.62,165.92,68,2,5.9,1,0,Chile,Android,0
502551,10,2.75,384.19,51,1,4.6,0,0,Mexico,iOS,0
503436,2,3.57,290.26,6,1,6.3,0,0,Chile,Android,0
502944,5,1.83,434.32,65,1,3.9,0,1,Mexico,iOS,1
500866,8,2.67,321.9,20,0,,0,0,Mexico,Android,0
503804,11,0.94,43.17,22,2,6.6,1,1,Espana,iOS,1
504840,11,0.11,236.37,23,1,6.4,1,0,Colombia,Android,0
502704,3,6.58,482.96,18,1,8.9,1,0,Panama,Android,0
503669,30,1.47,150.22,67,1,8.0,0,0,Mexico,iOS,0
502488,18,2.68,413.73,27,0,,1,0,Peru,Android,0
505875,15,3.68,295.11,10,1,4.1,1,0,Espana,iOS,0
503766,18,5.07,227.81,37,0,,1,0,Colombia,iOS,0
502541,17,5.08,15.0,8,0,,1,0,Espana,Android,0
503451,26,1.75,135.41,25,0,,1,0,Mexico,Android,0
500978,37,0.54,351.92,57,0,,0,0,Espana,Android,1
502253,11,2.66,435.46,64,1,6.1,0,0,Argentina,iOS,0
502869,31,2.91,165.77,85,1,6.8,1,0,Mexico,iOS,1
501507,30,5.07,425.8,83,0,,1,1,Mexico,Android,0
503149,42,1.23,289.96,60,0,,0,1,Chile,Android,0
502235,19,0.46,190.23,27,2,5.9,0,0,Espana,Android,0
504627,27,3.71,827.2,43,1,8.1,1,0,Peru,Android,1
505847,7,1.91,688.03,60,1,7.8,0,1,Peru,iOS,0
503888,2,3.0,97.14,26,0,,0,1,Chile,Android,0
503775,23,4.08,264.94,68,0,,1,0,Peru,iOS,0
503203,9,3.6,109.58,7,0,,0,0,Mexico,Android,0
502997,8,2.22,424.46,38,0,,0,0,Argentina,Android,0
505902,13,3.02,252.09,8,0,,0,0,Espana,iOS,0
502073,13,1.93,230.76,60,0,,0,0,Panama,Android,0
502986,26,0.21,196.86,60,2,9.5,0,0,Colombia,iOS,0
505287,36,2.21,489.88,25,1,10.0,1,0,Argentina,iOS,0
502064,52,2.19,424.99,9,0,,1,0,Colombia,Android,0
502242,4,4.16,235.3,59,0,,0,0,Mexico,Android,0
501544,6,1.17,86.64,68,0,,1,0,Panama,iOS,1
504555,29,4.48,135.3,29,0,,0,0,Republica Dominicana,iOS,0
505598,10,4.44,379.27,136,0,,0,0,Chile,Android,1
505258,6,1.74,146.02,36,1,10.0,1,1,Espana,iOS,0
500669,6,5.26,157.24,11,0,,0,0,Argentina,iOS,0
500842,12,4.65,269.03,21,0,,1,1,Chile,Android,0
502192,10,0.19,574.78,49,0,,0,0,Colombia,iOS,0
505733,4,4.14,529.51,12,2,5.1,0,0,Mexico,Android,0
504879,7,1.99,251.72,6,1,10.0,0,1,Colombia,iOS,0
504890,2,1.2,716.76,31,1,7.3,1,0,Republica Dominicana,Android,0
505791,15,2.87,165.57,5,0,,0,0,Espana,Android,0
503105,9,3.26,377.97,32,1,8.8,0,0,Colombia,Android,0
500399,10,6.94,236.55,65,1,8.8,0,0,Espana,iOS,1
501967,36,3.28,297.67,38,0,,0,0,Peru,Android,0
501345,15,1.62,273.59,42,1,4.5,0,0,Panama,Android,0
504424,24,4.5,363.37,51,0,,0,0,Argentina,Android,0
501415,15,3.5,194.33,52,1,4.2,1,0,Mexico,Android,1
503152,13,6.76,107.07,31,0,,1,0,Colombia,Android,0
502473,30,2.6,135.19,31,0,,1,1,Espana,Android,0
505233,21,3.65,456.67,34,0,,0,1,Argentina,Android,0
505270,5,2.8,202.54,48,0,,0,0,Peru,iOS,0
504387,10,4.17,478.01,20,3,5.5,0,0,Espana,Android,0
504874,11,2.64,145.02,31,0,,0,0,Espana,iOS,0
502014,20,4.69,358.36,40,0,,1,0,Espana,Android,0
505980,3,1.38,238.38,50,1,5.6,1,0,Mexico,Android,0
504053,7,1.14,587.6,32,0,,1,0,Argentina,Android,0
501782,25,3.34,61.96,47,1,8.5,0,0,Mexico,Android,1
501179,32,6.47,122.83,48,1,4.4,0,1,Mexico,Android,0
505596,17,5.99,242.54,60,1,6.8,1,1,Argentina,iOS,0
501201,2,4.73,312.93,32,1,3.9,0,0,Espana,iOS,0
502383,16,0.38,556.04,13,0,,0,0,Chile,Android,0
502802,27,11.77,356.69,54,1,5.2,1,0,Republica Dominicana,Android,0
501487,9,1.5,168.69,13,0,,0,1,Chile,Android,0
504714,19,0.85,170.64,28,1,10.0,1,0,Argentina,iOS,0
503852,24,1.56,206.73,34,0,,1,0,Mexico,iOS,0
503875,2,1.86,121.01,50,0,,1,0,Peru,iOS,0
504210,1,0.67,708.35,17,0,,0,0,Colombia,iOS,0
505881,12,0.51,257.94,37,1,7.0,1,0,Argentina,Android,0
503632,4,1.63,193.41,29,1,7.8,0,0,Peru,iOS,0
505507,10,1.62,275.71,11,0,,0,0,Mexico,Android,0
504471,16,1.09,142.14,13,1,4.1,0,0,Argentina,Android,0
501887,7,3.33,36.79,28,2,10.0,0,1,Argentina,Android,0
502519,9,1.48,654.74,64,0,,0,0,Mexico,Android,0
500077,6,1.95,440.69,7,2,5.7,0,0,Panama,Android,0
504749,7,0.9,35.36,8,1,3.0,0,0,Mexico,Android,1
500809,18,1.63,64.07,79,0,,1,0,Colombia,iOS,0
501128,20,0.97,91.1,49,1,9.7,1,0,Peru,iOS,1
505087,11,3.1,354.08,22,1,10.0,0,0,Republica Dominicana,iOS,0
504165,15,1.28,912.64,58,0,,0,0,Republica Dominicana,Android,0
501308,7,1.73,387.19,54,1,6.3,0,0,Chile,Android,1
504435,3,6.21,187.23,54,1,4.7,0,0,Panama,Android,1
502092,32,8.81,62.97,44,0,,1,0,Espana,Android,0
501440,17,3.5,365.47,25,0,,0,0,Argentina,iOS,1
501731,2,1.72,70.12,15,1,8.8,1,0,Espana,iOS,1
501623,22,10.65,163.45,59,1,10.0,0,0,Panama,Android,0
501296,7,3.84,136.67,12,0,,1,0,Mexico,Android,0
502404,19,3.42,327.0,32,0,,0,0,Chile,Android,0
500142,60,8.34,511.03,26,0,,1,0,Mexico,Android,0
503540,59,0.75,92.05,10,1,6.0,0,0,Espana,iOS,0
502018,2,2.88,401.0,15,0,,1,1,Peru,iOS,0
505956,6,2.55,210.82,47,0,,0,0,Mexico,Android,1
505967,7,3.26,518.25,43,1,7.7,1,0,Espana,Android,1
505338,23,3.69,363.05,31,0,,1,0,Espana,Android,1
504522,12,4.63,417.98,19,0,,1,0,Espana,iOS,0
504246,34,0.93,243.01,41,0,,0,0,Peru,iOS,0
503901,11,1.4,85.04,27,1,8.0,1,1,Colombia,Android,0
503220,4,2.09,148.15,25,0,,1,0,Peru,iOS,0
504716,11,2.85,409.69,11,0,,0,1,Espana,Android,0
500749,8,7.17,154.52,18,0,,0,0,Argentina,Android,0
505238,8,6.9,272.07,29,0,,1,1,Chile,Android,0
502740,9,1.54,179.02,24,2,5.4,0,0,Republica Dominicana,Android,1
502711,7,1.19,148.23,26,0,,1,0,Colombia,Android,0
503221,14,1.46,259.98,37,0,,0,0,Mexico,Android,0
502855,11,2.33,78.04,35,2,3.5,1,0,Mexico,iOS,0
501388,8,1.99,104.87,85,0,,1,0,Republica Dominicana,iOS,0
501668,24,1.38,46.48,32,1,6.6,0,0,Argentina,Android,0
505495,18,0.3,30.83,9,0,,1,0,Argentina,iOS,0
503618,4,3.19,112.59,27,1,3.7,0,0,Mexico,Android,0
504327,31,3.33,335.32,5,0,,0,0,Espana,Android,0
502230,7,4.26,201.61,83,0,,0,0,Colombia,iOS,0
504894,7,0.98,528.04,31,1,7.8,0,0,Mexico,iOS,0
504678,19,4.16,811.26,46,2,6.5,0,0,Peru,iOS,1
505593,6,1.06,218.6,26,0,,0,0,Espana,Android,0
503589,16,1.95,540.98,36,0,,0,0,Colombia,Android,0
500066,22,1.73,240.17,19,2,7.6,0,0,Espana,iOS,0
505097,26,2.45,371.59,28,1,8.3,1,1,Argentina,Android,0
502674,7,0.61,208.01,88,0,,0,1,Chile,iOS,0
501118,9,1.49,237.04,22,3,6.2,0,1,Colombia,Android,0
503151,12,9.79,521.33,61,0,,0,0,Chile,iOS,0
504946,22,3.38,560.95,27,0,,1,0,Republica Dominicana,Android,0
500681,2,4.5,48.12,115,0,,0,0,Republica Dominicana,Android,1
502190,14,2.29,202.48,10,1,7.7,1,0,Panama,Android,0
505408,5,2.29,198.18,15,0,,0,0,Panama,Android,0
503877,13,0.34,288.74,30,0,,1,0,Mexico,iOS,0
505882,39,2.49,125.91,91,0,,1,0,Mexico,Android,0
501200,15,1.18,445.63,106,2,7.6,1,0,Espana,Android,0
500252,10,1.51,144.7,52,0,,0,0,Argentina,iOS,1
503964,9,0.53,260.46,11,0,,1,0,Peru,Android,0
503976,10,1.52,208.66,65,0,,0,0,Mexico,Android,0
500697,11,3.56,139.46,29,0,,0,0,Espana,Android,0
505863,17,4.49,109.77,67,1,9.1,0,0,Mexico,iOS,0
502183,10,5.09,334.69,7,0,,1,0,Espana,Android,0
501172,21,0.71,208.39,56,0,,1,0,Mexico,Android,0
502237,36,1.14,208.26,30,0,,0,0,Panama,Android,0
502420,13,7.7,287.65,17,0,,0,0,Chile,Android,0
501687,2,4.13,548.25,12,2,10.0,1,0,Argentina,Android,0
505800,22,2.28,72.71,60,1,8.5,1,0,Mexico,Android,1
504924,18,2.85,267.35,44,0,,0,0,Colombia,iOS,0
500496,20,1.74,246.92,31,1,5.2,0,1,Peru,iOS,0
502356,12,4.02,622.34,20,0,,0,0,Espana,iOS,0
502882,5,4.19,202.72,8,2,7.5,0,0,Colombia,Android,0
505766,26,3.69,258.32,48,1,9.6,1,0,Espana,Android,0
505640,7,3.57,270.07,26,0,,0,0,Chile,iOS,0
501141,25,3.42,602.34,38,1,7.8,0,1,Colombia,iOS,0
502229,20,3.1,358.59,8,1,8.4,0,1,Republica Dominicana,Android,0
504452,20,4.36,63.52,26,0,,0,0,Peru,Android,0
500742,17,4.08,145.41,41,0,,0,0,Mexico,Android,0
503984,6,2.34,394.36,35,0,,0,0,Panama,Android,1
504166,12,2.2,683.66,8,0,,0,0,Espana,iOS,0
505029,12,1.84,212.12,8,0,,0,0,Republica Dominicana,Android,0
504212,8,3.91,208.03,82,0,,0,0,Espana,Android,0
502533,4,6.47,277.28,12,0,,0,0,Chile,Android,0
505532,12,4.6,196.22,10,1,8.7,0,0,Espana,iOS,0
501146,36,2.15,123.58,20,2,7.5,0,0,Argentina,iOS,0
503948,9,3.55,607.79,34,1,8.4,0,0,Chile,Android,0
502263,3,0.77,288.19,49,1,7.8,0,0,Espana,Android,0
502644,15,2.46,344.81,7,0,,0,0,Peru,iOS,0
500463,31,1.3,160.35,25,0,,1,0,Mexico,iOS,1
503309,14,1.94,291.71,28,1,5.8,0,0,Chile,iOS,1
500436,18,0.59,432.47,4,1,7.0,0,0,Chile,Android,0
502609,6,1.4,175.1,81,0,,0,0,Mexico,Android,1
501788,20,1.06,195.28,27,0,,0,0,Colombia,Android,0
505529,21,1.7,90.1,51,0,,0,0,Espana,iOS,0
504107,11,0.88,281.68,113,2,7.1,1,0,Chile,Android,1
504886,7,1.56,478.48,29,0,,0,0,Republica Dominicana,Android,1
504607,4,0.45,200.86,17,0,,0,0,Espana,iOS,0
500351,6,4.66,326.74,11,0,,1,0,Mexico,iOS,1
501174,6,2.73,109.92,25,1,6.9,1,0,Panama,Android,0
503509,13,1.65,108.47,14,0,,0,0,Colombia,iOS,0
500481,11,1.4,95.43,53,2,8.8,0,0,Argentina,Android,0
502173,7,5.93,590.15,55,0,,0,0,Mexico,Android,0
505939,32,1.66,178.47,8,0,,0,1,Argentina,Android,0
500757,8,4.04,253.96,7,3,5.8,0,0,Colombia,Android,0
505453,20,2.18,45.31,11,0,,1,0,Espana,Android,0
503575,24,8.94,469.53,46,1,8.0,1,0,Mexico,Android,0
505113,15,3.1,36.44,32,2,8.0,0,0,Colombia,iOS,0
505535,17,0.85,243.61,45,1,6.1,0,0,Mexico,Android,0
501072,20,3.64,257.43,51,0,,0,0,Republica Dominicana,iOS,0
503732,8,11.87,90.49,91,0,,1,1,Peru,iOS,0
501393,18,3.97,276.12,72,0,,1,0,Republica Dominicana,iOS,0
500056,4,2.39,317.25,103,2,9.6,1,0,Mexico,iOS,1
503506,15,5.22,221.0,12,1,6.8,0,1,Argentina,Android,0
503605,31,1.68,164.99,23,0,,0,0,Mexico,iOS,0
500294,10,9.67,429.29,21,0,,0,0,Colombia,iOS,1
502121,6,9.39,91.7,22,1,3.6,0,1,Peru,Android,0
505487,13,2.37,15.0,34,0,,0,0,Espana,iOS,0
505072,10,4.68,208.61,19,0,,0,0,Colombia,Android,0
502985,18,7.53,361.94,35,1,6.5,0,0,Espana,Android,0
500197,6,4.38,630.32,51,0,,0,0,Argentina,Android,0
503671,30,3.03,216.64,54,1,6.3,1,0,Peru,Android,0
505804,10,0.71,94.32,28,1,4.2,1,1,Colombia,Android,0
502794,5,5.02,368.33,27,1,6.8,0,1,Chile,Android,0
502612,25,3.35,368.82,58,1,8.2,1,0,Chile,Android,1
503987,17,0.82,489.54,34,0,,0,1,Colombia,Android,0
500459,12,1.86,73.48,4,0,,1,0,Espana,Android,0
504719,10,2.59,538.46,4,0,,0,0,Espana,Android,1
500000,3,3.78,367.28,16,1,4.1,1,1,Peru,Android,1
502639,9,1.84,279.39,18,0,,0,0,Colombia,iOS,0
505377,7,2.49,247.17,7,0,,1,0,Espana,iOS,0
503453,11,4.57,606.65,38,0,,0,1,Panama,Android,0
500975,16,2.47,363.76,73,2,6.4,0,0,Espana,iOS,0
504308,5,2.28,246.53,14,1,7.5,0,0,Mexico,Android,0
505166,12,1.08,371.86,20,2,8.4,0,0,Espana,Android,0
502419,20,8.43,218.03,31,1,8.0,0,1,Espana,Android,0
502544,13,1.68,334.74,11,1,7.1,0,0,Argentina,Android,0
503387,23,3.19,313.81,24,0,,0,0,Chile,Android,0
503032,14,1.07,92.77,82,1,7.1,0,0,Panama,Android,1
500082,6,1.56,131.06,82,1,7.9,0,0,Colombia,Android,1
504661,14,4.52,23.96,20,1,5.6,1,0,Argentina,Android,0
503834,60,5.02,388.62,14,0,,0,1,Chile,Android,0
505894,21,5.52,394.06,45,0,,0,0,Espana,Android,0
500936,10,3.89,111.19,20,0,,1,1,Panama,Android,0
500525,16,2.9,130.17,63,1,5.3,0,0,Espana,iOS,0
505648,26,1.59,156.11,20,0,,1,0,Mexico,iOS,0
505715,8,2.95,356.98,28,1,6.9,0,0,Argentina,Android,0
504893,5,1.4,943.68,15,0,,0,0,Espana,Android,0
505646,7,2.63,266.86,47,0,,0,0,Espana,Android,0
504268,13,3.85,348.41,67,0,,0,1,Mexico,iOS,0
501932,2,3.77,306.28,10,0,,0,0,Panama,Android,0
501953,7,6.19,129.39,29,1,6.2,0,1,Republica Dominicana,iOS,0
504501,13,3.95,156.06,79,0,,0,1,Mexico,Android,0
503344,20,1.37,115.0,49,0,,1,0,Argentina,Android,0
504418,10,4.1,85.76,41,1,5.3,0,0,Republica Dominicana,Android,1
502755,9,2.59,519.4,14,0,,0,0,Mexico,iOS,1
504757,5,3.23,669.83,30,2,3.9,0,0,Republica Dominicana,iOS,1
503742,4,2.61,505.47,95,1,8.6,0,0,Chile,iOS,0
501910,27,1.57,327.61,138,0,,0,1,Espana,Android,0
502972,4,9.72,54.34,5,1,9.4,0,0,Espana,iOS,0
502469,19,7.79,333.25,23,2,8.3,0,0,Republica Dominicana,iOS,0
505708,11,4.36,93.33,21,0,,1,0,Republica Dominicana,Android,0
501883,11,1.63,258.64,46,0,,0,0,Peru,Android,0
505349,14,0.64,294.53,79,0,,0,0,Mexico,iOS,1
504395,21,3.03,465.41,70,1,10.0,1,0,Mexico,Android,1
502371,9,1.96,262.18,30,1,5.4,0,0,Chile,Android,0
502009,21,1.45,498.72,35,1,6.5,1,0,Peru,Android,1
501197,17,3.94,481.85,44,4,8.0,1,0,Chile,Android,1
505778,16,4.85,72.39,72,0,,0,0,Argentina,Android,0
502697,13,6.3,228.61,41,0,,0,0,Mexico,Android,1
505393,19,3.73,245.28,42,0,,1,0,Mexico,iOS,0
503441,7,2.18,153.53,27,0,,0,0,Chile,Android,0
501151,18,1.71,115.51,17,1,8.2,1,1,Republica Dominicana,Android,1
501143,33,1.63,113.18,3,0,,0,1,Espana,iOS,0
501249,7,2.56,242.09,21,0,,1,0,Mexico,Android,0
500756,1,4.61,232.75,25,0,,0,0,Mexico,Android,0
502899,2,8.09,188.3,26,3,7.0,0,0,Espana,iOS,0
502012,9,4.62,594.7,54,0,,1,0,Panama,Android,0
505979,10,2.29,193.4,48,0,,0,1,Republica Dominicana,Android,0
503580,8,5.97,81.99,70,1,7.8,1,0,Argentina,iOS,0
505007,29,3.35,260.16,15,0,,0,0,Argentina,iOS,0
503057,11,1.02,187.05,24,1,8.6,1,0,Espana,Android,0
503578,5,1.16,102.18,35,0,,0,1,Espana,Android,0
502773,10,5.39,275.2,13,1,10.0,1,0,Chile,iOS,0
505242,30,2.37,365.4,42,0,,0,0,Mexico,Android,0
503055,26,4.05,900.77,2,1,7.6,0,0,Colombia,Android,0
504362,15,4.17,549.93,32,0,,0,0,Peru,iOS,0
501560,7,2.13,57.12,66,0,,1,0,Mexico,iOS,1
502602,6,10.97,857.0,31,1,8.0,1,0,Chile,Android,0
502384,4,0.45,283.93,13,1,7.4,1,0,Argentina,Android,0
501551,6,2.26,159.7,32,1,6.2,0,0,Mexico,Android,0
503688,14,2.71,234.98,55,0,,0,1,Peru,Android,1
500661,8,6.41,384.32,5,0,,0,0,Republica Dominicana,Android,0
503758,23,1.44,323.37,69,1,6.7,0,0,Espana,iOS,1
502911,14,0.46,99.65,18,1,8.7,0,0,Espana,Android,0
500314,16,0.58,452.81,22,1,8.3,0,0,Argentina,Android,0
500644,10,2.2,438.39,40,0,,0,0,Argentina,Android,0
502834,15,2.05,68.98,38,0,,0,0,Colombia,iOS,0
505604,12,0.1,217.05,19,0,,0,0,Colombia,Android,0
500043,3,7.97,431.24,27,3,9.1,1,0,Peru,Android,0
500221,52,2.26,689.21,15,0,,0,1,Colombia,iOS,0
505015,10,1.29,536.1,17,0,,1,0,Mexico,iOS,0
503144,4,3.16,226.35,16,0,,0,1,Espana,iOS,0
502459,13,1.52,392.74,22,3,8.0,1,0,Colombia,iOS,1
500241,26,3.36,154.94,18,0,,0,0,Mexico,iOS,0
503779,15,0.27,214.38,13,1,7.7,0,1,Peru,Android,1
500029,20,2.0,416.61,25,0,,0,0,Espana,iOS,0
502001,9,0.75,644.13,69,0,,0,1,Argentina,Android,0
500267,12,3.76,369.52,31,0,,0,0,Colombia,Android,0
502898,5,3.8,229.48,22,0,,1,1,Chile,Android,0
505917,22,1.82,258.15,20,1,6.2,0,0,Peru,Android,0
501372,10,4.38,144.52,14,0,,0,0,Peru,Android,0
504447,10,5.79,110.28,104,2,4.9,1,0,Peru,iOS,0
500055,8,0.79,179.33,64,2,9.2,0,0,Colombia,iOS,0
503124,14,3.02,169.95,63,0,,1,0,Peru,iOS,0
501638,7,1.6,64.93,36,0,,1,0,Mexico,Android,0
501593,17,2.58,199.94,8,1,9.0,0,1,Argentina,iOS,0
505960,31,4.85,141.81,61,1,3.7,1,0,Mexico,Android,1
505187,25,3.22,199.62,23,0,,0,0,Mexico,Android,0
502355,28,1.56,361.15,27,1,7.3,0,0,Espana,Android,0
501570,19,3.03,82.66,24,0,,0,1,Argentina,iOS,0
502369,10,4.3,117.95,29,1,7.0,1,1,Chile,iOS,0
500622,21,1.86,299.25,42,0,,1,0,Espana,iOS,0
501096,20,3.87,163.3,8,0,,1,0,Colombia,Android,0
501777,37,6.36,200.56,8,2,6.2,0,0,Chile,Android,0
503285,16,2.46,425.73,6,0,,0,0,Peru,iOS,0
500408,6,0.91,261.76,5,1,9.5,0,1,Espana,Android,0
503918,5,0.82,197.75,36,2,4.7,1,1,Espana,iOS,1
501809,17,1.6,392.42,51,0,,1,1,Republica Dominicana,iOS,0
502359,12,1.43,445.2,82,1,7.3,0,0,Espana,Android,0
500205,6,3.6,118.66,29,0,,1,0,Chile,Android,0
503334,26,0.98,221.87,50,0,,0,1,Espana,iOS,0
505893,1,2.32,612.47,54,0,,0,0,Colombia,iOS,0
504442,4,0.6,537.46,53,0,,0,0,Mexico,Android,0
503142,14,1.51,252.92,17,0,,1,0,Mexico,Android,0
504644,18,2.1,169.74,73,1,8.1,1,0,Espana,iOS,1
501506,6,1.8,600.54,34,0,,0,0,Colombia,iOS,0
504519,16,4.74,176.16,32,0,,0,0,Republica Dominicana,iOS,0
500120,9,3.46,93.49,35,1,9.0,0,0,Peru,Android,1
504009,6,2.09,265.76,39,0,,0,0,Chile,Android,0
501826,24,4.97,304.81,54,0,,0,0,Peru,iOS,0
500293,4,2.36,191.66,34,0,,0,0,Peru,Android,1
501137,24,0.21,178.42,95,0,,0,0,Peru,iOS,0
502244,2,2.93,111.0,31,2,5.0,0,0,Mexico,Android,0
505066,12,4.59,737.05,92,1,3.2,0,0,Republica Dominicana,Android,1
504178,4,1.22,104.14,27,1,7.2,0,1,Colombia,iOS,0
503311,25,3.65,326.68,14,0,,1,1,Colombia,Android,0
503316,16,6.4,474.37,16,0,,1,0,Colombia,Android,0
503876,18,5.42,66.37,47,0,,1,0,Mexico,Android,0
500410,11,3.6,199.06,71,0,,1,1,Espana,iOS,0
504760,5,5.12,359.1,9,0,,0,0,Espana,iOS,0
501681,22,1.38,329.91,30,0,,0,0,Mexico,iOS,0
505371,12,3.43,105.68,18,0,,0,0,Republica Dominicana,Android,0
502037,23,7.99,485.02,12,1,6.0,0,1,Espana,iOS,0
500348,34,0.96,184.6,46,1,7.1,1,1,Panama,iOS,0
505565,17,9.75,293.69,18,0,,0,0,Colombia,Android,0
505970,22,2.22,242.0,14,0,,0,1,Peru,Android,0
500045,2,1.64,631.96,48,2,3.5,0,0,Republica Dominicana,iOS,1
500001,11,1.31,94.99,82,0,,1,0,Chile,iOS,0
500834,13,1.43,442.12,36,2,7.1,0,0,Mexico,Android,0
501311,31,0.15,234.45,6,1,5.5,0,0,Mexico,iOS,0
501513,19,9.55,395.04,25,1,9.9,0,0,Chile,Android,0
500537,9,1.01,145.41,30,0,,0,0,Peru,iOS,0
502693,14,0.83,209.4,28,0,,1,0,Republica Dominicana,Android,0
500785,16,1.4,192.9,82,0,,1,0,Espana,iOS,0
503194,3,2.31,227.44,19,1,3.1,1,0,Argentina,Android,1
501714,2,6.6,234.36,53,1,7.0,0,0,Mexico,Android,1
505022,3,7.75,992.65,13,0,,1,0,Argentina,Android,0
501779,25,1.46,182.9,27,0,,1,0,Argentina,iOS,0
500823,19,0.92,396.06,9,2,6.2,0,0,Colombia,Android,0
502918,24,3.73,228.97,49,2,7.2,0,0,Peru,Android,1
504721,17,2.69,242.59,26,0,,0,0,Espana,Android,0
501885,14,1.51,254.63,21,1,10.0,1,1,Colombia,Android,0
500370,9,2.78,208.74,87,0,,0,0,Chile,iOS,0
503292,5,0.44,235.81,6,1,8.8,0,0,Chile,Android,0
504313,13,0.1,136.06,32,1,4.5,0,0,Espana,iOS,0
504780,3,0.99,525.71,86,1,4.7,0,0,Republica Dominicana,iOS,0
501251,16,1.34,147.57,12,0,,0,0,Mexico,Android,0
503776,12,1.26,335.03,17,1,8.6,0,0,Chile,Android,0
502506,17,3.42,272.5,27,2,5.5,0,0,Chile,Android,1
505631,15,2.48,153.41,35,0,,1,0,Argentina,Android,0
501762,18,0.31,195.49,40,0,,0,0,Argentina,iOS,0
505763,7,3.31,90.29,48,1,5.3,0,0,Colombia,iOS,0
502823,6,1.27,279.7,14,1,5.9,0,0,Chile,Android,0
502487,5,1.9,270.88,18,0,,1,0,Colombia,Android,0
503348,10,0.53,62.84,28,2,6.3,0,0,Argentina,iOS,0
504439,54,4.59,704.85,79,0,,0,1,Mexico,Android,0
501298,13,0.61,202.64,15,0,,0,0,Espana,Android,0
503286,45,0.55,197.4,20,0,,1,0,Argentina,iOS,0
504293,25,6.28,179.74,12,2,6.7,1,1,Argentina,Android,0
505161,13,3.6,178.46,25,1,7.9,1,0,Argentina,Android,0
505835,8,3.42,118.26,3,1,6.3,0,0,Chile,Android,0
504228,13,2.06,182.01,70,0,,0,0,Colombia,iOS,0
504836,20,6.77,471.18,9,2,8.0,0,1,Espana,Android,0
502774,14,1.82,390.94,2,1,9.5,0,1,Peru,iOS,0
500841,23,1.77,232.25,28,0,,1,0,Mexico,iOS,1
504902,6,1.19,85.89,8,1,7.6,0,0,Chile,Android,0
502895,12,2.86,398.59,6,1,7.7,1,0,Chile,Android,0
500967,18,2.94,296.84,28,0,,0,1,Panama,iOS,0
503794,11,3.92,337.28,21,1,6.9,0,1,Mexico,iOS,0
501379,8,5.03,406.71,8,1,10.0,0,0,Colombia,iOS,0
505769,10,2.76,151.36,16,0,,0,1,Colombia,iOS,0
504629,9,1.01,60.16,44,0,,0,0,Mexico,iOS,0
501018,39,0.8,467.93,47,0,,1,0,Colombia,Android,1
502891,16,0.37,397.8,80,0,,0,0,Chile,Android,1
501485,3,2.08,1090.1,68,1,9.6,1,0,Chile,iOS,0
501986,14,2.64,221.37,17,1,8.7,0,0,Republica Dominicana,iOS,0
505045,11,1.58,344.34,24,1,3.4,0,0,Panama,Android,0
502522,18,5.89,255.56,15,0,,0,1,Panama,iOS,0
505111,8,4.44,180.53,2,1,7.9,0,0,Argentina,Android,0
505436,8,3.42,171.22,39,0,,0,0,Panama,Android,0
501116,11,0.35,383.25,35,1,8.3,1,0,Peru,iOS,0
503463,16,1.2,140.85,16,1,7.8,0,0,Mexico,iOS,0
500202,26,1.25,658.33,11,1,8.4,1,0,Mexico,Android,0
500357,8,1.91,222.6,11,0,,0,0,Chile,iOS,0
505942,21,0.82,348.82,50,2,10.0,0,0,Peru,iOS,1
500353,10,3.76,287.26,7,0,,1,0,Espana,Android,0
500092,3,4.9,408.51,3,0,,1,0,Mexico,Android,0
504396,26,2.66,389.86,30,0,,0,0,Panama,Android,0
501576,20,4.87,156.03,1,1,6.8,0,0,Peru,Android,0
500519,18,3.01,623.39,13,0,,0,0,Colombia,Android,1
505540,30,0.21,97.88,38,1,7.2,0,0,Mexico,Android,0
502550,22,5.13,127.64,5,2,6.8,1,0,Mexico,Android,1
502291,8,2.84,460.55,89,0,,1,0,Espana,iOS,1
502129,34,3.19,402.23,15,5,7.0,0,0,Argentina,Android,0
505904,20,0.38,235.46,95,1,6.3,0,0,Peru,Android,1
501832,6,4.21,155.97,9,0,,0,0,Chile,Android,0
501085,4,4.15,183.97,17,0,,1,1,Colombia,iOS,0
500910,14,1.2,194.76,42,1,9.3,1,1,Republica Dominicana,Android,1
502700,7,2.3,496.67,26,1,9.7,1,0,Mexico,Android,0
505957,7,6.27,203.15,31,0,,1,1,Chile,Android,0
502259,6,9.67,460.74,79,1,7.6,0,1,Republica Dominicana,iOS,0
501071,15,4.12,214.11,16,2,7.6,1,0,Republica Dominicana,iOS,0
501656,5,2.07,72.85,21,1,8.9,1,0,Republica Dominicana,iOS,1
503555,5,0.8,189.13,24,1,5.6,1,0,Espana,Android,1
501110,11,0.71,370.19,111,0,,0,0,Chile,Android,0
501363,15,1.69,365.7,2,0,,0,0,Argentina,iOS,0
501271,27,0.45,52.26,5,2,7.3,0,0,Chile,iOS,0
502318,25,1.7,129.1,40,0,,0,0,Peru,iOS,0
504799,1,1.23,342.8,81,0,,0,1,Mexico,iOS,0
504403,7,1.95,214.58,19,0,,0,0,Peru,Android,0
503443,16,3.73,126.93,20,1,7.2,0,0,Peru,Android,0
505844,10,12.77,252.0,56,0,,0,0,Chile,Android,0
501879,7,0.98,48.27,14,0,,0,0,Colombia,Android,0
504929,34,1.45,278.31,7,0,,0,1,Colombia,Android,0
505664,2,3.97,105.11,34,0,,0,0,Peru,Android,1
504741,15,0.65,339.98,3,0,,0,1,Espana,Android,0
503326,12,5.08,169.76,57,1,7.2,0,0,Espana,iOS,0
503700,31,1.76,449.0,35,0,,0,1,Mexico,Android,1
503802,6,4.04,259.78,36,0,,0,1,Argentina,Android,0
502325,22,4.38,189.59,39,1,6.2,0,1,Mexico,Android,0
502458,47,2.75,221.29,69,0,,0,0,Colombia,iOS,0
501757,25,1.64,294.88,18,0,,0,0,Mexico,iOS,0
501303,15,9.23,126.63,10,0,,1,0,Republica Dominicana,Android,0
502095,5,1.07,188.99,92,2,6.7,0,0,Chile,Android,1
505206,39,4.72,378.55,9,2,8.2,0,0,Panama,Android,0
501288,4,1.86,286.21,5,0,,1,0,Mexico,Android,0
500392,42,3.06,119.51,33,1,4.8,1,1,Espana,Android,0
500104,17,5.15,185.31,11,0,,1,0,Chile,Android,0
504239,12,0.13,165.84,1,0,,0,0,Republica Dominicana,iOS,0
503223,25,3.34,394.41,15,1,7.2,1,0,Panama,Android,0
503627,2,6.04,520.57,44,0,,0,0,Chile,iOS,0
500194,1,3.05,15.39,18,0,,0,0,Argentina,Android,0
504110,15,1.31,289.11,13,0,,1,0,Argentina,iOS,0
503507,9,5.26,354.22,17,2,6.0,0,0,Peru,Android,0
501357,23,0.24,151.77,55,0,,1,1,Argentina,Android,0
505704,3,2.33,599.66,13,0,,1,1,Espana,iOS,0
500690,22,2.52,131.03,32,0,,0,0,Argentina,iOS,0
503066,16,2.43,105.42,2,1,5.9,0,0,Espana,Android,0
500445,18,1.78,447.85,7,0,,0,0,Argentina,Android,0
500144,18,5.32,262.35,19,0,,0,0,Colombia,Android,0
500856,15,3.6,226.3,71,0,,0,0,Argentina,iOS,0
503197,14,2.42,286.12,33,0,,1,1,Republica Dominicana,Android,0
502134,11,1.14,308.16,8,0,,1,0,Espana,iOS,0
503937,12,1.65,638.63,66,0,,1,0,Colombia,iOS,0
501739,10,1.92,464.22,18,0,,0,0,Argentina,iOS,0
502969,19,2.9,51.64,13,0,,0,0,Espana,iOS,0
502357,3,1.24,183.67,3,0,,0,0,Republica Dominicana,iOS,0
505855,22,4.03,176.39,5,0,,0,0,Mexico,iOS,0
500251,30,1.8,431.44,38,0,,0,0,Mexico,Android,0
504292,12,1.89,128.09,30,1,3.3,0,0,Espana,Android,1
502218,16,2.28,165.18,23,0,,0,0,Mexico,iOS,0
501724,8,2.19,527.97,36,1,7.4,0,0,Colombia,iOS,1
503886,14,2.52,270.53,10,0,,0,0,Espana,Android,0
503994,4,6.44,256.85,6,1,5.4,1,0,Panama,Android,0
501697,31,2.83,394.15,18,1,7.4,0,0,Espana,Android,0
503050,6,2.64,266.13,44,1,8.8,0,0,Chile,Android,1
504090,6,0.87,57.49,23,1,10.0,0,1,Chile,iOS,0
501103,10,1.2,457.29,16,1,6.0,1,0,Espana,Android,0
501508,20,2.57,463.84,48,0,,0,0,Mexico,Android,0
503751,17,0.45,315.66,3,0,,0,0,Chile,Android,0
502158,27,6.58,165.79,51,2,8.7,1,0,Panama,iOS,0
501726,6,2.38,76.57,58,0,,0,1,Colombia,iOS,0
503753,3,1.28,351.24,7,0,,1,0,Argentina,Android,0
502835,15,2.4,201.06,24,0,,0,0,Peru,iOS,0
505518,24,3.04,78.87,30,2,6.5,0,1,Espana,Android,0
501430,10,1.13,130.92,10,2,3.5,0,0,Mexico,Android,0
501453,1,2.28,131.42,5,0,,0,0,Mexico,iOS,0
500279,8,3.6,449.01,27,1,10.0,1,0,Mexico,Android,0
505492,3,0.75,42.96,23,0,,0,0,Mexico,Android,0
501620,13,5.09,36.09,10,0,,0,0,Republica Dominicana,iOS,1
501547,19,1.13,464.74,42,0,,0,0,Mexico,Android,0
503658,20,1.85,302.88,43,0,,0,0,Espana,iOS,0
502015,14,3.17,67.27,41,0,,1,0,Argentina,iOS,0
501818,4,6.43,508.0,36,0,,0,1,Colombia,iOS,0
503558,4,1.8,284.81,22,1,8.6,1,0,Argentina,iOS,0
500186,4,0.17,185.1,89,0,,0,1,Espana,iOS,1
505157,12,2.36,500.41,13,0,,1,0,Republica Dominicana,Android,0
501324,29,1.6,340.4,6,0,,1,0,Argentina,Android,0
503545,31,1.81,306.56,14,1,7.0,1,0,Mexico,Android,0
500897,22,0.68,80.0,1,1,6.8,0,1,Mexico,iOS,0
502680,12,1.49,224.4,45,1,9.6,0,0,Republica Dominicana,Android,0
503546,5,3.92,132.59,34,0,,0,1,Argentina,Android,0
505234,3,4.99,451.62,28,0,,1,0,Panama,iOS,1
505172,16,1.69,196.35,16,1,5.9,1,1,Chile,Android,0
501294,20,2.44,327.05,40,0,,0,0,Espana,Android,1
504407,12,0.53,69.29,47,1,7.6,0,0,Chile,Android,0
501931,21,4.4,83.56,28,0,,1,0,Espana,iOS,0
500349,4,1.82,101.45,16,2,9.5,0,0,Espana,Android,0
500944,7,0.52,222.07,31,0,,0,0,Espana,Android,0
503205,8,1.25,250.13,5,0,,0,0,Argentina,Android,0
505537,36,5.15,315.02,37,0,,0,0,Argentina,Android,1
504630,14,3.86,107.55,37,0,,1,0,Espana,Android,1
501657,25,1.64,365.48,25,0,,1,1,Republica Dominicana,Android,0
503368,14,2.07,77.32,57,0,,0,0,Espana,Android,0
502633,22,1.3,90.56,26,2,8.4,0,0,Peru,Android,0
501351,12,4.27,117.84,40,0,,0,1,Argentina,Android,0
505746,14,2.1,233.68,24,0,,1,0,Colombia,iOS,0
505311,17,5.02,470.19,50,0,,0,0,Espana,Android,0
504111,12,2.51,84.0,78,0,,1,0,Panama,iOS,1
504275,26,2.98,219.73,75,3,6.7,0,0,Argentina,Android,0
502752,8,7.89,66.22,13,0,,0,0,Mexico,iOS,0
505697,9,2.44,260.1,36,0,,1,0,Republica Dominicana,Android,0
504063,16,2.9,383.1,53,0,,0,0,Espana,Android,1
501115,10,0.59,204.99,29,0,,0,0,Espana,Android,0
501445,32,1.7,446.2,45,1,8.3,0,0,Argentina,Android,0
505526,6,0.67,184.63,13,0,,0,0,Mexico,iOS,0
502449,7,1.65,232.73,59,0,,1,0,Chile,iOS,0
503264,8,2.67,196.34,28,1,8.1,0,1,Panama,Android,0
500791,12,4.48,235.44,11,0,,0,0,Espana,iOS,0
500498,25,1.82,419.12,28,2,5.5,0,0,Colombia,iOS,1
500664,15,2.07,164.98,43,1,4.2,1,0,Chile,iOS,0
501940,16,0.87,195.88,77,1,4.4,0,0,Argentina,iOS,0
505938,11,3.13,291.05,46,0,,1,0,Espana,Android,0
505729,6,2.26,827.09,71,0,,0,1,Mexico,Android,0
501964,41,0.71,1026.26,68,0,,0,0,Colombia,Android,0
501025,15,4.84,144.52,36,0,,1,0,Colombia,Android,0
500196,28,2.41,360.23,5,1,5.0,0,1,Espana,Android,0
501452,22,0.3,48.05,16,3,6.8,0,1,Espana,Android,0
500171,12,3.67,197.23,19,1,7.9,1,1,Mexico,Android,0
500662,15,1.76,272.95,87,0,,0,0,Colombia,Android,1
503510,11,1.64,221.9,2,0,,1,0,Mexico,iOS,0
500026,4,0.49,319.7,25,0,,1,0,Chile,Android,0
502562,19,2.09,60.41,7,2,5.8,0,0,Chile,Android,1
501306,17,2.56,115.87,112,0,,1,0,Panama,Android,1
501199,23,3.61,482.48,54,0,,0,0,Colombia,iOS,1
503561,12,0.28,209.6,57,2,8.1,0,0,Colombia,iOS,0
501572,2,0.88,86.49,25,0,,0,0,Espana,iOS,0
504153,6,2.29,270.03,17,0,,0,0,Mexico,Android,0
501913,3,5.94,259.77,66,0,,0,0,Espana,Android,0
502995,38,2.55,421.54,66,3,5.9,0,0,Panama,Android,1
500286,6,2.35,187.94,34,0,,0,1,Mexico,iOS,0
503514,8,2.34,187.15,18,0,,1,1,Colombia,Android,0
503229,6,2.26,177.21,116,0,,0,0,Chile,Android,0
501277,9,1.76,89.53,12,0,,0,0,Espana,Android,1
502617,9,3.2,401.92,36,0,,1,0,Espana,Android,0
500813,10,2.16,135.04,43,3,5.9,0,0,Espana,iOS,1
501925,24,2.28,179.35,7,0,,1,0,Argentina,Android,0
501977,2,2.19,358.11,3,0,,1,0,Mexico,iOS,0
503740,12,5.45,213.26,69,1,7.6,0,0,Colombia,iOS,1
504269,6,1.04,242.77,100,2,5.3,0,0,Chile,Android,0
504149,12,1.08,452.05,11,0,,1,0,Mexico,Android,0
500420,20,2.32,107.48,35,0,,1,1,Colombia,Android,0
503884,8,1.85,253.33,27,0,,1,0,Mexico,Android,0
505557,5,5.0,1195.73,15,1,10.0,0,0,Mexico,iOS,0
503837,9,1.46,76.07,21,0,,0,0,Panama,iOS,0
504697,7,1.45,369.61,48,1,8.8,1,0,Peru,iOS,0
503362,10,6.23,150.96,6,0,,1,0,Mexico,iOS,0
505782,3,2.19,66.48,35,0,,0,0,Espana,Android,1
504185,1,9.2,729.86,86,1,5.9,0,0,Argentina,iOS,0
503153,9,0.42,360.08,25,2,4.9,1,0,Chile,Android,0
502685,13,5.12,57.4,118,0,,0,0,Espana,Android,0
505871,7,2.68,380.02,51,0,,0,0,Espana,Android,0
502236,9,2.32,183.93,93,0,,1,1,Argentina,iOS,0
504172,14,1.29,91.37,14,0,,0,1,Peru,Android,0
502800,13,1.42,37.83,7,0,,1,0,Peru,iOS,1
500009,2,4.13,18.91,47,1,7.0,0,0,Argentina,Android,0
503914,7,3.61,66.88,17,2,8.8,0,0,Republica Dominicana,Android,1
502351,2,1.29,93.68,32,1,5.5,0,0,Espana,iOS,0
500807,18,2.74,433.99,96,0,,0,0,Republica Dominicana,Android,1
500587,4,2.18,386.31,4,0,,1,1,Mexico,iOS,0
500334,12,1.57,486.38,7,0,,0,0,Colombia,iOS,0
504211,5,0.37,343.68,39,0,,0,0,Panama,Android,1
503185,10,3.09,25.5,33,0,,0,0,Mexico,Android,0
500220,13,1.69,291.48,3,0,,1,0,Mexico,Android,0
504176,13,4.85,70.04,41,1,7.1,0,0,Colombia,iOS,0
505975,13,0.85,113.38,11,0,,0,0,Peru,iOS,0
504340,6,2.83,68.17,66,0,,1,0,Mexico,iOS,0
504871,2,0.79,439.0,66,0,,1,0,Mexico,Android,1
502715,16,2.18,120.11,33,1,8.8,0,1,Espana,iOS,0
504756,13,1.11,242.35,13,0,,0,0,Espana,Android,0
503741,19,0.89,339.73,19,0,,1,0,Argentina,iOS,0
502734,21,2.03,331.72,68,0,,0,0,Mexico,Android,0
504691,17,2.16,362.44,15,0,,0,0,Argentina,Android,0
502130,15,3.96,151.22,25,0,,0,0,Chile,Android,0
505856,26,2.52,73.21,77,2,7.6,1,1,Colombia,Android,1
505319,37,1.31,56.27,32,2,8.2,0,0,Argentina,iOS,0
503287,19,0.3,247.65,31,0,,0,0,Mexico,iOS,0
505561,27,3.2,188.85,66,0,,0,0,Chile,Android,0
500996,18,1.38,307.52,49,1,6.2,0,0,Peru,Android,1
502500,21,3.93,118.17,25,0,,0,0,Peru,Android,0
503261,4,2.69,143.71,37,0,,0,0,Mexico,iOS,1
501786,43,1.53,175.18,65,0,,0,1,Panama,Android,0
504031,10,1.76,150.79,8,0,,1,0,Mexico,iOS,0
501380,13,2.49,283.77,96,0,,0,0,Espana,iOS,0
500079,13,3.66,576.32,6,1,6.0,0,0,Colombia,Android,0
500453,15,0.76,117.69,49,1,3.1,1,0,Panama,Android,0
504622,6,4.61,78.52,67,0,,1,0,Mexico,iOS,0
500101,12,3.86,147.52,15,0,,0,0,Argentina,Android,1
505005,28,0.22,191.33,4,2,5.9,0,0,Mexico,Android,0
500691,4,2.19,485.42,21,0,,0,0,Colombia,Android,0
503166,4,3.08,432.81,14,0,,1,1,Argentina,iOS,0
505273,15,2.05,111.79,19,0,,1,0,Colombia,Android,0
503085,22,2.94,122.21,27,2,5.4,0,0,Republica Dominicana,Android,0
502569,9,5.26,255.28,57,0,,1,0,Espana,Android,0
504261,18,1.49,210.8,76,0,,0,0,Argentina,iOS,0
502510,25,2.34,322.62,48,0,,1,0,Espana,Android,1
505702,37,1.25,104.2,50,1,7.5,0,0,Chile,Android,0
505170,18,1.69,296.4,66,0,,1,0,Espana,Android,0
505859,11,1.79,172.71,9,0,,0,0,Argentina,Android,0
503925,7,5.17,359.41,29,0,,1,1,Republica Dominicana,iOS,0
501381,17,2.27,213.29,53,0,,0,0,Colombia,Android,0
500102,11,1.39,403.52,9,0,,1,0,Argentina,Android,0
503690,8,1.81,400.61,28,0,,1,0,Panama,Android,0
503192,25,2.44,547.42,12,0,,0,0,Argentina,Android,0
500478,21,2.02,340.1,25,1,9.2,1,0,Chile,iOS,0
505857,11,0.92,175.62,20,0,,0,0,Mexico,Android,0
503480,3,2.91,56.64,1,0,,0,0,Espana,Android,0
504033,4,1.92,301.63,33,0,,0,0,Espana,Android,0
501926,7,2.23,415.97,27,0,,0,0,Espana,Android,0
505404,40,3.77,139.61,25,1,3.2,0,0,Chile,iOS,1
502878,3,2.5,184.72,6,0,,0,1,Colombia,Android,1
503093,21,2.92,86.56,7,1,6.1,0,0,Argentina,Android,0
504118,5,7.07,146.52,41,0,,0,0,Espana,iOS,0
504917,16,5.42,277.52,15,0,,0,0,Espana,Android,0
504638,17,2.78,448.89,21,1,8.8,0,1,Peru,iOS,0
504398,19,2.84,383.55,11,0,,0,0,Espana,Android,0
500283,22,1.49,265.71,34,2,6.5,0,0,Colombia,Android,0
504329,8,1.88,483.03,42,0,,0,1,Peru,Android,0
503341,18,3.45,277.61,74,1,6.3,0,0,Chile,Android,0
500820,40,1.43,257.31,20,0,,0,0,Mexico,iOS,0
501927,10,1.1,132.44,34,0,,0,0,Argentina,Android,0
500745,6,2.93,167.97,25,0,,0,0,Colombia,Android,0
504959,14,3.15,287.3,45,0,,1,1,Peru,Android,0
500689,14,0.55,163.67,34,0,,1,1,Republica Dominicana,iOS,0
505539,35,2.08,148.74,19,1,7.2,0,1,Chile,Android,0
505662,4,2.76,230.18,66,1,5.2,0,0,Colombia,Android,1
500816,20,2.45,687.7,28,0,,0,0,Mexico,Android,0
503102,7,5.39,353.66,33,2,2.4,1,1,Colombia,Android,0
505695,3,6.29,186.45,36,0,,1,0,Colombia,Android,0
503208,12,1.44,40.24,39,0,,0,0,Espana,Android,1
500599,9,3.7,190.49,38,1,4.9,0,0,Panama,Android,0
502728,9,0.65,175.69,3,3,7.2,0,1,Chile,Android,0
503638,4,2.3,536.07,36,0,,0,0,Colombia,iOS,0
503868,20,1.0,217.68,4,0,,1,0,Argentina,iOS,0
502947,20,2.67,320.99,29,0,,0,0,Panama,Android,0
501173,26,0.75,293.97,1,1,3.7,0,0,Mexico,Android,0
504174,5,1.89,557.25,41,0,,1,1,Peru,iOS,0
503082,14,4.88,329.75,14,1,5.4,0,0,Colombia,iOS,0
502228,16,10.09,242.82,60,0,,0,0,Republica Dominicana,Android,0
504598,4,1.56,1142.88,1,1,7.8,0,0,Argentina,iOS,0
503844,16,4.4,42.34,13,0,,0,0,Espana,Android,0
504618,25,0.53,86.15,26,0,,1,0,Argentina,iOS,0
500734,22,2.61,226.46,8,1,4.3,0,0,Panama,Android,0
503960,30,4.64,123.59,12,1,5.7,0,0,Mexico,iOS,0
500228,4,3.5,273.25,74,1,6.1,1,0,Espana,iOS,1
504672,12,3.21,384.12,22,0,,1,0,Espana,Android,0
500078,11,2.19,329.77,35,0,,0,1,Colombia,Android,0
504732,18,4.43,260.18,49,0,,1,0,Mexico,Android,0
503473,20,1.68,18.26,19,2,6.1,0,1,Republica Dominicana,Android,0
503174,10,0.1,63.24,56,0,,1,0,Peru,Android,1
501329,16,3.02,258.91,63,2,1.7,0,0,Republica Dominicana,Android,0
501046,12,3.51,406.33,69,0,,0,0,Colombia,Android,0
505340,14,3.41,139.09,28,1,8.7,0,0,Mexico,Android,0
502266,11,4.11,169.39,53,2,7.5,0,1,Peru,iOS,0
502634,9,4.96,510.19,93,0,,0,0,Espana,Android,0
504831,8,11.35,165.21,46,0,,0,0,Argentina,iOS,0
502364,21,0.84,442.2,20,0,,1,0,Espana,Android,0
500925,22,1.37,310.39,70,0,,0,0,Panama,Android,0
500428,5,5.1,317.13,11,0,,1,0,Colombia,Android,0
502673,11,0.47,89.73,8,0,,1,1,Panama,iOS,0
500863,6,3.78,293.69,65,0,,1,1,Mexico,Android,0
500625,11,1.53,89.72,51,2,6.0,1,0,Espana,Android,0
500694,4,0.66,117.9,68,2,6.6,0,1,Espana,iOS,1
505312,17,2.81,129.21,13,1,6.2,1,0,Mexico,iOS,0
504608,24,6.35,281.85,70,1,10.0,0,0,Argentina,Android,0
503340,2,2.07,167.11,8,0,,0,0,Colombia,Android,0
503565,18,2.54,124.47,15,0,,0,0,Colombia,Android,0
503396,22,2.59,340.11,101,0,,1,1,Peru,Android,1
504937,6,5.56,114.23,5,0,,0,0,Argentina,Android,1
500385,5,2.71,65.82,57,0,,0,0,Peru,Android,0
501540,10,1.8,271.82,27,2,7.1,1,1,Colombia,iOS,1
501763,9,1.56,675.14,8,0,,0,0,Colombia,iOS,1
501401,5,3.52,381.79,14,0,,1,0,Republica Dominicana,Android,0
505883,13,3.71,240.42,21,0,,0,0,Colombia,Android,0
500570,16,2.05,816.43,34,0,,0,0,Argentina,Android,0
501028,7,1.55,231.65,133,1,4.2,1,0,Peru,Android,1
500013,5,2.8,40.26,20,0,,1,0,Espana,Android,0
504061,13,10.13,343.12,124,1,7.1,1,0,Mexico,Android,0
505050,4,0.56,267.48,6,0,,0,0,Republica Dominicana,Android,0
501007,3,3.62,195.5,31,1,8.8,0,1,Republica Dominicana,Android,0
505131,43,3.17,295.17,17,1,7.5,0,1,Chile,Android,0
500063,13,0.31,50.04,17,0,,0,0,Peru,Android,1
504639,5,2.28,309.75,44,1,6.7,1,1,Argentina,Android,0
504127,5,6.22,264.56,69,0,,0,1,Republica Dominicana,Android,0
505468,24,3.94,480.56,64,1,7.7,1,0,Mexico,iOS,0
501222,6,2.46,289.04,59,0,,0,0,Mexico,Android,0
503371,3,6.22,228.38,68,0,,0,1,Colombia,iOS,1
501585,25,6.23,99.71,18,1,5.4,1,0,Espana,Android,0
504523,12,0.3,158.0,48,1,7.1,1,0,Republica Dominicana,Android,0
502635,12,0.73,150.23,18,0,,1,0,Mexico,Android,0
502175,27,2.81,176.44,12,0,,1,0,Colombia,Android,0
501037,11,1.11,288.52,27,2,2.4,1,1,Mexico,Android,1
505053,33,5.3,273.78,15,0,,0,0,Argentina,iOS,0
503543,15,3.24,171.76,39,0,,0,1,Espana,iOS,0
504860,10,1.31,293.27,22,0,,0,0,Espana,iOS,1
500129,20,1.33,229.09,44,0,,0,0,Mexico,Android,0
500652,41,1.92,46.18,1,0,,0,0,Colombia,Android,0
505510,14,4.52,225.96,9,0,,0,0,Espana,iOS,0
504416,4,0.56,232.24,12,0,,1,0,Espana,iOS,0
500394,4,2.93,287.68,52,0,,0,0,Colombia,iOS,0
504433,8,3.92,318.98,35,1,5.9,0,0,Colombia,Android,0
504087,27,3.68,173.13,67,0,,1,0,Mexico,Android,0
504356,40,0.96,217.4,81,0,,0,0,Mexico,iOS,0
502723,6,3.4,131.01,35,1,7.7,0,0,Chile,Android,0
501338,5,1.76,195.26,28,0,,0,0,Espana,iOS,0
504425,4,0.41,212.24,34,0,,1,1,Mexico,iOS,1
502499,10,2.14,553.12,110,0,,1,0,Mexico,Android,0
500057,8,6.68,288.35,26,1,7.1,0,0,Argentina,Android,0
505961,38,0.23,116.34,34,0,,0,0,Argentina,Android,1
503761,11,1.75,327.98,51,1,7.3,0,0,Colombia,Android,1
503695,12,2.33,278.37,35,0,,0,0,Mexico,Android,1
500163,4,1.47,342.9,16,0,,0,1,Chile,Android,0
502193,4,3.4,515.7,31,1,9.1,1,1,Espana,iOS,0
503222,11,2.87,808.18,41,1,8.4,1,0,Colombia,Android,0
501293,6,0.98,308.69,42,2,6.0,1,0,Espana,Android,0
505011,15,0.71,272.93,3,0,,1,0,Chile,Android,0
503083,5,0.73,593.83,22,2,6.9,0,0,Espana,iOS,1
501486,8,0.9,475.35,82,0,,0,0,Argentina,Android,0
503835,21,0.79,105.27,26,0,,0,1,Argentina,Android,0
504273,4,2.23,382.99,20,0,,0,0,Mexico,iOS,0
501267,11,1.25,303.47,74,0,,0,0,Mexico,Android,1
500717,13,2.25,255.04,12,1,5.0,0,0,Mexico,Android,0
502188,24,5.24,132.34,35,0,,0,1,Espana,Android,0
502310,1,1.8,245.89,27,1,7.0,1,0,Argentina,Android,0
503276,18,1.31,426.63,47,0,,1,0,Mexico,iOS,0
504508,6,3.45,282.66,60,1,5.0,0,0,Republica Dominicana,iOS,0
502501,38,2.6,263.1,12,0,,1,0,Peru,Android,0
500068,38,4.15,362.32,21,1,6.5,0,0,Mexico,Android,0
504802,2,1.28,194.13,50,1,7.8,1,1,Mexico,iOS,1
502381,36,2.06,193.12,51,0,,1,1,Argentina,Android,0
504887,39,4.09,155.75,13,0,,0,0,Mexico,Android,0
505126,9,1.22,149.51,13,0,,0,0,Panama,iOS,0
502215,10,4.03,116.36,13,0,,0,0,Republica Dominicana,Android,0
502213,9,2.1,134.66,37,2,8.1,0,1,Mexico,iOS,0
501904,11,2.76,28.06,63,0,,1,1,Peru,Android,1
505922,9,1.8,77.15,44,0,,0,0,Mexico,iOS,0
504147,14,0.53,176.11,60,1,6.2,0,1,Colombia,Android,0
500572,16,5.88,257.17,56,0,,0,0,Mexico,iOS,0
504829,12,4.79,129.57,11,0,,0,0,Republica Dominicana,Android,0
503204,2,6.43,400.49,146,0,,0,0,Chile,Android,1
500143,5,2.41,181.64,77,0,,0,1,Colombia,Android,1
505439,30,0.31,369.72,24,0,,1,1,Espana,Android,0
503462,5,2.78,601.96,28,2,7.3,0,0,Espana,Android,0
505469,14,0.15,613.86,5,1,6.9,0,0,Espana,iOS,0
502952,5,0.95,241.44,24,2,4.0,1,0,Chile,Android,1
505283,19,4.29,188.42,62,2,6.6,1,0,Chile,iOS,1
503150,27,2.0,107.86,67,0,,0,0,Colombia,Android,0
501881,1,4.55,130.96,22,2,9.7,0,0,Republica Dominicana,Android,0
503219,13,3.23,229.98,15,0,,0,0,Espana,iOS,0
501803,13,4.41,15.42,74,2,5.6,1,1,Republica Dominicana,iOS,1
500414,35,2.6,575.42,6,2,6.8,0,1,Mexico,iOS,0
503719,6,2.16,237.07,42,0,,0,0,Panama,Android,0
504773,15,4.07,426.72,25,0,,1,0,Argentina,iOS,0
504249,6,2.07,310.83,75,0,,0,0,Panama,Android,1
504945,8,6.18,176.91,2,1,5.5,0,0,Republica Dominicana,Android,0
501612,39,2.13,262.44,45,0,,0,0,Argentina,Android,0
500956,5,3.05,314.02,11,0,,1,0,Colombia,Android,1
501377,24,3.52,310.15,14,0,,0,0,Mexico,iOS,0
503491,28,2.37,287.17,56,0,,1,0,Chile,Android,1
501420,22,2.08,233.81,36,1,8.4,0,0,Mexico,iOS,0
505534,4,3.16,99.57,4,1,6.7,0,1,Mexico,Android,0
501280,8,0.33,92.06,39,2,5.2,1,1,Mexico,Android,0
501184,7,7.85,251.89,5,1,4.7,0,1,Argentina,iOS,0
504059,14,0.42,715.06,32,0,,1,0,Colombia,Android,0
501908,12,9.39,210.13,12,3,5.9,0,0,Peru,iOS,1
504515,27,1.52,613.61,20,1,7.5,0,0,Panama,Android,0
505651,4,1.65,377.44,37,0,,0,0,Argentina,Android,0
502744,19,4.13,309.72,12,1,4.6,0,0,Republica Dominicana,iOS,0
504330,14,4.02,566.75,21,0,,1,1,Panama,Android,0
501399,6,1.25,342.45,5,2,7.7,0,1,Peru,iOS,0
502452,7,7.2,60.87,10,0,,1,0,Argentina,Android,0
502144,6,2.36,43.78,62,1,9.5,0,0,Colombia,Android,0
501960,14,2.04,120.62,24,0,,0,1,Argentina,Android,0
503213,16,0.74,248.59,39,1,5.5,0,0,Chile,Android,0
505700,31,0.51,341.25,59,0,,0,1,Argentina,Android,0
505418,33,7.07,636.45,122,0,,1,1,Panama,Android,1
502721,18,2.86,319.14,19,1,6.6,1,1,Colombia,Android,0
505502,4,3.13,598.11,9,0,,1,0,Espana,Android,0
505801,20,0.84,332.91,66,3,8.2,1,0,Mexico,Android,0
504703,7,2.43,186.06,17,0,,1,0,Espana,Android,0
503824,25,7.51,219.02,31,0,,0,1,Colombia,iOS,0
502167,28,2.49,221.09,23,1,6.8,0,1,Mexico,Android,0
501848,5,5.75,270.54,39,1,9.8,1,0,Argentina,Android,0
503381,3,6.1,110.0,37,1,5.4,0,0,Espana,iOS,0
505929,18,4.19,239.81,17,1,5.7,0,1,Chile,Android,0
502905,35,8.5,644.43,7,0,,0,1,Colombia,Android,0
503042,16,0.58,201.54,16,1,7.7,1,0,Chile,iOS,0
501900,38,1.35,66.7,37,0,,0,0,Chile,Android,0
501860,14,1.18,750.99,130,1,8.9,0,0,Mexico,Android,1
501350,9,1.5,212.73,22,1,5.8,0,1,Argentina,Android,0
502040,21,4.7,83.74,69,0,,0,0,Colombia,iOS,0
501736,10,2.66,121.75,2,1,8.3,0,0,Espana,Android,0
505346,4,0.58,756.03,9,0,,0,0,Colombia,iOS,0
504054,12,5.33,299.99,13,1,10.0,0,0,Argentina,Android,0
504010,5,2.97,371.79,56,0,,1,1,Espana,Android,0
503966,8,1.66,32.86,11,1,4.5,1,0,Panama,Android,0
503268,18,1.96,102.74,79,0,,1,0,Mexico,Android,1
503827,10,2.28,415.48,38,2,7.2,0,1,Colombia,iOS,1
505824,14,1.04,381.33,27,1,4.0,1,0,Espana,Android,0
500067,2,1.99,140.16,74,0,,0,0,Peru,Android,1
504353,24,1.74,152.43,39,2,3.3,0,1,Mexico,iOS,0
504444,23,4.21,54.31,7,1,8.7,0,0,Argentina,Android,0
501666,9,0.35,574.14,39,0,,0,1,Peru,iOS,0
501812,7,2.97,222.45,11,0,,0,0,Panama,Android,0
500462,7,0.51,373.09,16,3,6.3,1,0,Mexico,Android,1
500326,11,1.26,98.19,18,0,,1,0,Colombia,Android,0
501489,20,1.04,175.75,51,1,5.9,0,0,Republica Dominicana,Android,1
500895,10,2.83,554.82,32,2,5.5,0,0,Espana,Android,0
504305,20,2.82,388.47,25,2,8.4,1,0,Colombia,Android,0
504817,9,2.03,149.46,6,1,6.5,1,0,Mexico,iOS,0
501633,7,0.73,459.83,10,0,,1,0,Peru,Android,0
504209,21,0.6,299.57,59,1,8.7,0,0,Chile,Android,0
502767,37,1.62,482.2,42,0,,1,0,Argentina,Android,0
502555,11,4.1,543.16,130,1,4.3,0,0,Panama,iOS,1
501470,12,4.13,118.21,15,0,,1,0,Mexico,Android,0
502881,13,3.09,205.93,19,0,,0,0,Espana,Android,0
500750,10,1.76,520.22,27,0,,1,0,Espana,iOS,0
502762,9,1.02,246.3,11,0,,1,0,Espana,iOS,0
502251,52,0.97,75.78,31,1,8.0,1,0,Panama,iOS,0
502329,5,1.3,178.77,5,0,,0,0,Espana,iOS,0
501765,3,1.9,177.58,56,1,8.5,1,0,Argentina,iOS,0
501426,19,2.11,294.38,126,0,,1,0,Espana,Android,1
503795,1,1.79,92.68,95,0,,0,1,Panama,Android,0
503916,18,0.14,368.96,46,0,,0,0,Argentina,iOS,0
500483,22,1.71,326.72,197,1,7.7,1,0,Peru,Android,1
501455,10,2.48,188.98,14,1,7.2,0,1,Espana,Android,1
505897,2,3.2,37.06,26,0,,1,0,Espana,Android,0
502831,5,1.31,35.36,69,1,4.4,0,0,Mexico,iOS,0
504746,10,6.89,86.43,45,2,5.7,0,0,Mexico,Android,0
502993,30,1.54,142.04,21,0,,0,0,Colombia,Android,0
501816,43,1.06,291.5,5,0,,1,0,Colombia,Android,0
501310,18,1.85,371.38,7,2,7.0,0,0,Colombia,Android,0
500487,19,1.25,515.44,31,0,,0,0,Chile,Android,0
501081,46,1.89,103.8,41,0,,0,0,Colombia,iOS,1
500706,13,2.26,211.88,28,0,,0,1,Colombia,Android,0
501499,13,2.2,262.11,35,0,,0,0,Chile,iOS,0
504413,9,2.17,260.15,25,0,,0,0,Panama,Android,0
503009,19,3.65,278.68,43,1,6.4,0,0,Panama,iOS,1
504857,16,1.73,369.43,10,0,,1,0,Mexico,Android,0
502313,23,1.5,63.59,28,0,,1,0,Espana,Android,1
503661,6,4.2,136.15,79,0,,0,0,Chile,Android,0
501287,19,6.51,403.98,6,0,,1,0,Espana,iOS,0
503068,5,3.16,179.94,25,0,,0,0,Colombia,iOS,0
504873,4,3.39,125.83,17,0,,1,0,Mexico,iOS,0
502782,18,0.74,109.23,63,0,,0,0,Colombia,Android,0
505021,12,1.53,145.91,19,0,,1,1,Argentina,iOS,0
505637,9,0.82,125.02,37,2,7.7,1,1,Argentina,iOS,0
503140,26,4.49,292.03,36,0,,0,0,Argentina,iOS,0
505452,29,3.31,115.06,3,1,5.1,0,0,Argentina,iOS,0
503685,10,1.32,285.88,3,0,,0,1,Colombia,iOS,0
502058,22,1.67,269.96,46,0,,0,0,Peru,Android,0
500522,9,6.77,326.08,19,1,6.6,0,0,Argentina,Android,0
503633,50,2.25,73.36,16,0,,1,1,Espana,Android,1
503284,12,1.37,216.3,38,4,5.3,0,0,Argentina,Android,0
503702,4,0.98,94.98,13,0,,0,1,Argentina,iOS,0
504306,3,2.53,227.11,25,1,9.0,0,0,Chile,iOS,0
503447,15,1.32,107.39,31,1,7.0,0,0,Mexico,Android,0
500158,19,3.34,449.42,58,0,,0,0,Republica Dominicana,Android,1
502491,11,1.28,485.87,10,1,7.4,0,0,Espana,Android,0
503992,6,1.77,386.92,36,0,,1,0,Peru,Android,0
500400,25,5.06,198.08,95,0,,1,0,Argentina,iOS,0
502738,24,3.21,166.37,29,0,,0,0,Mexico,Android,1
503838,6,2.46,715.18,23,0,,0,0,Mexico,Android,0
500692,10,3.07,280.78,46,0,,0,1,Espana,Android,0
502174,13,4.47,104.25,33,0,,0,0,Espana,iOS,0
500212,22,2.35,260.7,31,0,,0,0,Peru,Android,1
505779,7,0.27,132.58,58,1,9.5,0,0,Chile,Android,0
505426,7,0.6,250.88,44,2,4.1,0,0,Argentina,iOS,0
504039,30,3.4,479.27,15,1,10.0,0,1,Colombia,Android,0
504926,5,0.32,55.38,38,2,4.5,0,0,Espana,Android,0
500432,4,1.15,56.83,17,1,9.9,1,0,Peru,Android,0
505367,13,1.46,824.04,44,0,,1,0,Argentina,Android,0
502884,25,3.3,439.04,163,1,6.1,0,1,Colombia,Android,1
501024,4,0.43,250.66,41,1,10.0,0,0,Argentina,iOS,0
503631,30,1.95,193.22,88,1,7.4,0,1,Peru,Android,1
504250,10,2.28,251.78,59,2,9.8,0,0,Argentina,iOS,0
501278,13,7.05,202.78,74,0,,0,1,Peru,Android,0
500320,5,0.84,293.74,22,0,,0,0,Espana,iOS,0
500583,36,2.4,298.54,70,0,,1,0,Espana,Android,0
505354,5,3.27,284.11,17,0,,0,1,Mexico,iOS,0
500631,9,2.86,134.91,15,0,,0,0,Peru,Android,0
503692,6,9.92,142.9,85,0,,0,0,Chile,Android,1
505122,13,1.75,586.73,25,2,7.9,1,0,Panama,Android,0
502124,11,1.64,350.22,16,0,,1,0,Chile,iOS,0
502086,6,1.35,177.04,106,1,10.0,0,0,Mexico,Android,1
502414,4,0.33,327.44,19,2,6.8,1,0,Colombia,Android,0
500582,7,1.51,47.42,45,1,6.2,0,0,Espana,iOS,1
505787,12,5.7,278.69,44,1,9.0,0,0,Espana,Android,1
502858,4,1.42,464.56,24,0,,0,0,Colombia,iOS,0
502032,2,0.52,143.38,9,0,,0,0,Espana,iOS,1
502216,5,0.96,508.65,37,1,4.4,0,0,Republica Dominicana,iOS,1
503481,11,2.94,56.98,20,2,10.0,0,0,Espana,iOS,0
501467,25,1.65,389.81,36,2,3.4,1,1,Colombia,Android,0
502157,5,1.34,485.41,56,0,,1,0,Espana,Android,0
503571,27,3.7,313.16,30,0,,0,0,Espana,Android,0
503303,4,3.51,77.86,66,0,,0,0,Colombia,iOS,0
505302,6,4.1,97.58,19,1,6.9,0,0,Argentina,Android,0
500152,11,5.81,921.91,43,1,7.4,0,0,Espana,iOS,1
501446,27,3.63,313.52,38,1,6.8,0,1,Argentina,Android,0
502574,6,3.82,587.84,49,0,,1,0,Peru,Android,1
500870,21,3.1,110.21,36,3,4.2,0,0,Argentina,Android,1
505964,31,1.99,422.34,26,0,,0,0,Mexico,iOS,0
504137,42,1.66,71.12,20,1,5.0,1,0,Mexico,Android,0
501275,25,5.89,129.65,26,0,,1,0,Colombia,Android,0
503210,10,1.09,175.64,26,0,,1,1,Peru,Android,0
504193,29,2.29,99.81,41,1,8.9,1,1,Mexico,Android,0
500310,10,5.94,207.23,22,1,7.9,1,0,Peru,Android,0
505816,18,1.58,172.9,51,0,,0,1,Chile,Android,0
501538,1,4.62,494.58,17,0,,0,0,Colombia,Android,0
500557,28,9.29,95.01,6,0,,0,0,Peru,Android,0
502457,8,1.16,81.39,29,2,8.6,1,0,Argentina,iOS,0
500539,35,2.52,591.47,33,1,10.0,0,0,Chile,iOS,0
503063,15,3.69,537.25,14,3,4.7,1,0,Chile,Android,0
504736,9,1.03,417.6,47,0,,1,1,Argentina,Android,1
501134,5,0.75,260.56,6,3,6.9,1,0,Espana,Android,0
500060,10,4.23,472.77,75,3,7.5,0,1,Peru,iOS,0
501078,8,1.05,171.18,16,1,3.1,1,0,Argentina,iOS,0
503081,14,3.03,320.86,133,0,,0,0,Peru,Android,1
503910,8,2.13,47.07,5,0,,0,0,Chile,Android,0
505389,21,3.7,428.67,34,1,6.5,1,1,Colombia,iOS,0
505725,24,3.33,286.89,33,1,6.8,1,0,Espana,Android,0
505775,8,0.51,294.79,51,0,,0,0,Panama,Android,1
504603,20,1.6,217.75,11,2,9.8,0,0,Mexico,iOS,0
502558,15,7.71,101.45,27,0,,1,0,Chile,Android,0
505058,20,0.35,567.51,11,3,6.6,0,0,Chile,Android,1
502485,9,5.07,326.91,27,1,4.3,0,1,Mexico,Android,0
500042,18,4.48,143.54,16,0,,0,0,Argentina,Android,0
504259,9,1.9,336.16,15,0,,0,0,Panama,Android,1
505297,7,0.19,119.12,6,0,,1,0,Argentina,Android,0
504152,10,1.93,147.9,89,0,,0,0,Mexico,iOS,1
502115,2,2.68,130.11,45,0,,0,1,Espana,iOS,1
502004,7,5.51,193.57,19,0,,0,0,Colombia,iOS,0
501846,13,3.62,710.68,76,0,,0,1,Chile,iOS,0
504426,21,2.22,76.95,38,0,,0,1,Espana,iOS,0
500675,23,3.44,215.06,47,1,7.0,1,0,Argentina,iOS,0
502047,15,6.28,101.13,109,0,,0,0,Panama,Android,0
503731,11,2.59,203.96,14,1,6.7,0,0,Espana,iOS,0
502829,15,0.35,175.58,6,1,9.2,0,0,Colombia,iOS,1
505228,8,1.74,131.4,104,1,8.7,1,1,Argentina,Android,0
504713,7,3.67,80.48,30,0,,0,0,Espana,Android,0
504125,14,0.71,175.77,19,0,,0,0,Peru,Android,0
500963,12,1.19,207.0,15,0,,0,0,Mexico,iOS,0
504999,8,4.91,62.78,21,0,,1,0,Republica Dominicana,iOS,0
505845,17,1.64,310.98,56,1,6.5,0,0,Argentina,Android,0
501914,6,2.47,223.11,23,0,,1,0,Mexico,iOS,0
504843,7,3.67,172.09,14,0,,0,0,Chile,iOS,0
502163,2,2.09,242.15,46,1,7.4,1,0,Colombia,iOS,0
505940,24,2.0,151.34,132,1,5.8,1,0,Mexico,Android,1
504936,15,1.02,323.42,14,2,9.1,0,0,Mexico,iOS,1
505865,9,0.58,358.28,6,0,,0,0,Panama,Android,1
504296,2,2.04,532.42,12,1,6.4,1,0,Republica Dominicana,Android,0
503123,4,3.2,506.77,38,1,9.1,0,0,Colombia,Android,0
505491,8,1.84,275.62,11,1,8.9,1,0,Peru,Android,0
501424,12,3.62,361.48,94,0,,0,0,Peru,iOS,0
503502,12,2.24,169.34,13,0,,0,0,Panama,Android,0
503411,14,1.3,391.83,21,2,7.3,0,1,Republica Dominicana,Android,0
502227,13,2.28,409.68,53,0,,1,0,Argentina,Android,1
500581,13,0.65,474.39,2,3,7.5,0,0,Chile,Android,0
503666,10,2.61,147.28,15,1,10.0,0,0,Colombia,iOS,0
504203,1,2.03,152.31,16,0,,0,0,Peru,Android,0
503412,13,3.07,250.5,25,0,,0,1,Espana,Android,0
501901,14,2.11,288.54,117,0,,0,0,Argentina,iOS,0
503625,55,3.92,285.16,2,1,7.7,0,0,Chile,iOS,0
505910,18,0.8,131.99,21,0,,1,0,Argentina,iOS,0
501450,13,0.82,548.49,59,1,7.6,1,0,Peru,Android,0
500829,10,3.29,332.5,13,0,,0,0,Espana,Android,0
503214,17,3.15,153.94,53,0,,0,1,Mexico,Android,0
503263,12,1.24,22.84,10,0,,1,1,Panama,Android,0
501955,6,1.45,356.83,24,0,,0,0,Mexico,Android,0
501454,34,0.73,539.25,43,0,,1,0,Colombia,Android,0
501135,9,1.04,419.08,15,2,10.0,0,1,Republica Dominicana,Android,0
501297,11,0.76,366.89,66,1,9.4,0,0,Mexico,iOS,1
502066,24,0.38,60.07,25,0,,0,0,Peru,Android,0
505361,7,2.82,135.0,12,0,,0,0,Colombia,Android,0
502526,38,2.95,39.33,54,1,6.9,0,0,Chile,Android,0
502808,12,2.74,599.0,34,1,7.1,0,1,Mexico,iOS,1
503906,10,0.43,564.99,37,0,,0,0,Chile,iOS,0
504730,4,1.53,42.79,39,1,7.7,0,0,Colombia,iOS,0
502865,8,0.91,77.52,73,1,10.0,1,0,Argentina,iOS,0
502119,6,1.83,41.23,21,3,8.2,0,1,Chile,Android,0
503616,27,1.06,300.73,15,0,,0,1,Espana,iOS,0
505333,15,6.4,237.92,9,2,9.2,1,0,Chile,Android,0
501704,4,0.72,232.58,12,0,,0,0,Mexico,Android,0
503503,15,1.44,298.78,24,0,,1,0,Colombia,Android,0
503147,9,5.0,188.62,50,1,8.5,0,0,Mexico,Android,0
500954,13,2.49,345.91,46,3,6.2,0,0,Peru,Android,1
500639,3,5.85,256.27,53,0,,0,1,Mexico,Android,1
502093,10,0.72,141.57,54,1,8.7,1,0,Chile,Android,0
501429,25,1.09,35.23,81,2,8.8,0,0,Colombia,Android,1
502961,9,4.6,250.1,41,0,,0,1,Espana,iOS,0
502978,29,7.47,585.0,11,1,8.6,1,1,Colombia,Android,0
504064,4,2.74,255.88,78,1,4.6,0,0,Espana,iOS,1
501978,10,3.89,554.82,17,0,,1,0,Mexico,Android,0
502233,26,1.19,314.87,4,2,4.5,1,0,Peru,iOS,0
502920,24,6.26,358.34,29,0,,0,0,Colombia,iOS,0
502907,27,3.72,219.26,12,0,,1,0,Espana,iOS,0
505584,16,2.82,144.29,8,1,7.3,0,1,Argentina,Android,0
502154,51,6.99,565.34,44,0,,0,1,Mexico,iOS,0
503538,6,2.83,489.0,10,1,6.2,0,0,Colombia,Android,0
504684,16,0.34,165.63,29,1,5.2,0,0,Peru,iOS,0
502683,31,1.28,339.59,30,2,8.5,1,1,Republica Dominicana,Android,0
502686,27,3.53,675.4,20,0,,0,0,Argentina,iOS,0
504081,26,0.77,194.35,16,0,,0,1,Argentina,Android,0
503031,1,4.5,54.72,58,1,6.0,0,0,Espana,Android,1
504392,7,1.05,197.18,38,0,,1,0,Argentina,Android,0
501459,10,6.92,113.43,23,1,7.1,0,0,Mexico,iOS,0
504772,16,0.64,236.06,20,0,,1,0,Espana,Android,0
501819,2,1.87,314.09,3,0,,0,0,Espana,Android,1
505159,10,2.6,275.65,10,2,6.7,0,0,Argentina,Android,1
503541,15,1.41,217.29,24,0,,0,0,Peru,Android,0
504477,8,0.21,504.73,38,0,,0,1,Chile,Android,0
505809,22,0.38,68.05,5,0,,1,0,Republica Dominicana,iOS,0
505924,7,0.75,168.17,76,0,,0,0,Mexico,Android,1
504077,23,3.79,212.62,13,1,7.3,0,0,Argentina,Android,0
504315,8,2.7,101.32,20,0,,1,1,Espana,iOS,0
505144,7,4.9,517.54,94,1,8.3,1,0,Espana,iOS,0
505222,28,4.8,98.69,119,0,,0,0,Peru,iOS,0
504436,3,1.8,223.41,68,0,,0,0,Panama,Android,0
502889,9,1.11,349.63,26,1,4.0,1,1,Chile,Android,0
500919,2,1.86,194.37,17,2,6.7,1,0,Peru,iOS,0
501787,27,6.46,149.85,32,2,10.0,0,0,Mexico,Android,1
500185,3,3.98,658.3,50,0,,1,0,Mexico,Android,1
502675,15,4.11,128.42,33,0,,0,1,Republica Dominicana,iOS,0
505073,22,1.78,53.69,13,0,,0,0,Chile,iOS,0
500223,42,2.89,347.07,43,0,,0,0,Argentina,iOS,0
503025,25,7.65,374.39,61,0,,1,0,Peru,iOS,0
502208,6,1.13,248.56,3,2,8.3,0,0,Panama,Android,0
502194,17,0.67,378.64,10,1,7.6,0,0,Mexico,iOS,0
504809,30,3.97,184.78,101,0,,0,0,Panama,Android,0
504833,6,6.41,134.81,43,0,,1,0,Republica Dominicana,iOS,0
505547,24,0.21,302.07,95,1,9.4,0,0,Argentina,Android,1
505356,4,4.81,403.88,14,1,8.7,0,0,Espana,Android,0
505156,27,1.8,798.1,1,0,,0,0,Colombia,Android,0
503040,26,1.7,652.13,47,1,5.5,1,0,Espana,Android,0
502981,15,0.3,97.66,30,1,7.7,1,0,Espana,Android,0
505707,8,2.39,261.24,36,1,3.8,0,0,Chile,Android,0
505244,10,1.46,451.2,8,0,,0,0,Mexico,iOS,1
500859,14,1.25,133.26,11,2,8.5,0,0,Mexico,iOS,0
504440,17,0.38,361.69,36,0,,0,1,Mexico,Android,0
504473,14,2.04,167.62,3,0,,0,0,Espana,Android,0
503074,5,1.88,182.66,11,0,,1,1,Espana,Android,0
502968,46,3.69,377.62,56,1,4.6,0,1,Peru,iOS,0
503848,31,3.52,161.68,24,0,,0,1,Chile,Android,0
502806,32,2.83,87.59,58,0,,1,0,Argentina,Android,0
504839,10,1.76,360.17,37,0,,1,0,Mexico,Android,0
503215,14,5.23,383.12,1,1,7.8,0,0,Espana,Android,0
505693,37,4.0,248.13,11,0,,0,0,Panama,Android,0
501456,20,4.56,100.01,85,0,,1,1,Peru,iOS,0
502024,2,3.77,326.89,13,0,,0,0,Colombia,iOS,0
502821,20,1.21,174.7,4,1,8.9,0,0,Republica Dominicana,Android,0
502945,24,3.17,213.66,71,2,6.2,0,0,Argentina,iOS,0
503646,23,3.6,451.37,39,0,,0,0,Espana,Android,0
504953,41,1.75,482.43,130,1,8.6,1,1,Espana,Android,0
501060,36,1.31,589.74,92,1,5.1,0,0,Colombia,Android,0
500629,21,0.29,326.05,9,3,7.1,0,0,Espana,Android,0
503021,3,4.21,317.5,18,2,9.1,1,1,Republica Dominicana,iOS,0
501677,15,3.01,469.53,96,0,,0,0,Espana,Android,0
505196,14,5.9,389.4,24,0,,1,1,Espana,iOS,0
503894,24,2.51,230.79,17,0,,1,0,Espana,iOS,0
502411,28,2.26,317.58,79,1,7.6,1,0,Espana,Android,1
505948,29,0.28,156.55,39,0,,0,1,Colombia,iOS,0
504850,5,2.96,59.58,80,0,,1,0,Panama,Android,0
504931,5,4.83,39.59,17,0,,0,1,Colombia,Android,1
501744,13,6.05,47.88,15,0,,0,1,Espana,Android,0
503143,19,5.15,233.72,31,0,,1,0,Peru,Android,0
505797,11,1.47,45.28,15,1,4.7,0,1,Colombia,Android,0
501808,8,1.9,278.02,41,0,,0,0,Colombia,iOS,0
505719,22,7.74,396.46,13,1,8.3,0,1,Espana,Android,0
501567,5,2.72,99.21,56,0,,0,0,Chile,iOS,1
500647,5,1.11,341.76,9,1,9.6,0,1,Chile,Android,0
504951,7,3.25,508.93,9,0,,0,0,Peru,iOS,0
505047,45,8.73,155.76,3,0,,0,0,Mexico,Android,0
501847,35,1.06,228.83,63,0,,0,0,Espana,Android,0
502582,3,3.38,425.78,16,1,6.5,0,0,Chile,iOS,0
501591,17,1.4,462.28,7,1,4.5,0,0,Republica Dominicana,Android,0
504101,9,6.01,62.85,11,0,,0,0,Panama,iOS,0
501770,17,5.85,415.32,73,1,10.0,1,1,Panama,iOS,0
505926,14,1.67,156.41,101,1,4.8,0,0,Mexico,Android,0
504878,10,1.4,220.17,9,1,10.0,1,0,Mexico,Android,0
504971,6,2.08,107.57,11,1,5.5,0,0,Argentina,Android,0
501412,23,2.93,541.89,33,1,10.0,0,0,Espana,iOS,0
504943,4,3.11,133.52,14,0,,0,0,Chile,Android,0
502990,10,3.5,95.34,47,2,6.8,0,1,Colombia,Android,0
501369,10,3.88,64.58,44,0,,1,0,Republica Dominicana,iOS,0
502552,14,1.35,230.38,90,0,,1,1,Chile,Android,0
505399,18,5.16,344.15,64,1,9.6,0,0,Argentina,Android,0
505753,10,1.7,134.96,3,0,,1,0,Mexico,Android,0
500966,18,8.11,147.35,34,0,,0,1,Colombia,Android,0
500855,10,5.21,132.46,90,0,,0,0,Republica Dominicana,Android,0
504133,16,4.41,96.92,45,2,7.7,0,0,Espana,iOS,0
500886,28,0.64,483.96,53,0,,0,0,Espana,Android,0
500979,23,0.87,160.79,23,0,,1,1,Argentina,Android,0
501923,11,0.31,287.02,11,0,,1,0,Republica Dominicana,iOS,0
501660,9,3.57,106.91,22,0,,0,1,Colombia,Android,0
503784,9,0.31,162.17,58,0,,0,0,Colombia,iOS,1
502442,17,0.95,232.35,15,0,,0,1,Peru,Android,0
501476,10,2.88,521.56,29,1,7.7,0,0,Chile,Android,0
504461,33,0.91,157.6,12,0,,1,0,Mexico,Android,0
505383,10,2.32,534.98,39,1,6.5,0,0,Panama,Android,0
502856,23,1.59,65.6,70,0,,1,0,Panama,iOS,1
504233,17,2.78,265.62,63,1,7.9,1,0,Espana,Android,0
501558,10,3.09,569.15,73,0,,0,1,Panama,iOS,1
500591,21,4.86,225.34,19,0,,0,0,Argentina,Android,0
505962,15,3.5,132.06,26,0,,1,0,Chile,iOS,1
502441,14,4.39,275.96,20,2,6.6,0,1,Espana,iOS,0
501984,12,1.97,118.49,46,0,,0,0,Peru,Android,1
502146,32,2.45,210.13,25,1,3.7,0,0,Mexico,iOS,0
502333,10,5.29,376.6,23,0,,0,0,Peru,Android,0
503858,7,6.13,53.88,18,0,,0,1,Republica Dominicana,iOS,1
503962,3,1.62,68.2,17,2,7.7,1,0,Colombia,iOS,1
505203,26,5.29,347.16,11,0,,0,0,Peru,Android,0
501073,10,1.05,205.58,71,2,6.0,0,0,Argentina,Android,0
501125,8,1.98,37.45,25,1,8.8,0,1,Colombia,iOS,0
504517,12,1.41,184.13,67,1,5.1,0,0,Mexico,Android,0
502179,12,2.1,327.37,29,1,6.2,0,0,Colombia,iOS,1
501957,14,0.62,122.66,41,0,,1,0,Colombia,iOS,0
503774,16,9.62,227.08,47,0,,0,1,Mexico,iOS,0
501106,18,1.52,169.17,40,1,8.0,0,0,Panama,Android,0
500990,1,1.29,59.75,14,0,,0,1,Peru,Android,0
500193,2,0.9,142.17,37,0,,0,1,Panama,iOS,0
505965,15,1.56,78.63,56,0,,0,1,Republica Dominicana,Android,0
505240,14,1.44,450.51,20,1,4.0,1,0,Mexico,Android,0
501122,11,1.43,290.42,9,0,,0,0,Republica Dominicana,Android,0
501827,19,1.64,283.36,2,1,7.9,0,1,Mexico,iOS,0
502572,17,0.5,699.26,31,0,,0,0,Argentina,Android,0
500679,7,3.58,82.69,47,0,,1,0,Mexico,Android,0
505423,4,4.26,82.98,99,0,,1,0,Espana,Android,1
503377,4,3.67,96.47,98,0,,1,0,Colombia,iOS,1
505430,3,2.08,609.34,11,1,4.0,0,0,Mexico,iOS,0
500247,7,2.43,515.02,91,0,,0,0,Mexico,Android,1
504474,8,7.71,131.24,11,1,6.8,0,0,Espana,Android,0
502451,32,0.76,326.67,7,0,,1,0,Mexico,Android,0
501899,6,1.83,375.35,25,1,4.9,0,0,Espana,iOS,0
504494,8,2.38,311.33,45,1,10.0,0,0,Chile,iOS,0
504454,5,3.59,414.93,70,0,,0,1,Republica Dominicana,Android,0
500942,28,4.91,280.29,12,0,,0,0,Chile,Android,0
504888,14,3.57,164.9,67,1,7.0,1,0,Espana,Android,0
502870,8,1.67,373.55,20,0,,0,0,Panama,iOS,1
502159,12,3.91,93.38,15,3,8.8,0,1,Colombia,iOS,1
502034,4,2.0,268.29,39,0,,0,0,Mexico,Android,0
501930,2,3.4,227.61,55,0,,0,0,Republica Dominicana,iOS,1
504430,20,1.31,110.42,51,0,,0,0,Chile,iOS,0
502370,10,3.19,534.17,26,0,,1,0,Espana,Android,0
501055,8,5.92,153.85,98,0,,0,0,Panama,Android,1
504428,6,1.62,277.34,122,1,8.3,0,0,Chile,iOS,0
500938,4,2.43,185.65,35,0,,0,0,Colombia,Android,0
503109,11,0.73,481.83,51,1,4.0,0,0,Mexico,Android,0
501995,2,9.42,122.52,149,1,7.1,0,0,Mexico,iOS,1
503484,4,1.0,235.14,25,0,,1,0,Mexico,Android,0
503224,6,2.38,417.07,21,0,,0,0,Peru,Android,0
504822,41,1.48,209.61,9,0,,1,1,Argentina,Android,0
502184,31,1.07,886.06,84,0,,0,0,Chile,Android,0
502340,7,0.55,101.15,6,0,,0,0,Chile,Android,0
505102,21,5.56,108.78,8,1,5.0,1,0,Argentina,Android,0
502840,3,3.65,721.03,38,1,6.3,1,0,Chile,iOS,0
502434,8,1.99,1066.12,20,1,7.4,1,1,Republica Dominicana,Android,0
502010,12,1.21,231.4,17,0,,0,0,Argentina,iOS,1
505709,9,0.79,180.39,61,0,,0,0,Colombia,Android,0
501999,12,5.36,245.78,42,3,8.3,0,1,Chile,iOS,0
503595,1,3.61,321.92,20,0,,1,0,Colombia,Android,0
505852,9,4.91,661.28,44,0,,0,0,Colombia,iOS,0
505936,7,3.48,359.09,8,1,7.7,1,1,Peru,Android,0
504186,4,3.18,148.82,18,0,,1,0,Mexico,Android,0
501400,10,1.68,82.56,80,1,7.0,0,0,Mexico,Android,1
503171,16,1.75,341.82,14,0,,0,0,Chile,iOS,0
500594,5,1.7,332.36,80,0,,0,0,Republica Dominicana,iOS,1
504728,17,3.26,159.01,90,0,,1,0,Colombia,iOS,0
501715,17,3.73,46.55,95,2,10.0,1,0,Chile,iOS,0
502816,10,2.23,444.8,43,0,,0,0,Colombia,iOS,0
503817,8,1.81,435.28,31,2,8.8,0,0,Panama,Android,0
501140,20,2.02,52.44,36,0,,0,0,Chile,iOS,0
501813,35,2.61,46.58,49,2,8.1,0,0,Peru,Android,1
500112,9,2.09,319.02,21,0,,1,0,Chile,Android,0
500592,17,1.88,15.12,27,1,8.8,0,0,Chile,Android,0
504148,3,1.59,307.12,51,0,,1,0,Chile,Android,0
500299,12,1.75,288.89,10,1,8.0,0,0,Argentina,iOS,0
501158,10,1.43,627.71,19,0,,0,0,Espana,Android,1
500047,17,3.56,452.97,57,0,,0,0,Panama,Android,1
500116,15,2.77,243.02,21,0,,0,0,Mexico,Android,0
505653,25,2.66,148.28,26,0,,1,0,Colombia,Android,0
502076,8,7.28,195.34,22,2,4.6,0,0,Colombia,Android,1
500845,10,0.35,54.5,32,0,,0,1,Mexico,iOS,0
503431,12,2.14,433.21,49,0,,0,1,Argentina,Android,0
503830,20,0.66,272.16,14,1,8.6,0,0,Peru,iOS,0
501100,7,2.12,72.07,51,0,,0,0,Colombia,iOS,1
503356,28,0.9,309.02,9,1,5.4,0,0,Panama,Android,0
503856,4,1.62,251.72,21,2,4.9,1,0,Mexico,Android,0
503331,7,1.91,136.4,67,1,6.0,1,1,Peru,Android,0
505294,21,0.98,205.68,32,0,,1,0,Chile,iOS,0
501004,18,4.4,237.89,141,1,6.1,0,0,Espana,iOS,1
503322,1,1.14,601.99,64,2,7.9,1,1,Peru,Android,1
503039,6,6.1,250.06,45,2,5.0,1,1,Espana,Android,0
505633,21,1.32,376.12,20,1,6.5,1,0,Espana,Android,1
502954,28,4.44,73.22,12,0,,0,0,Espana,Android,0
504657,13,0.95,128.27,5,3,7.1,0,0,Peru,Android,0
501066,13,2.3,41.09,28,1,7.6,1,1,Colombia,Android,0
502708,9,4.23,230.13,77,1,6.9,1,0,Peru,iOS,0
503704,34,0.97,103.96,60,1,4.5,0,0,Espana,Android,0
501497,30,6.61,501.65,6,0,,0,0,Espana,Android,0
502654,7,1.47,222.66,20,0,,1,1,Colombia,Android,0
500987,5,0.54,198.32,66,0,,0,0,Mexico,iOS,0
503218,23,4.3,382.61,37,2,10.0,0,0,Argentina,Android,0
503468,3,1.45,222.18,11,0,,0,0,Panama,Android,0
501857,23,3.56,180.28,21,0,,0,0,Mexico,Android,0
502588,6,5.33,185.0,115,1,7.9,0,1,Colombia,Android,0
502424,11,0.34,96.35,7,0,,0,0,Republica Dominicana,iOS,0
500290,13,5.13,132.48,22,2,6.7,0,0,Republica Dominicana,iOS,1
505115,6,1.22,485.94,24,1,8.2,0,0,Colombia,Android,0
502461,24,10.82,319.29,11,0,,0,1,Mexico,Android,0
503593,15,5.68,424.91,13,0,,0,0,Mexico,Android,0
505167,25,4.07,365.7,24,0,,0,0,Mexico,Android,0
504325,3,1.58,383.76,15,0,,0,0,Colombia,Android,0
502468,4,6.21,245.41,31,1,7.8,1,0,Peru,Android,0
500921,5,0.26,277.85,11,0,,0,0,Colombia,iOS,0
505077,10,2.32,442.21,36,0,,0,1,Chile,Android,0
502011,24,1.12,362.71,19,0,,1,0,Colombia,iOS,0
504927,18,0.98,158.01,33,0,,0,0,Colombia,iOS,1
502592,16,3.31,148.47,25,2,7.3,0,0,Mexico,Android,0
503108,13,0.77,162.59,134,1,8.4,1,0,Mexico,Android,1
504507,8,9.91,182.1,25,1,4.6,0,1,Panama,iOS,1
505075,12,2.6,310.82,112,0,,0,0,Mexico,iOS,0
502164,16,2.72,387.6,7,1,8.1,1,1,Mexico,Android,0
504828,8,3.45,236.72,57,1,7.2,0,0,Argentina,Android,1
502368,8,5.96,311.35,33,1,6.8,0,0,Espana,iOS,0
504145,25,1.2,275.95,36,1,6.6,0,0,Mexico,Android,0
500983,6,3.57,98.54,4,0,,1,0,Colombia,Android,0
501070,5,8.25,446.74,118,0,,0,0,Colombia,iOS,0
500098,39,2.84,334.98,16,0,,0,0,Peru,Android,0
502170,18,4.83,255.2,2,0,,0,0,Republica Dominicana,Android,0
500585,15,1.31,350.76,24,1,8.6,0,0,Panama,Android,0
503328,24,1.24,341.93,8,0,,0,0,Mexico,iOS,0
500971,14,2.57,99.82,22,1,5.5,0,0,Peru,iOS,1
501961,60,2.9,35.36,7,0,,0,0,Panama,Android,0
502992,11,4.19,244.73,18,1,8.1,1,0,Argentina,iOS,0
500977,13,2.68,514.7,28,2,4.0,1,0,Mexico,Android,0
503707,10,0.8,183.22,29,0,,0,0,Panama,Android,0
503244,12,2.94,255.75,94,1,6.4,1,0,Espana,iOS,0
501842,3,5.03,92.59,26,3,6.4,0,0,Mexico,Android,1
503513,17,2.01,774.97,58,0,,1,0,Colombia,iOS,1
500540,12,4.28,292.19,11,2,5.9,0,0,Argentina,Android,0
505503,6,8.65,726.29,5,0,,0,0,Argentina,iOS,0
500457,7,7.05,362.05,1,0,,0,0,Peru,Android,0
502657,6,2.12,56.44,24,0,,0,0,Espana,Android,0
500250,15,0.98,126.48,14,0,,0,0,Espana,Android,0
503172,11,0.45,413.39,45,1,5.7,1,0,Mexico,Android,0
501872,18,3.09,200.35,72,0,,1,0,Mexico,iOS,1
500340,5,1.87,256.72,91,1,7.9,1,0,Peru,iOS,0
502122,18,1.82,373.31,19,2,5.2,0,0,Argentina,Android,0
502292,50,5.48,229.38,12,1,5.1,1,1,Colombia,iOS,0
504119,17,2.57,258.84,36,1,8.0,1,1,Colombia,Android,0
504651,5,2.83,429.86,3,2,7.8,1,1,Chile,iOS,0
502941,22,0.7,223.91,6,0,,0,0,Espana,Android,0
503809,14,5.69,202.47,58,1,7.9,0,1,Argentina,Android,1
505324,22,3.73,576.72,39,1,9.2,0,0,Espana,Android,0
502350,9,1.01,878.2,14,0,,0,0,Argentina,Android,0
502084,2,4.67,160.88,22,1,5.7,1,0,Espana,iOS,0
503301,13,0.49,225.63,65,0,,0,1,Panama,iOS,0
505622,21,3.33,128.66,56,0,,0,0,Panama,Android,0
505610,19,0.98,152.44,64,0,,0,1,Peru,iOS,1
501993,6,3.03,198.39,146,0,,0,1,Colombia,iOS,0
505220,8,1.64,133.69,11,0,,0,0,Chile,Android,0
502493,7,0.8,78.55,30,2,8.7,0,1,Argentina,iOS,0
505808,8,2.49,280.16,46,1,7.1,0,1,Colombia,iOS,0
502072,25,3.04,143.92,26,1,8.2,0,1,Argentina,iOS,0
500384,12,2.72,208.73,17,0,,1,0,Mexico,Android,0
501636,11,5.83,516.27,47,0,,0,1,Republica Dominicana,Android,0
501402,7,1.02,687.71,19,1,8.3,0,0,Argentina,Android,0
502890,10,1.39,437.63,4,1,7.6,0,0,Mexico,Android,0
500019,24,2.4,172.03,22,0,,0,1,Espana,Android,0
502258,11,5.71,278.94,50,0,,1,1,Mexico,iOS,0
501414,20,2.55,223.44,35,2,8.1,0,1,Mexico,iOS,0
503659,8,5.98,510.08,21,0,,0,1,Chile,iOS,0
501894,6,0.17,50.81,7,0,,1,0,Peru,iOS,0
502180,17,3.63,128.96,23,0,,0,0,Chile,Android,0
500974,16,1.57,396.66,10,2,4.1,0,0,Mexico,Android,0
504733,29,2.19,144.58,15,0,,0,0,Mexico,iOS,0
503122,12,2.49,604.34,47,1,10.0,0,1,Chile,Android,0
505278,11,3.28,171.22,25,1,7.2,1,0,Peru,Android,0
504132,16,0.74,393.9,56,2,5.9,0,1,Peru,iOS,0
505826,36,2.6,382.76,25,2,7.3,0,0,Mexico,Android,0
501844,13,4.61,306.32,13,0,,1,0,Argentina,Android,0
504859,26,2.56,220.48,101,1,4.2,0,0,Espana,Android,1
503635,20,2.77,429.9,32,1,10.0,0,1,Argentina,iOS,0
503469,27,1.17,197.35,9,2,7.3,0,0,Peru,iOS,0
503762,4,1.29,93.16,55,1,6.9,0,0,Espana,Android,0
503313,21,2.21,282.51,36,1,9.2,1,0,Mexico,Android,0
505130,11,2.11,243.49,6,0,,1,0,Colombia,iOS,0
502219,4,0.5,162.01,52,0,,1,0,Chile,Android,1
500641,6,0.12,131.99,31,1,5.8,0,0,Chile,Android,1
505900,22,2.02,90.72,11,0,,0,0,Mexico,iOS,0
505793,24,2.19,500.09,57,1,4.5,0,0,Mexico,iOS,0
504905,20,0.8,243.88,41,0,,0,1,Republica Dominicana,Android,0
504062,18,2.67,20.27,11,0,,0,0,Peru,Android,0
500530,5,2.44,106.91,35,1,5.2,0,1,Colombia,Android,0
501095,30,1.58,120.75,8,0,,1,1,Espana,Android,0
503601,1,8.77,110.25,33,0,,0,0,Espana,Android,0
505582,12,1.89,580.63,41,3,6.5,1,1,Mexico,Android,0
505432,45,2.29,197.85,23,0,,0,0,Argentina,iOS,0
504653,31,1.05,327.34,71,0,,1,0,Chile,iOS,1
504262,12,1.58,257.92,91,1,10.0,0,0,Chile,iOS,1
501458,7,3.23,230.73,22,0,,0,0,Espana,Android,0
504774,3,1.12,614.03,18,2,8.2,0,0,Chile,iOS,0
504067,4,7.48,525.07,11,0,,0,0,Espana,Android,0
500089,4,1.35,571.37,11,0,,1,0,Chile,Android,0
500427,12,0.53,166.68,21,2,10.0,0,1,Republica Dominicana,Android,0
502071,16,0.28,208.34,29,0,,0,0,Colombia,Android,0
500433,5,4.06,207.4,61,1,8.2,0,0,Republica Dominicana,iOS,0
505573,7,3.29,90.14,33,0,,1,1,Colombia,Android,0
504339,8,8.44,734.73,79,0,,0,1,Republica Dominicana,Android,0
500153,16,5.07,272.66,17,0,,0,1,Mexico,iOS,0
505254,6,2.63,133.44,35,1,8.7,1,1,Colombia,Android,0
501870,10,2.3,111.54,41,0,,0,0,Espana,Android,0
504698,18,1.03,90.65,13,1,7.1,0,1,Espana,Android,0
503460,10,0.98,576.35,26,0,,0,0,Chile,iOS,0
502041,9,1.36,303.55,35,0,,0,1,Colombia,Android,0
503759,5,0.18,218.53,38,0,,0,0,Peru,Android,0
501354,16,3.61,764.31,17,0,,0,0,Argentina,Android,0
500090,14,2.47,172.05,31,2,6.4,0,0,Mexico,iOS,0
503112,29,7.4,139.56,24,0,,0,0,Espana,Android,0
500610,9,1.36,337.31,11,1,9.1,0,1,Argentina,iOS,0
500141,4,5.05,172.84,57,1,5.4,1,0,Mexico,Android,0
504372,9,3.45,527.38,14,2,7.7,0,0,Espana,Android,0
502695,13,1.79,312.61,72,1,5.6,0,1,Colombia,Android,0
500003,9,1.94,179.01,27,0,,1,0,Panama,Android,0
501045,4,1.03,249.91,5,0,,1,0,Chile,Android,0
505307,16,0.85,290.35,29,0,,0,0,Chile,Android,0
503696,3,1.4,95.54,6,0,,0,0,Mexico,iOS,0
502914,8,2.47,179.93,6,2,4.7,0,0,Panama,Android,1
503946,26,3.7,247.82,27,0,,1,0,Chile,Android,0
500161,12,0.98,199.13,55,0,,0,0,Republica Dominicana,Android,0
501743,20,1.58,205.03,39,1,7.6,0,0,Panama,Android,0
505323,28,1.37,541.12,25,0,,0,0,Espana,iOS,0
503235,5,1.57,101.8,30,0,,0,0,Mexico,Android,1
501101,4,3.47,265.37,6,0,,1,0,Espana,iOS,0
502720,16,5.15,805.32,29,0,,0,0,Argentina,Android,1
504441,33,2.07,231.59,111,0,,1,0,Argentina,Android,0
504298,20,1.82,355.28,41,0,,0,0,Argentina,iOS,0
504243,26,2.03,322.92,43,2,4.7,0,0,Colombia,Android,0
504958,9,1.6,100.67,17,1,6.0,0,0,Chile,Android,1
501525,6,1.53,578.61,22,1,5.7,0,0,Chile,Android,1
501276,42,1.34,353.14,40,1,8.1,1,0,Republica Dominicana,Android,0
500365,13,8.71,427.18,26,0,,0,0,Colombia,Android,0
502113,7,1.51,115.69,7,1,6.9,1,1,Chile,Android,0
503730,21,1.41,126.41,30,1,7.1,0,0,Mexico,Android,0
503672,4,2.17,139.28,20,0,,0,0,Espana,Android,0
500451,7,5.22,171.36,19,0,,0,0,Panama,Android,0
505110,13,1.88,392.86,31,1,6.8,1,1,Colombia,Android,0
500764,19,1.6,193.51,8,2,5.6,0,0,Argentina,Android,0
504320,23,1.55,285.85,3,0,,0,0,Colombia,iOS,0
504349,16,1.89,245.68,10,1,6.1,0,0,Republica Dominicana,Android,0
504536,25,6.27,806.92,83,1,4.9,0,0,Espana,Android,0
505438,2,2.03,391.34,32,1,6.1,1,1,Mexico,Android,0
501435,6,0.79,114.74,31,0,,1,0,Mexico,iOS,1
503383,5,1.62,363.19,5,0,,0,0,Mexico,iOS,0
505973,5,0.35,64.06,34,0,,1,0,Peru,Android,0
505840,12,1.27,257.48,10,1,5.1,0,0,Espana,Android,0
503352,8,0.9,393.63,75,1,4.8,0,0,Mexico,iOS,1
503757,23,2.01,111.41,2,1,7.9,0,1,Espana,Android,0
504513,4,1.47,96.03,47,1,8.2,1,0,Espana,Android,0
501597,4,4.49,94.2,69,1,7.0,1,0,Panama,Android,0
501082,9,3.52,130.54,61,0,,0,1,Peru,Android,0
504073,11,4.4,1178.12,36,0,,0,0,Espana,Android,0
500830,12,2.42,382.14,49,0,,1,1,Republica Dominicana,iOS,0
501613,32,0.55,313.55,96,1,5.7,0,0,Colombia,Android,1
502197,12,2.07,236.93,70,1,7.0,0,0,Espana,Android,1
504588,12,3.04,266.37,55,2,5.1,0,0,Espana,Android,0
505737,11,0.87,298.1,91,1,6.0,0,0,Argentina,Android,1
500732,7,0.1,39.96,59,0,,0,0,Argentina,Android,1
501979,7,1.1,65.11,35,0,,1,1,Chile,iOS,0
505563,15,0.6,396.55,97,1,6.3,0,1,Chile,Android,0
500828,11,11.21,325.23,20,1,9.1,1,0,Espana,Android,0
504234,13,4.33,190.42,7,0,,1,0,Colombia,Android,0
500248,20,5.38,115.12,44,0,,1,1,Panama,Android,0
501230,25,0.1,243.16,1,0,,1,0,Chile,Android,0
503504,2,0.69,352.34,26,0,,0,1,Mexico,Android,0
502779,11,2.39,161.57,35,1,6.5,1,0,Republica Dominicana,Android,0
503821,5,4.72,101.98,16,0,,1,0,Espana,Android,0
502091,3,5.59,385.49,13,0,,1,0,Espana,iOS,1
501854,16,0.98,346.04,7,1,7.4,1,0,Argentina,iOS,0
504791,10,2.25,303.54,16,0,,0,0,Chile,Android,0
503291,4,1.28,197.78,63,0,,0,0,Republica Dominicana,Android,0
503549,9,0.88,456.75,8,0,,1,0,Chile,iOS,0
502663,14,1.93,59.11,35,1,6.9,0,0,Chile,Android,1
505085,32,3.31,253.22,45,1,8.6,0,0,Argentina,Android,0
505834,25,5.08,94.99,33,0,,1,0,Colombia,Android,1
504531,15,1.35,215.89,64,1,5.5,1,0,Mexico,Android,1
503912,14,1.55,284.82,60,0,,1,0,Colombia,iOS,0
505879,26,1.64,113.37,28,1,7.6,0,1,Republica Dominicana,iOS,1
505109,2,1.29,139.31,3,0,,0,0,Espana,Android,0
503615,37,0.6,139.35,56,2,4.6,0,0,Mexico,Android,0
505016,8,3.29,457.07,22,1,10.0,1,0,Espana,Android,0
503724,17,2.85,41.58,49,3,5.9,0,0,Mexico,iOS,1
500606,17,1.93,401.64,12,0,,0,0,Espana,Android,0
503422,19,2.68,269.7,45,0,,0,1,Espana,Android,0
502595,10,4.47,138.54,13,1,9.9,1,0,Colombia,Android,0
505488,6,3.67,451.5,13,0,,1,0,Argentina,Android,0
500673,17,1.62,205.39,4,0,,0,0,Argentina,iOS,0
503419,7,1.18,106.48,101,1,7.7,0,0,Espana,Android,1
502021,23,1.02,153.69,31,0,,0,0,Peru,iOS,0
500968,20,5.17,480.49,131,0,,0,1,Republica Dominicana,iOS,0
504391,17,2.13,209.07,4,0,,0,0,Colombia,iOS,0
504762,11,1.55,143.87,58,0,,1,1,Espana,Android,0
504557,20,1.49,540.12,16,0,,1,0,Colombia,Android,0
